#1 [2026-09-12T07:29:55.633Z] (388422ms) POLL_RAW {"success":true,"status":"OK","command":"POLL","info":{}}
#2 [2026-09-12T07:29:55.793Z] (388582ms) POLL_RAW {"success":true,"status":"OK","command":"POLL","info":{}}
#3 [2026-09-12T07:29:55.953Z] (388742ms) POLL_RAW {"success":true,"status":"OK","command":"POLL","info":{}}
#4 [2026-09-12T07:29:56.113Z] (388902ms) POLL_RAW {"success":true,"status":"OK","command":"POLL","info":{}}
#5 [2026-09-12T07:29:56.274Z] (389063ms) POLL_RAW {"success":true,"status":"OK","command":"POLL","info":{}}
#6 [2026-09-12T07:29:56.433Z] (389222ms) POLL_RAW {"success":true,"status":"OK","command":"POLL","info":{}}
#7 [2026-09-12T07:29:56.593Z] (389382ms) POLL_RAW {"success":true,"status":"OK","command":"POLL","info":{}}
#8 [2026-09-12T07:29:56.754Z] (389543ms) POLL_RAW {"success":true,"status":"OK","command":"POLL","info":{}}
#9 [2026-09-12T07:29:56.913Z] (389702ms) POLL_RAW {"success":true,"status":"OK","command":"POLL","info":{}}
#10 [2026-09-12T07:29:57.075Z] (389864ms) POLL_RAW {"success":true,"status":"OK","command":"POLL","info":{}}
#11 [2026-09-12T07:29:57.393Z] (390182ms) POLL_RAW {"success":true,"status":"OK","command":"POLL","info":[{"code":232,"name":"DISABLED","description":"The device is not active and unavailable for normal validation functions."}]}
#12 [2026-09-12T07:29:57.552Z] (390341ms) POLL_RAW {"success":true,"status":"OK","command":"POLL","info":[{"code":232,"name":"DISABLED","description":"The device is not active and unavailable for normal validation functions."}]}
#13 [2026-09-12T07:30:01.488Z] (394277ms) POLL_RAW {"success":true,"status":"OK","command":"POLL","info":{}}
#14 [2026-09-12T07:30:01.647Z] (394437ms) POLL_RAW {"success":true,"status":"OK","command":"POLL","info":{}}
#15 [2026-09-12T07:30:01.809Z] (394599ms) POLL_RAW {"success":true,"status":"OK","command":"POLL","info":{}}
#16 [2026-09-12T07:30:01.967Z] (394757ms) POLL_RAW {"success":true,"status":"OK","command":"POLL","info":{}}
#17 [2026-09-12T07:30:02.127Z] (394916ms) POLL_RAW {"success":true,"status":"OK","command":"POLL","info":{}}
#18 [2026-09-12T07:30:02.287Z] (395077ms) POLL_RAW {"success":true,"status":"OK","command":"POLL","info":{}}
#19 [2026-09-12T07:30:02.447Z] (395237ms) POLL_RAW {"success":true,"status":"OK","command":"POLL","info":{}}
#20 [2026-09-12T07:30:02.607Z] (395397ms) POLL_RAW {"success":true,"status":"OK","command":"POLL","info":{}}
#21 [2026-09-12T07:30:02.768Z] (395557ms) POLL_RAW {"success":true,"status":"OK","command":"POLL","info":{}}
#22 [2026-09-12T07:30:02.929Z] (395718ms) POLL_RAW {"success":true,"status":"OK","command":"POLL","info":{}}
#23 [2026-09-12T07:30:03.088Z] (395877ms) POLL_RAW {"success":true,"status":"OK","command":"POLL","info":{}}
#24 [2026-09-12T07:30:03.249Z] (396038ms) POLL_RAW {"success":true,"status":"OK","command":"POLL","info":{}}
#25 [2026-09-12T07:30:03.408Z] (396197ms) POLL_RAW {"success":true,"status":"OK","command":"POLL","info":{}}
#26 [2026-09-12T07:30:03.568Z] (396357ms) POLL_RAW {"success":true,"status":"OK","command":"POLL","info":{}}
#27 [2026-09-12T07:30:03.727Z] (396516ms) POLL_RAW {"success":true,"status":"OK","command":"POLL","info":{}}
#28 [2026-09-12T07:30:03.887Z] (396676ms) POLL_RAW {"success":true,"status":"OK","command":"POLL","info":{}}
#29 [2026-09-12T07:30:04.048Z] (396837ms) POLL_RAW {"success":true,"status":"OK","command":"POLL","info":{}}
#30 [2026-09-12T07:30:04.208Z] (396997ms) POLL_RAW {"success":true,"status":"OK","command":"POLL","info":{}}
#31 [2026-09-12T07:30:04.368Z] (397157ms) POLL_RAW {"success":true,"status":"OK","command":"POLL","info":{}}
#32 [2026-09-12T07:30:04.527Z] (397316ms) POLL_RAW {"success":true,"status":"OK","command":"POLL","info":{}}
#33 [2026-09-12T07:30:04.687Z] (397476ms) POLL_RAW {"success":true,"status":"OK","command":"POLL","info":{}}
#34 [2026-09-12T07:30:04.847Z] (397636ms) POLL_RAW {"success":true,"status":"OK","command":"POLL","info":{}}
#35 [2026-09-12T07:30:05.007Z] (397797ms) POLL_RAW {"success":true,"status":"OK","command":"POLL","info":{}}
#36 [2026-09-12T07:30:05.168Z] (397957ms) POLL_RAW {"success":true,"status":"OK","command":"POLL","info":{}}
#37 [2026-09-12T07:30:05.328Z] (398117ms) POLL_RAW {"success":true,"status":"OK","command":"POLL","info":{}}
#38 [2026-09-12T07:30:05.487Z] (398276ms) POLL_RAW {"success":true,"status":"OK","command":"POLL","info":{}}
#39 [2026-09-12T07:30:05.646Z] (398435ms) POLL_RAW {"success":true,"status":"OK","command":"POLL","info":{}}
#40 [2026-09-12T07:30:05.808Z] (398597ms) POLL_RAW {"success":true,"status":"OK","command":"POLL","info":{}}
#41 [2026-09-12T07:30:05.968Z] (398757ms) POLL_RAW {"success":true,"status":"OK","command":"POLL","info":{}}
#42 [2026-09-12T07:30:06.128Z] (398917ms) POLL_RAW {"success":true,"status":"OK","command":"POLL","info":{}}
#43 [2026-09-12T07:30:06.286Z] (399075ms) POLL_RAW {"success":true,"status":"OK","command":"POLL","info":{}}
#44 [2026-09-12T07:30:06.447Z] (399236ms) POLL_RAW {"success":true,"status":"OK","command":"POLL","info":{}}
#45 [2026-09-12T07:30:06.607Z] (399396ms) POLL_RAW {"success":true,"status":"OK","command":"POLL","info":{}}
#46 [2026-09-12T07:30:06.766Z] (399555ms) POLL_RAW {"success":true,"status":"OK","command":"POLL","info":{}}
#47 [2026-09-12T07:30:06.927Z] (399716ms) POLL_RAW {"success":true,"status":"OK","command":"POLL","info":{}}
#48 [2026-09-12T07:30:07.087Z] (399876ms) POLL_RAW {"success":true,"status":"OK","command":"POLL","info":{}}
#49 [2026-09-12T07:30:07.247Z] (400036ms) POLL_RAW {"success":true,"status":"OK","command":"POLL","info":{}}
#50 [2026-09-12T07:30:07.406Z] (400195ms) POLL_RAW {"success":true,"status":"OK","command":"POLL","info":{}}
#51 [2026-09-12T07:30:07.726Z] (400516ms) POLL_RAW {"success":true,"status":"OK","command":"POLL","info":{}}
#52 [2026-09-12T07:30:07.886Z] (400675ms) POLL_RAW {"success":true,"status":"OK","command":"POLL","info":{}}
#53 [2026-09-12T07:30:08.046Z] (400835ms) POLL_RAW {"success":true,"status":"OK","command":"POLL","info":{}}
#54 [2026-09-12T07:30:08.205Z] (400994ms) POLL_RAW {"success":true,"status":"OK","command":"POLL","info":{}}
#55 [2026-09-12T07:30:08.366Z] (401155ms) POLL_RAW {"success":true,"status":"OK","command":"POLL","info":{}}
#56 [2026-09-12T07:30:08.527Z] (401316ms) POLL_RAW {"success":true,"status":"OK","command":"POLL","info":{}}
#57 [2026-09-12T07:30:08.686Z] (401475ms) POLL_RAW {"success":true,"status":"OK","command":"POLL","info":{}}
#58 [2026-09-12T07:30:08.847Z] (401636ms) POLL_RAW {"success":true,"status":"OK","command":"POLL","info":{}}
#59 [2026-09-12T07:30:09.006Z] (401795ms) POLL_RAW {"success":true,"status":"OK","command":"POLL","info":{}}
#60 [2026-09-12T07:30:09.167Z] (401956ms) POLL_RAW {"success":true,"status":"OK","command":"POLL","info":{}}
#61 [2026-09-12T07:30:09.326Z] (402115ms) POLL_RAW {"success":true,"status":"OK","command":"POLL","info":{}}
#62 [2026-09-12T07:30:09.486Z] (402275ms) POLL_RAW {"success":true,"status":"OK","command":"POLL","info":{}}
#63 [2026-09-12T07:30:09.645Z] (402434ms) POLL_RAW {"success":true,"status":"OK","command":"POLL","info":{}}
#64 [2026-09-12T07:30:09.805Z] (402595ms) POLL_RAW {"success":true,"status":"OK","command":"POLL","info":{}}
#65 [2026-09-12T07:30:09.965Z] (402754ms) POLL_RAW {"success":true,"status":"OK","command":"POLL","info":{}}
#66 [2026-09-12T07:30:10.125Z] (402914ms) POLL_RAW {"success":true,"status":"OK","command":"POLL","info":{}}
#67 [2026-09-12T07:30:10.286Z] (403075ms) POLL_RAW {"success":true,"status":"OK","command":"POLL","info":{}}
#68 [2026-09-12T07:30:10.445Z] (403234ms) POLL_RAW {"success":true,"status":"OK","command":"POLL","info":{}}
#69 [2026-09-12T07:30:10.605Z] (403394ms) POLL_RAW {"success":true,"status":"OK","command":"POLL","info":{}}
#70 [2026-09-12T07:30:10.766Z] (403555ms) POLL_RAW {"success":true,"status":"OK","command":"POLL","info":{}}
#71 [2026-09-12T07:30:10.925Z] (403714ms) POLL_RAW {"success":true,"status":"OK","command":"POLL","info":{}}
#72 [2026-09-12T07:30:11.085Z] (403874ms) POLL_RAW {"success":true,"status":"OK","command":"POLL","info":{}}
#73 [2026-09-12T07:30:11.245Z] (404034ms) POLL_RAW {"success":true,"status":"OK","command":"POLL","info":{}}
#74 [2026-09-12T07:30:11.406Z] (404195ms) POLL_RAW {"success":true,"status":"OK","command":"POLL","info":{}}
#75 [2026-09-12T07:30:11.565Z] (404354ms) POLL_RAW {"success":true,"status":"OK","command":"POLL","info":{}}
#76 [2026-09-12T07:30:11.725Z] (404514ms) POLL_RAW {"success":true,"status":"OK","command":"POLL","info":{}}
#77 [2026-09-12T07:30:11.886Z] (404675ms) POLL_RAW {"success":true,"status":"OK","command":"POLL","info":{}}
#78 [2026-09-12T07:30:12.046Z] (404835ms) POLL_RAW {"success":true,"status":"OK","command":"POLL","info":{}}
#79 [2026-09-12T07:30:12.205Z] (404994ms) POLL_RAW {"success":true,"status":"OK","command":"POLL","info":{}}
#80 [2026-09-12T07:30:12.365Z] (405154ms) POLL_RAW {"success":true,"status":"OK","command":"POLL","info":{}}
#81 [2026-09-12T07:30:12.525Z] (405314ms) POLL_RAW {"success":true,"status":"OK","command":"POLL","info":{}}
#82 [2026-09-12T07:30:12.684Z] (405473ms) POLL_RAW {"success":true,"status":"OK","command":"POLL","info":{}}
#83 [2026-09-12T07:30:12.844Z] (405633ms) POLL_RAW {"success":true,"status":"OK","command":"POLL","info":{}}
#84 [2026-09-12T07:30:13.004Z] (405793ms) POLL_RAW {"success":true,"status":"OK","command":"POLL","info":{}}
#85 [2026-09-12T07:30:13.164Z] (405953ms) POLL_RAW {"success":true,"status":"OK","command":"POLL","info":{}}
#86 [2026-09-12T07:30:13.324Z] (406113ms) POLL_RAW {"success":true,"status":"OK","command":"POLL","info":{}}
#87 [2026-09-12T07:30:13.484Z] (406273ms) POLL_RAW {"success":true,"status":"OK","command":"POLL","info":{}}
#88 [2026-09-12T07:30:13.644Z] (406433ms) POLL_RAW {"success":true,"status":"OK","command":"POLL","info":{}}
#89 [2026-09-12T07:30:13.804Z] (406593ms) POLL_RAW {"success":true,"status":"OK","command":"POLL","info":{}}
#90 [2026-09-12T07:30:13.964Z] (406753ms) POLL_RAW {"success":true,"status":"OK","command":"POLL","info":{}}
#91 [2026-09-12T07:30:14.124Z] (406913ms) POLL_RAW {"success":true,"status":"OK","command":"POLL","info":{}}
#92 [2026-09-12T07:30:14.284Z] (407073ms) POLL_RAW {"success":true,"status":"OK","command":"POLL","info":{}}
#93 [2026-09-12T07:30:14.444Z] (407233ms) POLL_RAW {"success":true,"status":"OK","command":"POLL","info":{}}
#94 [2026-09-12T07:30:14.604Z] (407393ms) POLL_RAW {"success":true,"status":"OK","command":"POLL","info":{}}
#95 [2026-09-12T07:30:14.764Z] (407553ms) POLL_RAW {"success":true,"status":"OK","command":"POLL","info":{}}
#96 [2026-09-12T07:30:14.924Z] (407713ms) POLL_RAW {"success":true,"status":"OK","command":"POLL","info":{}}
#97 [2026-09-12T07:30:15.084Z] (407873ms) POLL_RAW {"success":true,"status":"OK","command":"POLL","info":{}}
#98 [2026-09-12T07:30:15.244Z] (408033ms) POLL_RAW {"success":true,"status":"OK","command":"POLL","info":{}}
#99 [2026-09-12T07:30:15.403Z] (408192ms) POLL_RAW {"success":true,"status":"OK","command":"POLL","info":{}}
#100 [2026-09-12T07:30:15.563Z] (408352ms) POLL_RAW {"success":true,"status":"OK","command":"POLL","info":{}}
#101 [2026-09-12T07:30:15.724Z] (408513ms) POLL_RAW {"success":true,"status":"OK","command":"POLL","info":{}}
#102 [2026-09-12T07:30:15.883Z] (408672ms) POLL_RAW {"success":true,"status":"OK","command":"POLL","info":{}}
#103 [2026-09-12T07:30:16.043Z] (408832ms) POLL_RAW {"success":true,"status":"OK","command":"POLL","info":{}}
#104 [2026-09-12T07:30:16.203Z] (408992ms) POLL_RAW {"success":true,"status":"OK","command":"POLL","info":{}}
#105 [2026-09-12T07:30:16.363Z] (409153ms) POLL_RAW {"success":true,"status":"OK","command":"POLL","info":{}}
#106 [2026-09-12T07:30:16.523Z] (409312ms) POLL_RAW {"success":true,"status":"OK","command":"POLL","info":{}}
#107 [2026-09-12T07:30:16.683Z] (409472ms) POLL_RAW {"success":true,"status":"OK","command":"POLL","info":{}}
#108 [2026-09-12T07:30:16.844Z] (409633ms) POLL_RAW {"success":true,"status":"OK","command":"POLL","info":{}}
#109 [2026-09-12T07:30:17.003Z] (409792ms) POLL_RAW {"success":true,"status":"OK","command":"POLL","info":{}}
#110 [2026-09-12T07:30:17.163Z] (409952ms) POLL_RAW {"success":true,"status":"OK","command":"POLL","info":{}}
#111 [2026-09-12T07:30:17.323Z] (410112ms) POLL_RAW {"success":true,"status":"OK","command":"POLL","info":{}}
#112 [2026-09-12T07:30:17.483Z] (410272ms) POLL_RAW {"success":true,"status":"OK","command":"POLL","info":{}}
#113 [2026-09-12T07:30:17.643Z] (410432ms) POLL_RAW {"success":true,"status":"OK","command":"POLL","info":{}}
#114 [2026-09-12T07:30:17.804Z] (410594ms) POLL_RAW {"success":true,"status":"OK","command":"POLL","info":{}}
#115 [2026-09-12T07:30:17.963Z] (410752ms) POLL_RAW {"success":true,"status":"OK","command":"POLL","info":{}}
#116 [2026-09-12T07:30:18.123Z] (410912ms) POLL_RAW {"success":true,"status":"OK","command":"POLL","info":{}}
#117 [2026-09-12T07:30:18.282Z] (411071ms) POLL_RAW {"success":true,"status":"OK","command":"POLL","info":{}}
#118 [2026-09-12T07:30:18.442Z] (411231ms) POLL_RAW {"success":true,"status":"OK","command":"POLL","info":{}}
#119 [2026-09-12T07:30:18.602Z] (411391ms) POLL_RAW {"success":true,"status":"OK","command":"POLL","info":{}}
#120 [2026-09-12T07:30:18.762Z] (411551ms) POLL_RAW {"success":true,"status":"OK","command":"POLL","info":{}}
#121 [2026-09-12T07:30:18.923Z] (411712ms) POLL_RAW {"success":true,"status":"OK","command":"POLL","info":{}}
#122 [2026-09-12T07:30:19.082Z] (411871ms) POLL_RAW {"success":true,"status":"OK","command":"POLL","info":{}}
#123 [2026-09-12T07:30:19.242Z] (412031ms) POLL_RAW {"success":true,"status":"OK","command":"POLL","info":{}}
#124 [2026-09-12T07:30:19.402Z] (412191ms) POLL_RAW {"success":true,"status":"OK","command":"POLL","info":{}}
#125 [2026-09-12T07:30:19.562Z] (412351ms) POLL_RAW {"success":true,"status":"OK","command":"POLL","info":{}}
#126 [2026-09-12T07:30:19.722Z] (412511ms) POLL_RAW {"success":true,"status":"OK","command":"POLL","info":{}}
#127 [2026-09-12T07:30:19.882Z] (412671ms) POLL_RAW {"success":true,"status":"OK","command":"POLL","info":{}}
#128 [2026-09-12T07:30:20.043Z] (412833ms) POLL_RAW {"success":true,"status":"OK","command":"POLL","info":{}}
#129 [2026-09-12T07:30:20.202Z] (412991ms) POLL_RAW {"success":true,"status":"OK","command":"POLL","info":{}}
#130 [2026-09-12T07:30:20.362Z] (413152ms) POLL_RAW {"success":true,"status":"OK","command":"POLL","info":{}}
#131 [2026-09-12T07:30:20.522Z] (413311ms) POLL_RAW {"success":true,"status":"OK","command":"POLL","info":{}}
#132 [2026-09-12T07:30:20.682Z] (413471ms) POLL_RAW {"success":true,"status":"OK","command":"POLL","info":{}}
#133 [2026-09-12T07:30:20.842Z] (413632ms) POLL_RAW {"success":true,"status":"OK","command":"POLL","info":{}}
#134 [2026-09-12T07:30:21.002Z] (413792ms) POLL_RAW {"success":true,"status":"OK","command":"POLL","info":{}}
#135 [2026-09-12T07:30:21.163Z] (413952ms) POLL_RAW {"success":true,"status":"OK","command":"POLL","info":{}}
#136 [2026-09-12T07:30:21.323Z] (414113ms) POLL_RAW {"success":true,"status":"OK","command":"POLL","info":{}}
#137 [2026-09-12T07:30:21.481Z] (414270ms) POLL_RAW {"success":true,"status":"OK","command":"POLL","info":{}}
#138 [2026-09-12T07:30:21.641Z] (414431ms) POLL_RAW {"success":true,"status":"OK","command":"POLL","info":{}}
#139 [2026-09-12T07:30:21.802Z] (414591ms) POLL_RAW {"success":true,"status":"OK","command":"POLL","info":{}}
#140 [2026-09-12T07:30:21.963Z] (414752ms) POLL_RAW {"success":true,"status":"OK","command":"POLL","info":{}}
#141 [2026-09-12T07:30:22.124Z] (414913ms) POLL_RAW {"success":true,"status":"OK","command":"POLL","info":{}}
#142 [2026-09-12T07:30:22.283Z] (415072ms) POLL_RAW {"success":true,"status":"OK","command":"POLL","info":{}}
#143 [2026-09-12T07:30:22.443Z] (415232ms) POLL_RAW {"success":true,"status":"OK","command":"POLL","info":{}}
#144 [2026-09-12T07:30:22.602Z] (415391ms) POLL_RAW {"success":true,"status":"OK","command":"POLL","info":{}}
#145 [2026-09-12T07:30:22.762Z] (415551ms) POLL_RAW {"success":true,"status":"OK","command":"POLL","info":{}}
#146 [2026-09-12T07:30:22.922Z] (415711ms) POLL_RAW {"success":true,"status":"OK","command":"POLL","info":{}}
#147 [2026-09-12T07:30:23.082Z] (415871ms) POLL_RAW {"success":true,"status":"OK","command":"POLL","info":{}}
#148 [2026-09-12T07:30:23.242Z] (416031ms) POLL_RAW {"success":true,"status":"OK","command":"POLL","info":{}}
#149 [2026-09-12T07:30:23.401Z] (416190ms) POLL_RAW {"success":true,"status":"OK","command":"POLL","info":{}}
#150 [2026-09-12T07:30:23.562Z] (416351ms) POLL_RAW {"success":true,"status":"OK","command":"POLL","info":{}}
#151 [2026-09-12T07:30:23.721Z] (416510ms) POLL_RAW {"success":true,"status":"OK","command":"POLL","info":{}}
#152 [2026-09-12T07:30:23.881Z] (416670ms) POLL_RAW {"success":true,"status":"OK","command":"POLL","info":{}}
#153 [2026-09-12T07:30:24.042Z] (416831ms) POLL_RAW {"success":true,"status":"OK","command":"POLL","info":{}}
#154 [2026-09-12T07:30:24.203Z] (416992ms) POLL_RAW {"success":true,"status":"OK","command":"POLL","info":{}}
#155 [2026-09-12T07:30:24.361Z] (417150ms) POLL_RAW {"success":true,"status":"OK","command":"POLL","info":{}}
#156 [2026-09-12T07:30:24.521Z] (417310ms) POLL_RAW {"success":true,"status":"OK","command":"POLL","info":{}}
#157 [2026-09-12T07:30:24.681Z] (417470ms) POLL_RAW {"success":true,"status":"OK","command":"POLL","info":{}}
#158 [2026-09-12T07:30:24.841Z] (417630ms) POLL_RAW {"success":true,"status":"OK","command":"POLL","info":{}}
#159 [2026-09-12T07:30:25.001Z] (417790ms) POLL_RAW {"success":true,"status":"OK","command":"POLL","info":{}}
#160 [2026-09-12T07:30:25.161Z] (417950ms) POLL_RAW {"success":true,"status":"OK","command":"POLL","info":{}}
#161 [2026-09-12T07:30:25.321Z] (418110ms) POLL_RAW {"success":true,"status":"OK","command":"POLL","info":{}}
#162 [2026-09-12T07:30:25.481Z] (418270ms) POLL_RAW {"success":true,"status":"OK","command":"POLL","info":{}}
#163 [2026-09-12T07:30:25.641Z] (418430ms) POLL_RAW {"success":true,"status":"OK","command":"POLL","info":{}}
#164 [2026-09-12T07:30:25.801Z] (418590ms) POLL_RAW {"success":true,"status":"OK","command":"POLL","info":{}}
#165 [2026-09-12T07:30:25.961Z] (418750ms) POLL_RAW {"success":true,"status":"OK","command":"POLL","info":{}}
#166 [2026-09-12T07:30:26.121Z] (418910ms) POLL_RAW {"success":true,"status":"OK","command":"POLL","info":{}}
#167 [2026-09-12T07:30:26.281Z] (419070ms) POLL_RAW {"success":true,"status":"OK","command":"POLL","info":{}}
#168 [2026-09-12T07:30:26.444Z] (419233ms) POLL_RAW {"success":true,"status":"OK","command":"POLL","info":{}}
#169 [2026-09-12T07:30:26.601Z] (419390ms) POLL_RAW {"success":true,"status":"OK","command":"POLL","info":{}}
#170 [2026-09-12T07:30:26.761Z] (419550ms) POLL_RAW {"success":true,"status":"OK","command":"POLL","info":{}}
#171 [2026-09-12T07:30:26.921Z] (419710ms) POLL_RAW {"success":true,"status":"OK","command":"POLL","info":{}}
#172 [2026-09-12T07:30:27.080Z] (419869ms) POLL_RAW {"success":true,"status":"OK","command":"POLL","info":{}}
#173 [2026-09-12T07:30:27.240Z] (420029ms) POLL_RAW {"success":true,"status":"OK","command":"POLL","info":{}}
#174 [2026-09-12T07:30:27.403Z] (420192ms) POLL_RAW {"success":true,"status":"OK","command":"POLL","info":{}}
#175 [2026-09-12T07:30:27.560Z] (420349ms) POLL_RAW {"success":true,"status":"OK","command":"POLL","info":{}}
#176 [2026-09-12T07:30:27.720Z] (420509ms) POLL_RAW {"success":true,"status":"OK","command":"POLL","info":{}}
#177 [2026-09-12T07:30:27.880Z] (420669ms) POLL_RAW {"success":true,"status":"OK","command":"POLL","info":{}}
#178 [2026-09-12T07:30:28.040Z] (420829ms) POLL_RAW {"success":true,"status":"OK","command":"POLL","info":{}}
#179 [2026-09-12T07:30:28.200Z] (420989ms) POLL_RAW {"success":true,"status":"OK","command":"POLL","info":{}}
#180 [2026-09-12T07:30:28.360Z] (421149ms) POLL_RAW {"success":true,"status":"OK","command":"POLL","info":{}}
#181 [2026-09-12T07:30:28.520Z] (421309ms) POLL_RAW {"success":true,"status":"OK","command":"POLL","info":{}}
#182 [2026-09-12T07:30:28.680Z] (421469ms) POLL_RAW {"success":true,"status":"OK","command":"POLL","info":{}}
#183 [2026-09-12T07:30:28.840Z] (421629ms) POLL_RAW {"success":true,"status":"OK","command":"POLL","info":{}}
#184 [2026-09-12T07:30:29.000Z] (421789ms) POLL_RAW {"success":true,"status":"OK","command":"POLL","info":{}}
#185 [2026-09-12T07:30:29.160Z] (421949ms) POLL_RAW {"success":true,"status":"OK","command":"POLL","info":{}}
#186 [2026-09-12T07:30:29.320Z] (422109ms) POLL_RAW {"success":true,"status":"OK","command":"POLL","info":{}}
#187 [2026-09-12T07:30:29.480Z] (422269ms) POLL_RAW {"success":true,"status":"OK","command":"POLL","info":{}}
#188 [2026-09-12T07:30:29.641Z] (422430ms) POLL_RAW {"success":true,"status":"OK","command":"POLL","info":{}}
#189 [2026-09-12T07:30:29.800Z] (422589ms) POLL_RAW {"success":true,"status":"OK","command":"POLL","info":{}}
#190 [2026-09-12T07:30:29.960Z] (422749ms) POLL_RAW {"success":true,"status":"OK","command":"POLL","info":{}}
#191 [2026-09-12T07:30:30.119Z] (422908ms) POLL_RAW {"success":true,"status":"OK","command":"POLL","info":{}}
#192 [2026-09-12T07:30:30.279Z] (423068ms) POLL_RAW {"success":true,"status":"OK","command":"POLL","info":{}}
#193 [2026-09-12T07:30:30.439Z] (423228ms) POLL_RAW {"success":true,"status":"OK","command":"POLL","info":{}}
#194 [2026-09-12T07:30:30.599Z] (423388ms) POLL_RAW {"success":true,"status":"OK","command":"POLL","info":{}}
#195 [2026-09-12T07:30:30.759Z] (423548ms) POLL_RAW {"success":true,"status":"OK","command":"POLL","info":{}}
#196 [2026-09-12T07:30:30.919Z] (423708ms) POLL_RAW {"success":true,"status":"OK","command":"POLL","info":{}}
#197 [2026-09-12T07:30:31.079Z] (423868ms) POLL_RAW {"success":true,"status":"OK","command":"POLL","info":{}}
#198 [2026-09-12T07:30:31.239Z] (424028ms) POLL_RAW {"success":true,"status":"OK","command":"POLL","info":{}}
#199 [2026-09-12T07:30:31.399Z] (424188ms) POLL_RAW {"success":true,"status":"OK","command":"POLL","info":{}}
#200 [2026-09-12T07:30:31.559Z] (424348ms) POLL_RAW {"success":true,"status":"OK","command":"POLL","info":{}}
#201 [2026-09-12T07:30:31.719Z] (424509ms) POLL_RAW {"success":true,"status":"OK","command":"POLL","info":{}}
#202 [2026-09-12T07:30:31.879Z] (424668ms) POLL_RAW {"success":true,"status":"OK","command":"POLL","info":{}}
#203 [2026-09-12T07:30:32.039Z] (424828ms) POLL_RAW {"success":true,"status":"OK","command":"POLL","info":{}}
#204 [2026-09-12T07:30:32.359Z] (425148ms) POLL_RAW {"success":true,"status":"OK","command":"POLL","info":[{"code":232,"name":"DISABLED","description":"The device is not active and unavailable for normal validation functions."}]}
#1 [2026-09-12T07:48:07.988Z] (1480777ms) POLL_RAW {"success":true,"status":"OK","command":"POLL","info":{}}
#2 [2026-09-12T07:48:08.147Z] (1480936ms) POLL_RAW {"success":true,"status":"OK","command":"POLL","info":{}}
#3 [2026-09-12T07:48:08.307Z] (1481096ms) POLL_RAW {"success":true,"status":"OK","command":"POLL","info":{}}
#4 [2026-09-12T07:48:08.467Z] (1481256ms) POLL_RAW {"success":true,"status":"OK","command":"POLL","info":{}}
#5 [2026-09-12T07:48:08.627Z] (1481416ms) POLL_RAW {"success":true,"status":"OK","command":"POLL","info":{}}
#6 [2026-09-12T07:48:08.787Z] (1481576ms) POLL_RAW {"success":true,"status":"OK","command":"POLL","info":{}}
#7 [2026-09-12T07:48:08.947Z] (1481736ms) POLL_RAW {"success":true,"status":"OK","command":"POLL","info":{}}
#8 [2026-09-12T07:48:09.108Z] (1481898ms) POLL_RAW {"success":true,"status":"OK","command":"POLL","info":{}}
#9 [2026-09-12T07:48:09.266Z] (1482055ms) POLL_RAW {"success":true,"status":"OK","command":"POLL","info":{}}
#10 [2026-09-12T07:48:09.426Z] (1482215ms) POLL_RAW {"success":true,"status":"OK","command":"POLL","info":{}}
#11 [2026-09-12T07:48:09.587Z] (1482376ms) POLL_RAW {"success":true,"status":"OK","command":"POLL","info":{}}
#12 [2026-09-12T07:48:09.747Z] (1482536ms) POLL_RAW {"success":true,"status":"OK","command":"POLL","info":{}}
#13 [2026-09-12T07:48:09.907Z] (1482696ms) POLL_RAW {"success":true,"status":"OK","command":"POLL","info":{}}
#14 [2026-09-12T07:48:10.068Z] (1482857ms) POLL_RAW {"success":true,"status":"OK","command":"POLL","info":{}}
#15 [2026-09-12T07:48:10.228Z] (1483017ms) POLL_RAW {"success":true,"status":"OK","command":"POLL","info":{}}
#16 [2026-09-12T07:48:10.387Z] (1483176ms) POLL_RAW {"success":true,"status":"OK","command":"POLL","info":{}}
#17 [2026-09-12T07:48:10.547Z] (1483336ms) POLL_RAW {"success":true,"status":"OK","command":"POLL","info":{}}
#18 [2026-09-12T07:48:10.707Z] (1483496ms) POLL_RAW {"success":true,"status":"OK","command":"POLL","info":{}}
#19 [2026-09-12T07:48:10.866Z] (1483655ms) POLL_RAW {"success":true,"status":"OK","command":"POLL","info":{}}
#20 [2026-09-12T07:48:11.026Z] (1483815ms) POLL_RAW {"success":true,"status":"OK","command":"POLL","info":{}}
#21 [2026-09-12T07:48:11.186Z] (1483975ms) POLL_RAW {"success":true,"status":"OK","command":"POLL","info":{}}
#22 [2026-09-12T07:48:11.346Z] (1484135ms) POLL_RAW {"success":true,"status":"OK","command":"POLL","info":{}}
#23 [2026-09-12T07:48:11.506Z] (1484295ms) POLL_RAW {"success":true,"status":"OK","command":"POLL","info":{}}
#24 [2026-09-12T07:48:11.666Z] (1484455ms) POLL_RAW {"success":true,"status":"OK","command":"POLL","info":{}}
#25 [2026-09-12T07:48:11.826Z] (1484615ms) POLL_RAW {"success":true,"status":"OK","command":"POLL","info":{}}
#26 [2026-09-12T07:48:11.986Z] (1484775ms) POLL_RAW {"success":true,"status":"OK","command":"POLL","info":{}}
#27 [2026-09-12T07:48:12.147Z] (1484936ms) POLL_RAW {"success":true,"status":"OK","command":"POLL","info":{}}
#28 [2026-09-12T07:48:12.307Z] (1485096ms) POLL_RAW {"success":true,"status":"OK","command":"POLL","info":{}}
#29 [2026-09-12T07:48:12.467Z] (1485256ms) POLL_RAW {"success":true,"status":"OK","command":"POLL","info":{}}
#30 [2026-09-12T07:48:12.626Z] (1485415ms) POLL_RAW {"success":true,"status":"OK","command":"POLL","info":{}}
#31 [2026-09-12T07:48:12.786Z] (1485575ms) POLL_RAW {"success":true,"status":"OK","command":"POLL","info":{}}
#32 [2026-09-12T07:48:12.947Z] (1485736ms) POLL_RAW {"success":true,"status":"OK","command":"POLL","info":{}}
#33 [2026-09-12T07:48:13.109Z] (1485898ms) POLL_RAW {"success":true,"status":"OK","command":"POLL","info":{}}
#34 [2026-09-12T07:48:13.268Z] (1486057ms) POLL_RAW {"success":true,"status":"OK","command":"POLL","info":{}}
#35 [2026-09-12T07:48:13.426Z] (1486215ms) POLL_RAW {"success":true,"status":"OK","command":"POLL","info":{}}
#36 [2026-09-12T07:48:13.585Z] (1486374ms) POLL_RAW {"success":true,"status":"OK","command":"POLL","info":{}}
#37 [2026-09-12T07:48:13.745Z] (1486534ms) POLL_RAW {"success":true,"status":"OK","command":"POLL","info":{}}
#38 [2026-09-12T07:48:13.905Z] (1486694ms) POLL_RAW {"success":true,"status":"OK","command":"POLL","info":{}}
#39 [2026-09-12T07:48:14.289Z] (1487078ms) POLL_RAW {"success":true,"status":"OK","command":"POLL","info":{}}
#40 [2026-09-12T07:48:14.449Z] (1487238ms) POLL_RAW {"success":true,"status":"OK","command":"POLL","info":{}}
#41 [2026-09-12T07:48:14.785Z] (1487574ms) POLL_RAW {"success":true,"status":"OK","command":"POLL","info":[{"code":218,"name":"DISPENSING","description":"The device is in the process of paying out a requested value. The value paid at the poll is given in the vent data.","value":[{"value":0,"country_code":"EUR"}]}]}
#42 [2026-09-12T07:48:14.962Z] (1487751ms) POLL_RAW {"success":true,"status":"OK","command":"POLL","info":[{"code":218,"name":"DISPENSING","description":"The device is in the process of paying out a requested value. The value paid at the poll is given in the vent data.","value":[{"value":0,"country_code":"EUR"}]}]}
#43 [2026-09-12T07:48:15.138Z] (1487928ms) POLL_RAW {"success":true,"status":"OK","command":"POLL","info":[{"code":218,"name":"DISPENSING","description":"The device is in the process of paying out a requested value. The value paid at the poll is given in the vent data.","value":[{"value":0,"country_code":"EUR"}]}]}
#44 [2026-09-12T07:48:15.313Z] (1488102ms) POLL_RAW {"success":true,"status":"OK","command":"POLL","info":[{"code":218,"name":"DISPENSING","description":"The device is in the process of paying out a requested value. The value paid at the poll is given in the vent data.","value":[{"value":0,"country_code":"EUR"}]}]}
#45 [2026-09-12T07:48:15.491Z] (1488280ms) POLL_RAW {"success":true,"status":"OK","command":"POLL","info":[{"code":218,"name":"DISPENSING","description":"The device is in the process of paying out a requested value. The value paid at the poll is given in the vent data.","value":[{"value":200,"country_code":"EUR"}]}]}
#46 [2026-09-12T07:48:15.665Z] (1488454ms) POLL_RAW {"success":true,"status":"OK","command":"POLL","info":[{"code":218,"name":"DISPENSING","description":"The device is in the process of paying out a requested value. The value paid at the poll is given in the vent data.","value":[{"value":200,"country_code":"EUR"}]}]}
#47 [2026-09-12T07:48:15.842Z] (1488631ms) POLL_RAW {"success":true,"status":"OK","command":"POLL","info":[{"code":218,"name":"DISPENSING","description":"The device is in the process of paying out a requested value. The value paid at the poll is given in the vent data.","value":[{"value":200,"country_code":"EUR"}]}]}
#48 [2026-09-12T07:48:16.017Z] (1488806ms) POLL_RAW {"success":true,"status":"OK","command":"POLL","info":[{"code":218,"name":"DISPENSING","description":"The device is in the process of paying out a requested value. The value paid at the poll is given in the vent data.","value":[{"value":400,"country_code":"EUR"}]}]}
#49 [2026-09-12T07:48:16.193Z] (1488982ms) POLL_RAW {"success":true,"status":"OK","command":"POLL","info":[{"code":218,"name":"DISPENSING","description":"The device is in the process of paying out a requested value. The value paid at the poll is given in the vent data.","value":[{"value":600,"country_code":"EUR"}]},{"code":210,"name":"DISPENSED","description":"The device has completed its pay-out request.","amount":600,"currency":"EUR"}]}
#50 [2026-09-12T07:48:16.354Z] (1489143ms) POLL_RAW {"success":true,"status":"OK","command":"POLL","info":{}}
#51 [2026-09-12T07:48:16.513Z] (1489302ms) POLL_RAW {"success":true,"status":"OK","command":"POLL","info":{}}
#52 [2026-09-12T07:48:16.673Z] (1489462ms) POLL_RAW {"success":true,"status":"OK","command":"POLL","info":{}}
#53 [2026-09-12T07:48:16.834Z] (1489623ms) POLL_RAW {"success":true,"status":"OK","command":"POLL","info":{}}
#54 [2026-09-12T07:48:17.216Z] (1490005ms) POLL_RAW {"success":true,"status":"OK","command":"POLL","info":{}}
#55 [2026-09-12T07:48:17.376Z] (1490165ms) POLL_RAW {"success":true,"status":"OK","command":"POLL","info":{}}
#56 [2026-09-12T07:48:17.536Z] (1490325ms) POLL_RAW {"success":true,"status":"OK","command":"POLL","info":{}}
#57 [2026-09-12T07:48:17.696Z] (1490485ms) POLL_RAW {"success":true,"status":"OK","command":"POLL","info":{}}
#58 [2026-09-12T07:48:17.857Z] (1490647ms) POLL_RAW {"success":true,"status":"OK","command":"POLL","info":{}}
#59 [2026-09-12T07:48:18.016Z] (1490805ms) POLL_RAW {"success":true,"status":"OK","command":"POLL","info":{}}
#60 [2026-09-12T07:48:18.177Z] (1490966ms) POLL_RAW {"success":true,"status":"OK","command":"POLL","info":{}}
#61 [2026-09-12T07:48:18.337Z] (1491126ms) POLL_RAW {"success":true,"status":"OK","command":"POLL","info":{}}
#62 [2026-09-12T07:48:18.497Z] (1491286ms) POLL_RAW {"success":true,"status":"OK","command":"POLL","info":{}}
#63 [2026-09-12T07:48:18.658Z] (1491447ms) POLL_RAW {"success":true,"status":"OK","command":"POLL","info":{}}
#64 [2026-09-12T07:48:18.818Z] (1491607ms) POLL_RAW {"success":true,"status":"OK","command":"POLL","info":{}}
#65 [2026-09-12T07:48:18.976Z] (1491765ms) POLL_RAW {"success":true,"status":"OK","command":"POLL","info":{}}
#66 [2026-09-12T07:48:19.138Z] (1491927ms) POLL_RAW {"success":true,"status":"OK","command":"POLL","info":{}}
#67 [2026-09-12T07:48:19.297Z] (1492086ms) POLL_RAW {"success":true,"status":"OK","command":"POLL","info":{}}
#68 [2026-09-12T07:48:19.457Z] (1492246ms) POLL_RAW {"success":true,"status":"OK","command":"POLL","info":{}}
#69 [2026-09-12T07:48:19.616Z] (1492406ms) POLL_RAW {"success":true,"status":"OK","command":"POLL","info":{}}
#70 [2026-09-12T07:48:19.777Z] (1492566ms) POLL_RAW {"success":true,"status":"OK","command":"POLL","info":{}}
#71 [2026-09-12T07:48:19.937Z] (1492726ms) POLL_RAW {"success":true,"status":"OK","command":"POLL","info":{}}
#72 [2026-09-12T07:48:20.096Z] (1492885ms) POLL_RAW {"success":true,"status":"OK","command":"POLL","info":{}}
#73 [2026-09-12T07:48:20.257Z] (1493046ms) POLL_RAW {"success":true,"status":"OK","command":"POLL","info":{}}
#74 [2026-09-12T07:48:20.415Z] (1493204ms) POLL_RAW {"success":true,"status":"OK","command":"POLL","info":{}}
#75 [2026-09-12T07:48:20.576Z] (1493365ms) POLL_RAW {"success":true,"status":"OK","command":"POLL","info":{}}
#76 [2026-09-12T07:48:20.735Z] (1493524ms) POLL_RAW {"success":true,"status":"OK","command":"POLL","info":{}}
#77 [2026-09-12T07:48:20.896Z] (1493685ms) POLL_RAW {"success":true,"status":"OK","command":"POLL","info":{}}
#78 [2026-09-12T07:48:21.056Z] (1493846ms) POLL_RAW {"success":true,"status":"OK","command":"POLL","info":{}}
#79 [2026-09-12T07:48:21.215Z] (1494005ms) POLL_RAW {"success":true,"status":"OK","command":"POLL","info":{}}
#80 [2026-09-12T07:48:21.376Z] (1494165ms) POLL_RAW {"success":true,"status":"OK","command":"POLL","info":{}}
#81 [2026-09-12T07:48:21.536Z] (1494325ms) POLL_RAW {"success":true,"status":"OK","command":"POLL","info":{}}
#82 [2026-09-12T07:48:21.695Z] (1494484ms) POLL_RAW {"success":true,"status":"OK","command":"POLL","info":{}}
#83 [2026-09-12T07:48:21.856Z] (1494645ms) POLL_RAW {"success":true,"status":"OK","command":"POLL","info":{}}
#84 [2026-09-12T07:48:22.016Z] (1494805ms) POLL_RAW {"success":true,"status":"OK","command":"POLL","info":{}}
#85 [2026-09-12T07:48:22.175Z] (1494964ms) POLL_RAW {"success":true,"status":"OK","command":"POLL","info":{}}
#86 [2026-09-12T07:48:22.335Z] (1495125ms) POLL_RAW {"success":true,"status":"OK","command":"POLL","info":{}}
#87 [2026-09-12T07:48:22.495Z] (1495284ms) POLL_RAW {"success":true,"status":"OK","command":"POLL","info":{}}
#88 [2026-09-12T07:48:22.655Z] (1495444ms) POLL_RAW {"success":true,"status":"OK","command":"POLL","info":{}}
#89 [2026-09-12T07:48:22.814Z] (1495603ms) POLL_RAW {"success":true,"status":"OK","command":"POLL","info":{}}
#90 [2026-09-12T07:48:22.974Z] (1495764ms) POLL_RAW {"success":true,"status":"OK","command":"POLL","info":{}}
#91 [2026-09-12T07:48:23.135Z] (1495924ms) POLL_RAW {"success":true,"status":"OK","command":"POLL","info":{}}
#92 [2026-09-12T07:48:23.296Z] (1496085ms) POLL_RAW {"success":true,"status":"OK","command":"POLL","info":{}}
#93 [2026-09-12T07:48:23.456Z] (1496245ms) POLL_RAW {"success":true,"status":"OK","command":"POLL","info":{}}
#94 [2026-09-12T07:48:23.614Z] (1496404ms) POLL_RAW {"success":true,"status":"OK","command":"POLL","info":{}}
#95 [2026-09-12T07:48:23.775Z] (1496564ms) POLL_RAW {"success":true,"status":"OK","command":"POLL","info":{}}
#96 [2026-09-12T07:48:23.934Z] (1496723ms) POLL_RAW {"success":true,"status":"OK","command":"POLL","info":{}}
#97 [2026-09-12T07:48:24.095Z] (1496884ms) POLL_RAW {"success":true,"status":"OK","command":"POLL","info":{}}
#98 [2026-09-12T07:48:24.255Z] (1497044ms) POLL_RAW {"success":true,"status":"OK","command":"POLL","info":{}}
#99 [2026-09-12T07:48:24.416Z] (1497205ms) POLL_RAW {"success":true,"status":"OK","command":"POLL","info":{}}
#100 [2026-09-12T07:48:24.576Z] (1497365ms) POLL_RAW {"success":true,"status":"OK","command":"POLL","info":{}}
#101 [2026-09-12T07:48:24.736Z] (1497525ms) POLL_RAW {"success":true,"status":"OK","command":"POLL","info":{}}
#102 [2026-09-12T07:48:24.895Z] (1497684ms) POLL_RAW {"success":true,"status":"OK","command":"POLL","info":{}}
#103 [2026-09-12T07:48:25.056Z] (1497845ms) POLL_RAW {"success":true,"status":"OK","command":"POLL","info":{}}
#104 [2026-09-12T07:48:25.216Z] (1498005ms) POLL_RAW {"success":true,"status":"OK","command":"POLL","info":{}}
#105 [2026-09-12T07:48:25.376Z] (1498165ms) POLL_RAW {"success":true,"status":"OK","command":"POLL","info":{}}
#106 [2026-09-12T07:48:25.536Z] (1498325ms) POLL_RAW {"success":true,"status":"OK","command":"POLL","info":{}}
#107 [2026-09-12T07:48:25.694Z] (1498483ms) POLL_RAW {"success":true,"status":"OK","command":"POLL","info":{}}
#108 [2026-09-12T07:48:25.856Z] (1498645ms) POLL_RAW {"success":true,"status":"OK","command":"POLL","info":{}}
#109 [2026-09-12T07:48:26.014Z] (1498803ms) POLL_RAW {"success":true,"status":"OK","command":"POLL","info":{}}
#110 [2026-09-12T07:48:26.175Z] (1498964ms) POLL_RAW {"success":true,"status":"OK","command":"POLL","info":{}}
#111 [2026-09-12T07:48:26.335Z] (1499124ms) POLL_RAW {"success":true,"status":"OK","command":"POLL","info":{}}
#112 [2026-09-12T07:48:26.494Z] (1499283ms) POLL_RAW {"success":true,"status":"OK","command":"POLL","info":{}}
#113 [2026-09-12T07:48:26.656Z] (1499445ms) POLL_RAW {"success":true,"status":"OK","command":"POLL","info":{}}
#114 [2026-09-12T07:48:26.815Z] (1499604ms) POLL_RAW {"success":true,"status":"OK","command":"POLL","info":{}}
#115 [2026-09-12T07:48:26.974Z] (1499763ms) POLL_RAW {"success":true,"status":"OK","command":"POLL","info":{}}
#116 [2026-09-12T07:48:27.135Z] (1499924ms) POLL_RAW {"success":true,"status":"OK","command":"POLL","info":{}}
#117 [2026-09-12T07:48:27.295Z] (1500084ms) POLL_RAW {"success":true,"status":"OK","command":"POLL","info":{}}
#118 [2026-09-12T07:48:27.454Z] (1500243ms) POLL_RAW {"success":true,"status":"OK","command":"POLL","info":{}}
#119 [2026-09-12T07:48:27.614Z] (1500403ms) POLL_RAW {"success":true,"status":"OK","command":"POLL","info":{}}
#120 [2026-09-12T07:48:27.774Z] (1500563ms) POLL_RAW {"success":true,"status":"OK","command":"POLL","info":{}}
#121 [2026-09-12T07:48:27.934Z] (1500723ms) POLL_RAW {"success":true,"status":"OK","command":"POLL","info":{}}
#122 [2026-09-12T07:48:28.095Z] (1500884ms) POLL_RAW {"success":true,"status":"OK","command":"POLL","info":{}}
#123 [2026-09-12T07:48:28.255Z] (1501044ms) POLL_RAW {"success":true,"status":"OK","command":"POLL","info":{}}
#124 [2026-09-12T07:48:28.414Z] (1501203ms) POLL_RAW {"success":true,"status":"OK","command":"POLL","info":{}}
#125 [2026-09-12T07:48:28.573Z] (1501362ms) POLL_RAW {"success":true,"status":"OK","command":"POLL","info":{}}
#126 [2026-09-12T07:48:28.734Z] (1501523ms) POLL_RAW {"success":true,"status":"OK","command":"POLL","info":{}}
#127 [2026-09-12T07:48:28.893Z] (1501682ms) POLL_RAW {"success":true,"status":"OK","command":"POLL","info":{}}
#128 [2026-09-12T07:48:29.053Z] (1501842ms) POLL_RAW {"success":true,"status":"OK","command":"POLL","info":{}}
#129 [2026-09-12T07:48:29.213Z] (1502002ms) POLL_RAW {"success":true,"status":"OK","command":"POLL","info":{}}
#130 [2026-09-12T07:48:29.374Z] (1502163ms) POLL_RAW {"success":true,"status":"OK","command":"POLL","info":{}}
#131 [2026-09-12T07:48:29.533Z] (1502322ms) POLL_RAW {"success":true,"status":"OK","command":"POLL","info":{}}
#132 [2026-09-12T07:48:29.693Z] (1502482ms) POLL_RAW {"success":true,"status":"OK","command":"POLL","info":{}}
#133 [2026-09-12T07:48:29.853Z] (1502642ms) POLL_RAW {"success":true,"status":"OK","command":"POLL","info":{}}
#134 [2026-09-12T07:48:30.013Z] (1502802ms) POLL_RAW {"success":true,"status":"OK","command":"POLL","info":{}}
#135 [2026-09-12T07:48:30.173Z] (1502962ms) POLL_RAW {"success":true,"status":"OK","command":"POLL","info":{}}
#136 [2026-09-12T07:48:30.333Z] (1503122ms) POLL_RAW {"success":true,"status":"OK","command":"POLL","info":{}}
#137 [2026-09-12T07:48:30.493Z] (1503282ms) POLL_RAW {"success":true,"status":"OK","command":"POLL","info":{}}
#138 [2026-09-12T07:48:30.653Z] (1503442ms) POLL_RAW {"success":true,"status":"OK","command":"POLL","info":{}}
#139 [2026-09-12T07:48:30.813Z] (1503602ms) POLL_RAW {"success":true,"status":"OK","command":"POLL","info":{}}
#140 [2026-09-12T07:48:30.973Z] (1503762ms) POLL_RAW {"success":true,"status":"OK","command":"POLL","info":{}}
#141 [2026-09-12T07:48:31.135Z] (1503924ms) POLL_RAW {"success":true,"status":"OK","command":"POLL","info":{}}
#142 [2026-09-12T07:48:31.293Z] (1504082ms) POLL_RAW {"success":true,"status":"OK","command":"POLL","info":{}}
#143 [2026-09-12T07:48:31.453Z] (1504242ms) POLL_RAW {"success":true,"status":"OK","command":"POLL","info":{}}
#144 [2026-09-12T07:48:31.615Z] (1504404ms) POLL_RAW {"success":true,"status":"OK","command":"POLL","info":{}}
#145 [2026-09-12T07:48:31.774Z] (1504563ms) POLL_RAW {"success":true,"status":"OK","command":"POLL","info":{}}
#146 [2026-09-12T07:48:31.932Z] (1504721ms) POLL_RAW {"success":true,"status":"OK","command":"POLL","info":{}}
#147 [2026-09-12T07:48:32.092Z] (1504882ms) POLL_RAW {"success":true,"status":"OK","command":"POLL","info":{}}
#148 [2026-09-12T07:48:32.252Z] (1505041ms) POLL_RAW {"success":true,"status":"OK","command":"POLL","info":{}}
#149 [2026-09-12T07:48:32.413Z] (1505202ms) POLL_RAW {"success":true,"status":"OK","command":"POLL","info":{}}
#150 [2026-09-12T07:48:32.573Z] (1505363ms) POLL_RAW {"success":true,"status":"OK","command":"POLL","info":{}}
#151 [2026-09-12T07:48:32.733Z] (1505522ms) POLL_RAW {"success":true,"status":"OK","command":"POLL","info":{}}
#152 [2026-09-12T07:48:32.892Z] (1505682ms) POLL_RAW {"success":true,"status":"OK","command":"POLL","info":{}}
#153 [2026-09-12T07:48:33.052Z] (1505841ms) POLL_RAW {"success":true,"status":"OK","command":"POLL","info":{}}
#154 [2026-09-12T07:48:33.213Z] (1506002ms) POLL_RAW {"success":true,"status":"OK","command":"POLL","info":{}}
#155 [2026-09-12T07:48:33.372Z] (1506162ms) POLL_RAW {"success":true,"status":"OK","command":"POLL","info":{}}
#156 [2026-09-12T07:48:33.532Z] (1506321ms) POLL_RAW {"success":true,"status":"OK","command":"POLL","info":{}}
#157 [2026-09-12T07:48:33.692Z] (1506481ms) POLL_RAW {"success":true,"status":"OK","command":"POLL","info":{}}
#158 [2026-09-12T07:48:33.852Z] (1506641ms) POLL_RAW {"success":true,"status":"OK","command":"POLL","info":{}}
#159 [2026-09-12T07:48:34.012Z] (1506801ms) POLL_RAW {"success":true,"status":"OK","command":"POLL","info":{}}
#160 [2026-09-12T07:48:34.172Z] (1506961ms) POLL_RAW {"success":true,"status":"OK","command":"POLL","info":{}}
#161 [2026-09-12T07:48:34.332Z] (1507121ms) POLL_RAW {"success":true,"status":"OK","command":"POLL","info":{}}
#162 [2026-09-12T07:48:34.491Z] (1507280ms) POLL_RAW {"success":true,"status":"OK","command":"POLL","info":{}}
#163 [2026-09-12T07:48:34.651Z] (1507440ms) POLL_RAW {"success":true,"status":"OK","command":"POLL","info":{}}
#164 [2026-09-12T07:48:34.811Z] (1507600ms) POLL_RAW {"success":true,"status":"OK","command":"POLL","info":{}}
#165 [2026-09-12T07:48:34.972Z] (1507762ms) POLL_RAW {"success":true,"status":"OK","command":"POLL","info":{}}
#166 [2026-09-12T07:48:35.131Z] (1507920ms) POLL_RAW {"success":true,"status":"OK","command":"POLL","info":{}}
#167 [2026-09-12T07:48:35.291Z] (1508080ms) POLL_RAW {"success":true,"status":"OK","command":"POLL","info":{}}
#168 [2026-09-12T07:48:35.451Z] (1508240ms) POLL_RAW {"success":true,"status":"OK","command":"POLL","info":{}}
#169 [2026-09-12T07:48:35.611Z] (1508400ms) POLL_RAW {"success":true,"status":"OK","command":"POLL","info":{}}
#170 [2026-09-12T07:48:35.772Z] (1508562ms) POLL_RAW {"success":true,"status":"OK","command":"POLL","info":{}}
#171 [2026-09-12T07:48:35.931Z] (1508721ms) POLL_RAW {"success":true,"status":"OK","command":"POLL","info":{}}
#172 [2026-09-12T07:48:36.091Z] (1508880ms) POLL_RAW {"success":true,"status":"OK","command":"POLL","info":{}}
#173 [2026-09-12T07:48:36.251Z] (1509040ms) POLL_RAW {"success":true,"status":"OK","command":"POLL","info":{}}
#174 [2026-09-12T07:48:36.411Z] (1509200ms) POLL_RAW {"success":true,"status":"OK","command":"POLL","info":{}}
#175 [2026-09-12T07:48:36.573Z] (1509362ms) POLL_RAW {"success":true,"status":"OK","command":"POLL","info":{}}
#176 [2026-09-12T07:48:36.731Z] (1509521ms) POLL_RAW {"success":true,"status":"OK","command":"POLL","info":{}}
#177 [2026-09-12T07:48:36.891Z] (1509680ms) POLL_RAW {"success":true,"status":"OK","command":"POLL","info":{}}
#178 [2026-09-12T07:48:37.051Z] (1509840ms) POLL_RAW {"success":true,"status":"OK","command":"POLL","info":{}}
#179 [2026-09-12T07:48:37.211Z] (1510000ms) POLL_RAW {"success":true,"status":"OK","command":"POLL","info":{}}
#180 [2026-09-12T07:48:37.371Z] (1510160ms) POLL_RAW {"success":true,"status":"OK","command":"POLL","info":{}}
#181 [2026-09-12T07:48:37.530Z] (1510319ms) POLL_RAW {"success":true,"status":"OK","command":"POLL","info":{}}
#182 [2026-09-12T07:48:37.692Z] (1510481ms) POLL_RAW {"success":true,"status":"OK","command":"POLL","info":{}}
#183 [2026-09-12T07:48:37.851Z] (1510640ms) POLL_RAW {"success":true,"status":"OK","command":"POLL","info":{}}
#184 [2026-09-12T07:48:38.011Z] (1510800ms) POLL_RAW {"success":true,"status":"OK","command":"POLL","info":{}}
#185 [2026-09-12T07:48:38.172Z] (1510961ms) POLL_RAW {"success":true,"status":"OK","command":"POLL","info":{}}
#186 [2026-09-12T07:48:38.330Z] (1511119ms) POLL_RAW {"success":true,"status":"OK","command":"POLL","info":{}}
#187 [2026-09-12T07:48:38.490Z] (1511279ms) POLL_RAW {"success":true,"status":"OK","command":"POLL","info":{}}
#188 [2026-09-12T07:48:38.650Z] (1511440ms) POLL_RAW {"success":true,"status":"OK","command":"POLL","info":{}}
#189 [2026-09-12T07:48:38.810Z] (1511599ms) POLL_RAW {"success":true,"status":"OK","command":"POLL","info":{}}
#190 [2026-09-12T07:48:38.972Z] (1511761ms) POLL_RAW {"success":true,"status":"OK","command":"POLL","info":{}}
#191 [2026-09-12T07:48:39.130Z] (1511919ms) POLL_RAW {"success":true,"status":"OK","command":"POLL","info":{}}
#192 [2026-09-12T07:48:39.290Z] (1512079ms) POLL_RAW {"success":true,"status":"OK","command":"POLL","info":{}}
#193 [2026-09-12T07:48:39.450Z] (1512239ms) POLL_RAW {"success":true,"status":"OK","command":"POLL","info":{}}
#194 [2026-09-12T07:48:39.610Z] (1512399ms) POLL_RAW {"success":true,"status":"OK","command":"POLL","info":{}}
#195 [2026-09-12T07:48:39.773Z] (1512562ms) POLL_RAW {"success":true,"status":"OK","command":"POLL","info":{}}
#196 [2026-09-12T07:48:39.930Z] (1512720ms) POLL_RAW {"success":true,"status":"OK","command":"POLL","info":{}}
#197 [2026-09-12T07:48:40.091Z] (1512880ms) POLL_RAW {"success":true,"status":"OK","command":"POLL","info":{}}
#198 [2026-09-12T07:48:40.251Z] (1513040ms) POLL_RAW {"success":true,"status":"OK","command":"POLL","info":{}}
#199 [2026-09-12T07:48:40.409Z] (1513199ms) POLL_RAW {"success":true,"status":"OK","command":"POLL","info":{}}
#200 [2026-09-12T07:48:40.570Z] (1513359ms) POLL_RAW {"success":true,"status":"OK","command":"POLL","info":{}}
#201 [2026-09-12T07:48:40.729Z] (1513518ms) POLL_RAW {"success":true,"status":"OK","command":"POLL","info":{}}
#202 [2026-09-12T07:48:40.890Z] (1513679ms) POLL_RAW {"success":true,"status":"OK","command":"POLL","info":{}}
#203 [2026-09-12T07:48:41.049Z] (1513839ms) POLL_RAW {"success":true,"status":"OK","command":"POLL","info":{}}
#204 [2026-09-12T07:48:41.209Z] (1513998ms) POLL_RAW {"success":true,"status":"OK","command":"POLL","info":{}}
#205 [2026-09-12T07:48:41.373Z] (1514162ms) POLL_RAW {"success":true,"status":"OK","command":"POLL","info":{}}
#206 [2026-09-12T07:48:41.529Z] (1514318ms) POLL_RAW {"success":true,"status":"OK","command":"POLL","info":{}}
#207 [2026-09-12T07:48:41.689Z] (1514478ms) POLL_RAW {"success":true,"status":"OK","command":"POLL","info":{}}
#208 [2026-09-12T07:48:41.849Z] (1514638ms) POLL_RAW {"success":true,"status":"OK","command":"POLL","info":{}}
#209 [2026-09-12T07:48:42.009Z] (1514799ms) POLL_RAW {"success":true,"status":"OK","command":"POLL","info":{}}
#210 [2026-09-12T07:48:42.169Z] (1514958ms) POLL_RAW {"success":true,"status":"OK","command":"POLL","info":{}}
#211 [2026-09-12T07:48:42.329Z] (1515119ms) POLL_RAW {"success":true,"status":"OK","command":"POLL","info":{}}
#212 [2026-09-12T07:48:42.489Z] (1515279ms) POLL_RAW {"success":true,"status":"OK","command":"POLL","info":{}}
#213 [2026-09-12T07:48:42.649Z] (1515439ms) POLL_RAW {"success":true,"status":"OK","command":"POLL","info":{}}
#214 [2026-09-12T07:48:42.969Z] (1515758ms) POLL_RAW {"success":true,"status":"OK","command":"POLL","info":[{"code":232,"name":"DISABLED","description":"The device is not active and unavailable for normal validation functions."}]}
#215 [2026-09-12T07:48:43.131Z] (1515920ms) POLL_RAW {"success":true,"status":"OK","command":"POLL","info":[{"code":232,"name":"DISABLED","description":"The device is not active and unavailable for normal validation functions."}]}
#1 [2026-09-12T16:00:27.509Z] (98389ms) POLL_RAW {"success":true,"status":"OK","command":"POLL","info":{}}
#2 [2026-09-12T16:00:27.668Z] (98549ms) POLL_RAW {"success":true,"status":"OK","command":"POLL","info":{}}
#3 [2026-09-12T16:00:27.828Z] (98709ms) POLL_RAW {"success":true,"status":"OK","command":"POLL","info":{}}
#4 [2026-09-12T16:00:27.987Z] (98868ms) POLL_RAW {"success":true,"status":"OK","command":"POLL","info":{}}
#5 [2026-09-12T16:00:28.324Z] (99204ms) POLL_RAW {"success":true,"status":"OK","command":"POLL","info":[{"code":179,"name":"SMART_EMPTYING","description":"The device is in the process of carrying out its Smart Empty command from the host. The value emptied at the poll point is given in the event data.","value":[{"value":0,"country_code":"EUR"}]}]}
#6 [2026-09-12T16:00:28.501Z] (99381ms) POLL_RAW {"success":true,"status":"OK","command":"POLL","info":[{"code":179,"name":"SMART_EMPTYING","description":"The device is in the process of carrying out its Smart Empty command from the host. The value emptied at the poll point is given in the event data.","value":[{"value":200,"country_code":"EUR"}]}]}
#7 [2026-09-12T16:00:28.676Z] (99556ms) POLL_RAW {"success":true,"status":"OK","command":"POLL","info":[{"code":179,"name":"SMART_EMPTYING","description":"The device is in the process of carrying out its Smart Empty command from the host. The value emptied at the poll point is given in the event data.","value":[{"value":200,"country_code":"EUR"}]}]}
#8 [2026-09-12T16:00:28.852Z] (99732ms) POLL_RAW {"success":true,"status":"OK","command":"POLL","info":[{"code":179,"name":"SMART_EMPTYING","description":"The device is in the process of carrying out its Smart Empty command from the host. The value emptied at the poll point is given in the event data.","value":[{"value":400,"country_code":"EUR"}]}]}
#9 [2026-09-12T16:00:29.028Z] (99908ms) POLL_RAW {"success":true,"status":"OK","command":"POLL","info":[{"code":179,"name":"SMART_EMPTYING","description":"The device is in the process of carrying out its Smart Empty command from the host. The value emptied at the poll point is given in the event data.","value":[{"value":400,"country_code":"EUR"}]}]}
#10 [2026-09-12T16:00:29.202Z] (100083ms) POLL_RAW {"success":true,"status":"OK","command":"POLL","info":[{"code":179,"name":"SMART_EMPTYING","description":"The device is in the process of carrying out its Smart Empty command from the host. The value emptied at the poll point is given in the event data.","value":[{"value":600,"country_code":"EUR"}]}]}
#11 [2026-09-12T16:00:29.378Z] (100259ms) POLL_RAW {"success":true,"status":"OK","command":"POLL","info":[{"code":179,"name":"SMART_EMPTYING","description":"The device is in the process of carrying out its Smart Empty command from the host. The value emptied at the poll point is given in the event data.","value":[{"value":600,"country_code":"EUR"}]}]}
#12 [2026-09-12T16:00:29.554Z] (100435ms) POLL_RAW {"success":true,"status":"OK","command":"POLL","info":[{"code":179,"name":"SMART_EMPTYING","description":"The device is in the process of carrying out its Smart Empty command from the host. The value emptied at the poll point is given in the event data.","value":[{"value":800,"country_code":"EUR"}]}]}
#13 [2026-09-12T16:00:29.730Z] (100611ms) POLL_RAW {"success":true,"status":"OK","command":"POLL","info":[{"code":179,"name":"SMART_EMPTYING","description":"The device is in the process of carrying out its Smart Empty command from the host. The value emptied at the poll point is given in the event data.","value":[{"value":800,"country_code":"EUR"}]}]}
#14 [2026-09-12T16:00:29.906Z] (100787ms) POLL_RAW {"success":true,"status":"OK","command":"POLL","info":[{"code":179,"name":"SMART_EMPTYING","description":"The device is in the process of carrying out its Smart Empty command from the host. The value emptied at the poll point is given in the event data.","value":[{"value":1000,"country_code":"EUR"}]}]}
#15 [2026-09-12T16:00:30.084Z] (100964ms) POLL_RAW {"success":true,"status":"OK","command":"POLL","info":[{"code":179,"name":"SMART_EMPTYING","description":"The device is in the process of carrying out its Smart Empty command from the host. The value emptied at the poll point is given in the event data.","value":[{"value":1000,"country_code":"EUR"}]}]}
#16 [2026-09-12T16:00:30.258Z] (101139ms) POLL_RAW {"success":true,"status":"OK","command":"POLL","info":[{"code":179,"name":"SMART_EMPTYING","description":"The device is in the process of carrying out its Smart Empty command from the host. The value emptied at the poll point is given in the event data.","value":[{"value":1200,"country_code":"EUR"}]}]}
#17 [2026-09-12T16:00:30.434Z] (101315ms) POLL_RAW {"success":true,"status":"OK","command":"POLL","info":[{"code":179,"name":"SMART_EMPTYING","description":"The device is in the process of carrying out its Smart Empty command from the host. The value emptied at the poll point is given in the event data.","value":[{"value":1200,"country_code":"EUR"}]}]}
#18 [2026-09-12T16:00:30.610Z] (101491ms) POLL_RAW {"success":true,"status":"OK","command":"POLL","info":[{"code":179,"name":"SMART_EMPTYING","description":"The device is in the process of carrying out its Smart Empty command from the host. The value emptied at the poll point is given in the event data.","value":[{"value":1200,"country_code":"EUR"}]}]}
#19 [2026-09-12T16:00:30.786Z] (101667ms) POLL_RAW {"success":true,"status":"OK","command":"POLL","info":[{"code":179,"name":"SMART_EMPTYING","description":"The device is in the process of carrying out its Smart Empty command from the host. The value emptied at the poll point is given in the event data.","value":[{"value":1200,"country_code":"EUR"}]}]}
#20 [2026-09-12T16:00:30.962Z] (101843ms) POLL_RAW {"success":true,"status":"OK","command":"POLL","info":[{"code":179,"name":"SMART_EMPTYING","description":"The device is in the process of carrying out its Smart Empty command from the host. The value emptied at the poll point is given in the event data.","value":[{"value":1400,"country_code":"EUR"}]}]}
#21 [2026-09-12T16:00:31.140Z] (102020ms) POLL_RAW {"success":true,"status":"OK","command":"POLL","info":[{"code":179,"name":"SMART_EMPTYING","description":"The device is in the process of carrying out its Smart Empty command from the host. The value emptied at the poll point is given in the event data.","value":[{"value":1400,"country_code":"EUR"}]}]}
#22 [2026-09-12T16:00:31.314Z] (102195ms) POLL_RAW {"success":true,"status":"OK","command":"POLL","info":[{"code":179,"name":"SMART_EMPTYING","description":"The device is in the process of carrying out its Smart Empty command from the host. The value emptied at the poll point is given in the event data.","value":[{"value":1400,"country_code":"EUR"}]}]}
#23 [2026-09-12T16:00:31.490Z] (102371ms) POLL_RAW {"success":true,"status":"OK","command":"POLL","info":[{"code":179,"name":"SMART_EMPTYING","description":"The device is in the process of carrying out its Smart Empty command from the host. The value emptied at the poll point is given in the event data.","value":[{"value":1400,"country_code":"EUR"}]}]}
#24 [2026-09-12T16:00:31.666Z] (102547ms) POLL_RAW {"success":true,"status":"OK","command":"POLL","info":[{"code":179,"name":"SMART_EMPTYING","description":"The device is in the process of carrying out its Smart Empty command from the host. The value emptied at the poll point is given in the event data.","value":[{"value":1600,"country_code":"EUR"}]}]}
#25 [2026-09-12T16:00:31.841Z] (102722ms) POLL_RAW {"success":true,"status":"OK","command":"POLL","info":[{"code":179,"name":"SMART_EMPTYING","description":"The device is in the process of carrying out its Smart Empty command from the host. The value emptied at the poll point is given in the event data.","value":[{"value":1600,"country_code":"EUR"}]}]}
#26 [2026-09-12T16:00:32.019Z] (102899ms) POLL_RAW {"success":true,"status":"OK","command":"POLL","info":[{"code":179,"name":"SMART_EMPTYING","description":"The device is in the process of carrying out its Smart Empty command from the host. The value emptied at the poll point is given in the event data.","value":[{"value":1600,"country_code":"EUR"}]}]}
#27 [2026-09-12T16:00:32.195Z] (103076ms) POLL_RAW {"success":true,"status":"OK","command":"POLL","info":[{"code":179,"name":"SMART_EMPTYING","description":"The device is in the process of carrying out its Smart Empty command from the host. The value emptied at the poll point is given in the event data.","value":[{"value":1800,"country_code":"EUR"}]}]}
#28 [2026-09-12T16:00:32.371Z] (103251ms) POLL_RAW {"success":true,"status":"OK","command":"POLL","info":[{"code":179,"name":"SMART_EMPTYING","description":"The device is in the process of carrying out its Smart Empty command from the host. The value emptied at the poll point is given in the event data.","value":[{"value":1800,"country_code":"EUR"}]}]}
#29 [2026-09-12T16:00:32.547Z] (103427ms) POLL_RAW {"success":true,"status":"OK","command":"POLL","info":[{"code":179,"name":"SMART_EMPTYING","description":"The device is in the process of carrying out its Smart Empty command from the host. The value emptied at the poll point is given in the event data.","value":[{"value":1800,"country_code":"EUR"}]}]}
#30 [2026-09-12T16:00:32.723Z] (103603ms) POLL_RAW {"success":true,"status":"OK","command":"POLL","info":[{"code":179,"name":"SMART_EMPTYING","description":"The device is in the process of carrying out its Smart Empty command from the host. The value emptied at the poll point is given in the event data.","value":[{"value":1800,"country_code":"EUR"}]}]}
#31 [2026-09-12T16:00:32.899Z] (103779ms) POLL_RAW {"success":true,"status":"OK","command":"POLL","info":[{"code":179,"name":"SMART_EMPTYING","description":"The device is in the process of carrying out its Smart Empty command from the host. The value emptied at the poll point is given in the event data.","value":[{"value":1800,"country_code":"EUR"}]}]}
#32 [2026-09-12T16:00:33.075Z] (103955ms) POLL_RAW {"success":true,"status":"OK","command":"POLL","info":[{"code":179,"name":"SMART_EMPTYING","description":"The device is in the process of carrying out its Smart Empty command from the host. The value emptied at the poll point is given in the event data.","value":[{"value":1800,"country_code":"EUR"}]}]}
#33 [2026-09-12T16:00:33.251Z] (104132ms) POLL_RAW {"success":true,"status":"OK","command":"POLL","info":[{"code":179,"name":"SMART_EMPTYING","description":"The device is in the process of carrying out its Smart Empty command from the host. The value emptied at the poll point is given in the event data.","value":[{"value":1800,"country_code":"EUR"}]}]}
#34 [2026-09-12T16:00:33.427Z] (104307ms) POLL_RAW {"success":true,"status":"OK","command":"POLL","info":[{"code":179,"name":"SMART_EMPTYING","description":"The device is in the process of carrying out its Smart Empty command from the host. The value emptied at the poll point is given in the event data.","value":[{"value":1800,"country_code":"EUR"}]}]}
#35 [2026-09-12T16:00:33.603Z] (104484ms) POLL_RAW {"success":true,"status":"OK","command":"POLL","info":[{"code":179,"name":"SMART_EMPTYING","description":"The device is in the process of carrying out its Smart Empty command from the host. The value emptied at the poll point is given in the event data.","value":[{"value":1800,"country_code":"EUR"}]}]}
#36 [2026-09-12T16:00:33.778Z] (104659ms) POLL_RAW {"success":true,"status":"OK","command":"POLL","info":[{"code":179,"name":"SMART_EMPTYING","description":"The device is in the process of carrying out its Smart Empty command from the host. The value emptied at the poll point is given in the event data.","value":[{"value":1800,"country_code":"EUR"}]}]}
#37 [2026-09-12T16:00:33.955Z] (104835ms) POLL_RAW {"success":true,"status":"OK","command":"POLL","info":[{"code":179,"name":"SMART_EMPTYING","description":"The device is in the process of carrying out its Smart Empty command from the host. The value emptied at the poll point is given in the event data.","value":[{"value":1800,"country_code":"EUR"}]}]}
#38 [2026-09-12T16:00:34.131Z] (105011ms) POLL_RAW {"success":true,"status":"OK","command":"POLL","info":[{"code":179,"name":"SMART_EMPTYING","description":"The device is in the process of carrying out its Smart Empty command from the host. The value emptied at the poll point is given in the event data.","value":[{"value":1800,"country_code":"EUR"}]}]}
#39 [2026-09-12T16:00:34.307Z] (105187ms) POLL_RAW {"success":true,"status":"OK","command":"POLL","info":[{"code":179,"name":"SMART_EMPTYING","description":"The device is in the process of carrying out its Smart Empty command from the host. The value emptied at the poll point is given in the event data.","value":[{"value":1800,"country_code":"EUR"}]}]}
#40 [2026-09-12T16:00:34.482Z] (105363ms) POLL_RAW {"success":true,"status":"OK","command":"POLL","info":[{"code":179,"name":"SMART_EMPTYING","description":"The device is in the process of carrying out its Smart Empty command from the host. The value emptied at the poll point is given in the event data.","value":[{"value":1800,"country_code":"EUR"}]}]}
#41 [2026-09-12T16:00:34.658Z] (105539ms) POLL_RAW {"success":true,"status":"OK","command":"POLL","info":[{"code":179,"name":"SMART_EMPTYING","description":"The device is in the process of carrying out its Smart Empty command from the host. The value emptied at the poll point is given in the event data.","value":[{"value":1800,"country_code":"EUR"}]}]}
#42 [2026-09-12T16:00:34.834Z] (105715ms) POLL_RAW {"success":true,"status":"OK","command":"POLL","info":[{"code":179,"name":"SMART_EMPTYING","description":"The device is in the process of carrying out its Smart Empty command from the host. The value emptied at the poll point is given in the event data.","value":[{"value":1800,"country_code":"EUR"}]}]}
#43 [2026-09-12T16:00:35.010Z] (105890ms) POLL_RAW {"success":true,"status":"OK","command":"POLL","info":[{"code":179,"name":"SMART_EMPTYING","description":"The device is in the process of carrying out its Smart Empty command from the host. The value emptied at the poll point is given in the event data.","value":[{"value":1800,"country_code":"EUR"}]}]}
#44 [2026-09-12T16:00:35.186Z] (106066ms) POLL_RAW {"success":true,"status":"OK","command":"POLL","info":[{"code":179,"name":"SMART_EMPTYING","description":"The device is in the process of carrying out its Smart Empty command from the host. The value emptied at the poll point is given in the event data.","value":[{"value":1800,"country_code":"EUR"}]}]}
#45 [2026-09-12T16:00:35.362Z] (106242ms) POLL_RAW {"success":true,"status":"OK","command":"POLL","info":[{"code":179,"name":"SMART_EMPTYING","description":"The device is in the process of carrying out its Smart Empty command from the host. The value emptied at the poll point is given in the event data.","value":[{"value":1800,"country_code":"EUR"}]}]}
#46 [2026-09-12T16:00:35.538Z] (106419ms) POLL_RAW {"success":true,"status":"OK","command":"POLL","info":[{"code":179,"name":"SMART_EMPTYING","description":"The device is in the process of carrying out its Smart Empty command from the host. The value emptied at the poll point is given in the event data.","value":[{"value":1800,"country_code":"EUR"}]}]}
#47 [2026-09-12T16:00:35.714Z] (106594ms) POLL_RAW {"success":true,"status":"OK","command":"POLL","info":[{"code":179,"name":"SMART_EMPTYING","description":"The device is in the process of carrying out its Smart Empty command from the host. The value emptied at the poll point is given in the event data.","value":[{"value":1800,"country_code":"EUR"}]}]}
#48 [2026-09-12T16:00:35.890Z] (106770ms) POLL_RAW {"success":true,"status":"OK","command":"POLL","info":[{"code":179,"name":"SMART_EMPTYING","description":"The device is in the process of carrying out its Smart Empty command from the host. The value emptied at the poll point is given in the event data.","value":[{"value":1800,"country_code":"EUR"}]}]}
#49 [2026-09-12T16:00:36.066Z] (106946ms) POLL_RAW {"success":true,"status":"OK","command":"POLL","info":[{"code":179,"name":"SMART_EMPTYING","description":"The device is in the process of carrying out its Smart Empty command from the host. The value emptied at the poll point is given in the event data.","value":[{"value":1800,"country_code":"EUR"}]}]}
#50 [2026-09-12T16:00:36.242Z] (107122ms) POLL_RAW {"success":true,"status":"OK","command":"POLL","info":[{"code":179,"name":"SMART_EMPTYING","description":"The device is in the process of carrying out its Smart Empty command from the host. The value emptied at the poll point is given in the event data.","value":[{"value":1800,"country_code":"EUR"}]}]}
#51 [2026-09-12T16:00:36.418Z] (107299ms) POLL_RAW {"success":true,"status":"OK","command":"POLL","info":[{"code":179,"name":"SMART_EMPTYING","description":"The device is in the process of carrying out its Smart Empty command from the host. The value emptied at the poll point is given in the event data.","value":[{"value":1800,"country_code":"EUR"}]}]}
#52 [2026-09-12T16:00:36.594Z] (107475ms) POLL_RAW {"success":true,"status":"OK","command":"POLL","info":[{"code":179,"name":"SMART_EMPTYING","description":"The device is in the process of carrying out its Smart Empty command from the host. The value emptied at the poll point is given in the event data.","value":[{"value":1800,"country_code":"EUR"}]}]}
#53 [2026-09-12T16:00:36.770Z] (107650ms) POLL_RAW {"success":true,"status":"OK","command":"POLL","info":[{"code":179,"name":"SMART_EMPTYING","description":"The device is in the process of carrying out its Smart Empty command from the host. The value emptied at the poll point is given in the event data.","value":[{"value":1800,"country_code":"EUR"}]}]}
#54 [2026-09-12T16:00:36.946Z] (107827ms) POLL_RAW {"success":true,"status":"OK","command":"POLL","info":[{"code":179,"name":"SMART_EMPTYING","description":"The device is in the process of carrying out its Smart Empty command from the host. The value emptied at the poll point is given in the event data.","value":[{"value":1800,"country_code":"EUR"}]}]}
#55 [2026-09-12T16:00:37.123Z] (108003ms) POLL_RAW {"success":true,"status":"OK","command":"POLL","info":[{"code":179,"name":"SMART_EMPTYING","description":"The device is in the process of carrying out its Smart Empty command from the host. The value emptied at the poll point is given in the event data.","value":[{"value":1800,"country_code":"EUR"}]}]}
#56 [2026-09-12T16:00:37.298Z] (108179ms) POLL_RAW {"success":true,"status":"OK","command":"POLL","info":[{"code":179,"name":"SMART_EMPTYING","description":"The device is in the process of carrying out its Smart Empty command from the host. The value emptied at the poll point is given in the event data.","value":[{"value":1800,"country_code":"EUR"}]}]}
#57 [2026-09-12T16:00:37.474Z] (108355ms) POLL_RAW {"success":true,"status":"OK","command":"POLL","info":[{"code":179,"name":"SMART_EMPTYING","description":"The device is in the process of carrying out its Smart Empty command from the host. The value emptied at the poll point is given in the event data.","value":[{"value":1800,"country_code":"EUR"}]}]}
#58 [2026-09-12T16:00:37.649Z] (108530ms) POLL_RAW {"success":true,"status":"OK","command":"POLL","info":[{"code":179,"name":"SMART_EMPTYING","description":"The device is in the process of carrying out its Smart Empty command from the host. The value emptied at the poll point is given in the event data.","value":[{"value":1800,"country_code":"EUR"}]}]}
#59 [2026-09-12T16:00:37.825Z] (108706ms) POLL_RAW {"success":true,"status":"OK","command":"POLL","info":[{"code":179,"name":"SMART_EMPTYING","description":"The device is in the process of carrying out its Smart Empty command from the host. The value emptied at the poll point is given in the event data.","value":[{"value":1800,"country_code":"EUR"}]}]}
#60 [2026-09-12T16:00:38.001Z] (108882ms) POLL_RAW {"success":true,"status":"OK","command":"POLL","info":[{"code":179,"name":"SMART_EMPTYING","description":"The device is in the process of carrying out its Smart Empty command from the host. The value emptied at the poll point is given in the event data.","value":[{"value":1800,"country_code":"EUR"}]}]}
#61 [2026-09-12T16:00:38.177Z] (109058ms) POLL_RAW {"success":true,"status":"OK","command":"POLL","info":[{"code":179,"name":"SMART_EMPTYING","description":"The device is in the process of carrying out its Smart Empty command from the host. The value emptied at the poll point is given in the event data.","value":[{"value":1800,"country_code":"EUR"}]}]}
#62 [2026-09-12T16:00:38.353Z] (109234ms) POLL_RAW {"success":true,"status":"OK","command":"POLL","info":[{"code":179,"name":"SMART_EMPTYING","description":"The device is in the process of carrying out its Smart Empty command from the host. The value emptied at the poll point is given in the event data.","value":[{"value":1800,"country_code":"EUR"}]}]}
#63 [2026-09-12T16:00:38.532Z] (109413ms) POLL_RAW {"success":true,"status":"OK","command":"POLL","info":[{"code":179,"name":"SMART_EMPTYING","description":"The device is in the process of carrying out its Smart Empty command from the host. The value emptied at the poll point is given in the event data.","value":[{"value":1800,"country_code":"EUR"}]}]}
#64 [2026-09-12T16:00:38.707Z] (109588ms) POLL_RAW {"success":true,"status":"OK","command":"POLL","info":[{"code":179,"name":"SMART_EMPTYING","description":"The device is in the process of carrying out its Smart Empty command from the host. The value emptied at the poll point is given in the event data.","value":[{"value":1800,"country_code":"EUR"}]}]}
#65 [2026-09-12T16:00:38.881Z] (109762ms) POLL_RAW {"success":true,"status":"OK","command":"POLL","info":[{"code":179,"name":"SMART_EMPTYING","description":"The device is in the process of carrying out its Smart Empty command from the host. The value emptied at the poll point is given in the event data.","value":[{"value":1800,"country_code":"EUR"}]}]}
#66 [2026-09-12T16:00:39.059Z] (109939ms) POLL_RAW {"success":true,"status":"OK","command":"POLL","info":[{"code":179,"name":"SMART_EMPTYING","description":"The device is in the process of carrying out its Smart Empty command from the host. The value emptied at the poll point is given in the event data.","value":[{"value":1800,"country_code":"EUR"}]}]}
#67 [2026-09-12T16:00:39.233Z] (110113ms) POLL_RAW {"success":true,"status":"OK","command":"POLL","info":[{"code":179,"name":"SMART_EMPTYING","description":"The device is in the process of carrying out its Smart Empty command from the host. The value emptied at the poll point is given in the event data.","value":[{"value":1800,"country_code":"EUR"}]}]}
#68 [2026-09-12T16:00:39.409Z] (110290ms) POLL_RAW {"success":true,"status":"OK","command":"POLL","info":[{"code":179,"name":"SMART_EMPTYING","description":"The device is in the process of carrying out its Smart Empty command from the host. The value emptied at the poll point is given in the event data.","value":[{"value":1800,"country_code":"EUR"}]}]}
#69 [2026-09-12T16:00:39.585Z] (110466ms) POLL_RAW {"success":true,"status":"OK","command":"POLL","info":[{"code":179,"name":"SMART_EMPTYING","description":"The device is in the process of carrying out its Smart Empty command from the host. The value emptied at the poll point is given in the event data.","value":[{"value":1800,"country_code":"EUR"}]}]}
#70 [2026-09-12T16:00:39.761Z] (110641ms) POLL_RAW {"success":true,"status":"OK","command":"POLL","info":[{"code":179,"name":"SMART_EMPTYING","description":"The device is in the process of carrying out its Smart Empty command from the host. The value emptied at the poll point is given in the event data.","value":[{"value":1800,"country_code":"EUR"}]}]}
#71 [2026-09-12T16:00:39.937Z] (110818ms) POLL_RAW {"success":true,"status":"OK","command":"POLL","info":[{"code":179,"name":"SMART_EMPTYING","description":"The device is in the process of carrying out its Smart Empty command from the host. The value emptied at the poll point is given in the event data.","value":[{"value":1800,"country_code":"EUR"}]}]}
#72 [2026-09-12T16:00:40.113Z] (110993ms) POLL_RAW {"success":true,"status":"OK","command":"POLL","info":[{"code":179,"name":"SMART_EMPTYING","description":"The device is in the process of carrying out its Smart Empty command from the host. The value emptied at the poll point is given in the event data.","value":[{"value":1800,"country_code":"EUR"}]}]}
#73 [2026-09-12T16:00:40.289Z] (111169ms) POLL_RAW {"success":true,"status":"OK","command":"POLL","info":[{"code":179,"name":"SMART_EMPTYING","description":"The device is in the process of carrying out its Smart Empty command from the host. The value emptied at the poll point is given in the event data.","value":[{"value":1800,"country_code":"EUR"}]}]}
#74 [2026-09-12T16:00:40.465Z] (111346ms) POLL_RAW {"success":true,"status":"OK","command":"POLL","info":[{"code":179,"name":"SMART_EMPTYING","description":"The device is in the process of carrying out its Smart Empty command from the host. The value emptied at the poll point is given in the event data.","value":[{"value":1800,"country_code":"EUR"}]}]}
#75 [2026-09-12T16:00:40.640Z] (111521ms) POLL_RAW {"success":true,"status":"OK","command":"POLL","info":[{"code":179,"name":"SMART_EMPTYING","description":"The device is in the process of carrying out its Smart Empty command from the host. The value emptied at the poll point is given in the event data.","value":[{"value":2000,"country_code":"EUR"}]}]}
#76 [2026-09-12T16:00:40.817Z] (111697ms) POLL_RAW {"success":true,"status":"OK","command":"POLL","info":[{"code":179,"name":"SMART_EMPTYING","description":"The device is in the process of carrying out its Smart Empty command from the host. The value emptied at the poll point is given in the event data.","value":[{"value":2000,"country_code":"EUR"}]}]}
#77 [2026-09-12T16:00:40.992Z] (111873ms) POLL_RAW {"success":true,"status":"OK","command":"POLL","info":[{"code":179,"name":"SMART_EMPTYING","description":"The device is in the process of carrying out its Smart Empty command from the host. The value emptied at the poll point is given in the event data.","value":[{"value":2000,"country_code":"EUR"}]}]}
#78 [2026-09-12T16:00:41.168Z] (112049ms) POLL_RAW {"success":true,"status":"OK","command":"POLL","info":[{"code":179,"name":"SMART_EMPTYING","description":"The device is in the process of carrying out its Smart Empty command from the host. The value emptied at the poll point is given in the event data.","value":[{"value":2000,"country_code":"EUR"}]}]}
#79 [2026-09-12T16:00:41.344Z] (112225ms) POLL_RAW {"success":true,"status":"OK","command":"POLL","info":[{"code":179,"name":"SMART_EMPTYING","description":"The device is in the process of carrying out its Smart Empty command from the host. The value emptied at the poll point is given in the event data.","value":[{"value":2000,"country_code":"EUR"}]}]}
#80 [2026-09-12T16:00:41.520Z] (112401ms) POLL_RAW {"success":true,"status":"OK","command":"POLL","info":[{"code":179,"name":"SMART_EMPTYING","description":"The device is in the process of carrying out its Smart Empty command from the host. The value emptied at the poll point is given in the event data.","value":[{"value":2000,"country_code":"EUR"}]}]}
#81 [2026-09-12T16:00:41.696Z] (112577ms) POLL_RAW {"success":true,"status":"OK","command":"POLL","info":[{"code":179,"name":"SMART_EMPTYING","description":"The device is in the process of carrying out its Smart Empty command from the host. The value emptied at the poll point is given in the event data.","value":[{"value":2000,"country_code":"EUR"}]}]}
#82 [2026-09-12T16:00:41.871Z] (112752ms) POLL_RAW {"success":true,"status":"OK","command":"POLL","info":[{"code":179,"name":"SMART_EMPTYING","description":"The device is in the process of carrying out its Smart Empty command from the host. The value emptied at the poll point is given in the event data.","value":[{"value":2000,"country_code":"EUR"}]}]}
#83 [2026-09-12T16:00:42.048Z] (112928ms) POLL_RAW {"success":true,"status":"OK","command":"POLL","info":[{"code":179,"name":"SMART_EMPTYING","description":"The device is in the process of carrying out its Smart Empty command from the host. The value emptied at the poll point is given in the event data.","value":[{"value":2000,"country_code":"EUR"}]}]}
#84 [2026-09-12T16:00:42.224Z] (113104ms) POLL_RAW {"success":true,"status":"OK","command":"POLL","info":[{"code":179,"name":"SMART_EMPTYING","description":"The device is in the process of carrying out its Smart Empty command from the host. The value emptied at the poll point is given in the event data.","value":[{"value":2000,"country_code":"EUR"}]}]}
#85 [2026-09-12T16:00:42.400Z] (113280ms) POLL_RAW {"success":true,"status":"OK","command":"POLL","info":[{"code":179,"name":"SMART_EMPTYING","description":"The device is in the process of carrying out its Smart Empty command from the host. The value emptied at the poll point is given in the event data.","value":[{"value":2000,"country_code":"EUR"}]}]}
#86 [2026-09-12T16:00:42.576Z] (113456ms) POLL_RAW {"success":true,"status":"OK","command":"POLL","info":[{"code":179,"name":"SMART_EMPTYING","description":"The device is in the process of carrying out its Smart Empty command from the host. The value emptied at the poll point is given in the event data.","value":[{"value":2000,"country_code":"EUR"}]}]}
#87 [2026-09-12T16:00:42.752Z] (113632ms) POLL_RAW {"success":true,"status":"OK","command":"POLL","info":[{"code":179,"name":"SMART_EMPTYING","description":"The device is in the process of carrying out its Smart Empty command from the host. The value emptied at the poll point is given in the event data.","value":[{"value":2000,"country_code":"EUR"}]}]}
#88 [2026-09-12T16:00:42.927Z] (113808ms) POLL_RAW {"success":true,"status":"OK","command":"POLL","info":[{"code":179,"name":"SMART_EMPTYING","description":"The device is in the process of carrying out its Smart Empty command from the host. The value emptied at the poll point is given in the event data.","value":[{"value":2000,"country_code":"EUR"}]}]}
#89 [2026-09-12T16:00:43.104Z] (113984ms) POLL_RAW {"success":true,"status":"OK","command":"POLL","info":[{"code":179,"name":"SMART_EMPTYING","description":"The device is in the process of carrying out its Smart Empty command from the host. The value emptied at the poll point is given in the event data.","value":[{"value":2000,"country_code":"EUR"}]}]}
#90 [2026-09-12T16:00:43.280Z] (114160ms) POLL_RAW {"success":true,"status":"OK","command":"POLL","info":[{"code":179,"name":"SMART_EMPTYING","description":"The device is in the process of carrying out its Smart Empty command from the host. The value emptied at the poll point is given in the event data.","value":[{"value":2000,"country_code":"EUR"}]}]}
#91 [2026-09-12T16:00:43.456Z] (114337ms) POLL_RAW {"success":true,"status":"OK","command":"POLL","info":[{"code":179,"name":"SMART_EMPTYING","description":"The device is in the process of carrying out its Smart Empty command from the host. The value emptied at the poll point is given in the event data.","value":[{"value":2000,"country_code":"EUR"}]}]}
#92 [2026-09-12T16:00:43.630Z] (114511ms) POLL_RAW {"success":true,"status":"OK","command":"POLL","info":[{"code":179,"name":"SMART_EMPTYING","description":"The device is in the process of carrying out its Smart Empty command from the host. The value emptied at the poll point is given in the event data.","value":[{"value":2200,"country_code":"EUR"}]}]}
#93 [2026-09-12T16:00:43.806Z] (114687ms) POLL_RAW {"success":true,"status":"OK","command":"POLL","info":[{"code":179,"name":"SMART_EMPTYING","description":"The device is in the process of carrying out its Smart Empty command from the host. The value emptied at the poll point is given in the event data.","value":[{"value":2200,"country_code":"EUR"}]}]}
#94 [2026-09-12T16:00:43.984Z] (114865ms) POLL_RAW {"success":true,"status":"OK","command":"POLL","info":[{"code":179,"name":"SMART_EMPTYING","description":"The device is in the process of carrying out its Smart Empty command from the host. The value emptied at the poll point is given in the event data.","value":[{"value":2200,"country_code":"EUR"}]}]}
#95 [2026-09-12T16:00:44.159Z] (115040ms) POLL_RAW {"success":true,"status":"OK","command":"POLL","info":[{"code":179,"name":"SMART_EMPTYING","description":"The device is in the process of carrying out its Smart Empty command from the host. The value emptied at the poll point is given in the event data.","value":[{"value":2200,"country_code":"EUR"}]}]}
#96 [2026-09-12T16:00:44.335Z] (115216ms) POLL_RAW {"success":true,"status":"OK","command":"POLL","info":[{"code":179,"name":"SMART_EMPTYING","description":"The device is in the process of carrying out its Smart Empty command from the host. The value emptied at the poll point is given in the event data.","value":[{"value":2200,"country_code":"EUR"}]}]}
#97 [2026-09-12T16:00:44.511Z] (115392ms) POLL_RAW {"success":true,"status":"OK","command":"POLL","info":[{"code":179,"name":"SMART_EMPTYING","description":"The device is in the process of carrying out its Smart Empty command from the host. The value emptied at the poll point is given in the event data.","value":[{"value":2200,"country_code":"EUR"}]}]}
#98 [2026-09-12T16:00:44.687Z] (115568ms) POLL_RAW {"success":true,"status":"OK","command":"POLL","info":[{"code":179,"name":"SMART_EMPTYING","description":"The device is in the process of carrying out its Smart Empty command from the host. The value emptied at the poll point is given in the event data.","value":[{"value":2200,"country_code":"EUR"}]}]}
#99 [2026-09-12T16:00:44.863Z] (115744ms) POLL_RAW {"success":true,"status":"OK","command":"POLL","info":[{"code":179,"name":"SMART_EMPTYING","description":"The device is in the process of carrying out its Smart Empty command from the host. The value emptied at the poll point is given in the event data.","value":[{"value":2200,"country_code":"EUR"}]}]}
#100 [2026-09-12T16:00:45.040Z] (115921ms) POLL_RAW {"success":true,"status":"OK","command":"POLL","info":[{"code":179,"name":"SMART_EMPTYING","description":"The device is in the process of carrying out its Smart Empty command from the host. The value emptied at the poll point is given in the event data.","value":[{"value":2200,"country_code":"EUR"}]}]}
#101 [2026-09-12T16:00:45.214Z] (116095ms) POLL_RAW {"success":true,"status":"OK","command":"POLL","info":[{"code":179,"name":"SMART_EMPTYING","description":"The device is in the process of carrying out its Smart Empty command from the host. The value emptied at the poll point is given in the event data.","value":[{"value":2200,"country_code":"EUR"}]}]}
#102 [2026-09-12T16:00:45.391Z] (116272ms) POLL_RAW {"success":true,"status":"OK","command":"POLL","info":[{"code":179,"name":"SMART_EMPTYING","description":"The device is in the process of carrying out its Smart Empty command from the host. The value emptied at the poll point is given in the event data.","value":[{"value":2200,"country_code":"EUR"}]}]}
#103 [2026-09-12T16:00:45.567Z] (116448ms) POLL_RAW {"success":true,"status":"OK","command":"POLL","info":[{"code":179,"name":"SMART_EMPTYING","description":"The device is in the process of carrying out its Smart Empty command from the host. The value emptied at the poll point is given in the event data.","value":[{"value":2200,"country_code":"EUR"}]}]}
#104 [2026-09-12T16:00:45.743Z] (116624ms) POLL_RAW {"success":true,"status":"OK","command":"POLL","info":[{"code":179,"name":"SMART_EMPTYING","description":"The device is in the process of carrying out its Smart Empty command from the host. The value emptied at the poll point is given in the event data.","value":[{"value":2200,"country_code":"EUR"}]}]}
#105 [2026-09-12T16:00:45.919Z] (116800ms) POLL_RAW {"success":true,"status":"OK","command":"POLL","info":[{"code":179,"name":"SMART_EMPTYING","description":"The device is in the process of carrying out its Smart Empty command from the host. The value emptied at the poll point is given in the event data.","value":[{"value":2200,"country_code":"EUR"}]}]}
#106 [2026-09-12T16:00:46.095Z] (116976ms) POLL_RAW {"success":true,"status":"OK","command":"POLL","info":[{"code":179,"name":"SMART_EMPTYING","description":"The device is in the process of carrying out its Smart Empty command from the host. The value emptied at the poll point is given in the event data.","value":[{"value":2200,"country_code":"EUR"}]}]}
#107 [2026-09-12T16:00:46.271Z] (117152ms) POLL_RAW {"success":true,"status":"OK","command":"POLL","info":[{"code":179,"name":"SMART_EMPTYING","description":"The device is in the process of carrying out its Smart Empty command from the host. The value emptied at the poll point is given in the event data.","value":[{"value":2200,"country_code":"EUR"}]}]}
#108 [2026-09-12T16:00:46.446Z] (117327ms) POLL_RAW {"success":true,"status":"OK","command":"POLL","info":[{"code":179,"name":"SMART_EMPTYING","description":"The device is in the process of carrying out its Smart Empty command from the host. The value emptied at the poll point is given in the event data.","value":[{"value":2200,"country_code":"EUR"}]}]}
#109 [2026-09-12T16:00:46.623Z] (117504ms) POLL_RAW {"success":true,"status":"OK","command":"POLL","info":[{"code":179,"name":"SMART_EMPTYING","description":"The device is in the process of carrying out its Smart Empty command from the host. The value emptied at the poll point is given in the event data.","value":[{"value":2200,"country_code":"EUR"}]}]}
#110 [2026-09-12T16:00:46.798Z] (117679ms) POLL_RAW {"success":true,"status":"OK","command":"POLL","info":[{"code":179,"name":"SMART_EMPTYING","description":"The device is in the process of carrying out its Smart Empty command from the host. The value emptied at the poll point is given in the event data.","value":[{"value":2200,"country_code":"EUR"}]}]}
#111 [2026-09-12T16:00:46.975Z] (117856ms) POLL_RAW {"success":true,"status":"OK","command":"POLL","info":[{"code":179,"name":"SMART_EMPTYING","description":"The device is in the process of carrying out its Smart Empty command from the host. The value emptied at the poll point is given in the event data.","value":[{"value":2200,"country_code":"EUR"}]}]}
#112 [2026-09-12T16:00:47.149Z] (118030ms) POLL_RAW {"success":true,"status":"OK","command":"POLL","info":[{"code":179,"name":"SMART_EMPTYING","description":"The device is in the process of carrying out its Smart Empty command from the host. The value emptied at the poll point is given in the event data.","value":[{"value":2200,"country_code":"EUR"}]}]}
#113 [2026-09-12T16:00:47.326Z] (118207ms) POLL_RAW {"success":true,"status":"OK","command":"POLL","info":[{"code":179,"name":"SMART_EMPTYING","description":"The device is in the process of carrying out its Smart Empty command from the host. The value emptied at the poll point is given in the event data.","value":[{"value":2200,"country_code":"EUR"}]}]}
#114 [2026-09-12T16:00:47.501Z] (118382ms) POLL_RAW {"success":true,"status":"OK","command":"POLL","info":[{"code":179,"name":"SMART_EMPTYING","description":"The device is in the process of carrying out its Smart Empty command from the host. The value emptied at the poll point is given in the event data.","value":[{"value":2200,"country_code":"EUR"}]}]}
#115 [2026-09-12T16:00:47.677Z] (118558ms) POLL_RAW {"success":true,"status":"OK","command":"POLL","info":[{"code":179,"name":"SMART_EMPTYING","description":"The device is in the process of carrying out its Smart Empty command from the host. The value emptied at the poll point is given in the event data.","value":[{"value":2200,"country_code":"EUR"}]}]}
#116 [2026-09-12T16:00:47.854Z] (118735ms) POLL_RAW {"success":true,"status":"OK","command":"POLL","info":[{"code":179,"name":"SMART_EMPTYING","description":"The device is in the process of carrying out its Smart Empty command from the host. The value emptied at the poll point is given in the event data.","value":[{"value":2200,"country_code":"EUR"}]}]}
#117 [2026-09-12T16:00:48.029Z] (118910ms) POLL_RAW {"success":true,"status":"OK","command":"POLL","info":[{"code":179,"name":"SMART_EMPTYING","description":"The device is in the process of carrying out its Smart Empty command from the host. The value emptied at the poll point is given in the event data.","value":[{"value":2200,"country_code":"EUR"}]}]}
#118 [2026-09-12T16:00:48.206Z] (119086ms) POLL_RAW {"success":true,"status":"OK","command":"POLL","info":[{"code":179,"name":"SMART_EMPTYING","description":"The device is in the process of carrying out its Smart Empty command from the host. The value emptied at the poll point is given in the event data.","value":[{"value":2200,"country_code":"EUR"}]}]}
#119 [2026-09-12T16:00:48.382Z] (119263ms) POLL_RAW {"success":true,"status":"OK","command":"POLL","info":[{"code":179,"name":"SMART_EMPTYING","description":"The device is in the process of carrying out its Smart Empty command from the host. The value emptied at the poll point is given in the event data.","value":[{"value":2200,"country_code":"EUR"}]}]}
#120 [2026-09-12T16:00:48.559Z] (119439ms) POLL_RAW {"success":true,"status":"OK","command":"POLL","info":[{"code":179,"name":"SMART_EMPTYING","description":"The device is in the process of carrying out its Smart Empty command from the host. The value emptied at the poll point is given in the event data.","value":[{"value":2200,"country_code":"EUR"}]}]}
#121 [2026-09-12T16:00:48.733Z] (119614ms) POLL_RAW {"success":true,"status":"OK","command":"POLL","info":[{"code":179,"name":"SMART_EMPTYING","description":"The device is in the process of carrying out its Smart Empty command from the host. The value emptied at the poll point is given in the event data.","value":[{"value":2200,"country_code":"EUR"}]}]}
#122 [2026-09-12T16:00:48.909Z] (119790ms) POLL_RAW {"success":true,"status":"OK","command":"POLL","info":[{"code":179,"name":"SMART_EMPTYING","description":"The device is in the process of carrying out its Smart Empty command from the host. The value emptied at the poll point is given in the event data.","value":[{"value":2200,"country_code":"EUR"}]}]}
#123 [2026-09-12T16:00:49.086Z] (119967ms) POLL_RAW {"success":true,"status":"OK","command":"POLL","info":[{"code":179,"name":"SMART_EMPTYING","description":"The device is in the process of carrying out its Smart Empty command from the host. The value emptied at the poll point is given in the event data.","value":[{"value":2200,"country_code":"EUR"}]}]}
#124 [2026-09-12T16:00:49.262Z] (120143ms) POLL_RAW {"success":true,"status":"OK","command":"POLL","info":[{"code":179,"name":"SMART_EMPTYING","description":"The device is in the process of carrying out its Smart Empty command from the host. The value emptied at the poll point is given in the event data.","value":[{"value":2200,"country_code":"EUR"}]}]}
#125 [2026-09-12T16:00:49.437Z] (120318ms) POLL_RAW {"success":true,"status":"OK","command":"POLL","info":[{"code":179,"name":"SMART_EMPTYING","description":"The device is in the process of carrying out its Smart Empty command from the host. The value emptied at the poll point is given in the event data.","value":[{"value":2200,"country_code":"EUR"}]}]}
#126 [2026-09-12T16:00:49.613Z] (120494ms) POLL_RAW {"success":true,"status":"OK","command":"POLL","info":[{"code":179,"name":"SMART_EMPTYING","description":"The device is in the process of carrying out its Smart Empty command from the host. The value emptied at the poll point is given in the event data.","value":[{"value":2200,"country_code":"EUR"}]}]}
#127 [2026-09-12T16:00:49.789Z] (120670ms) POLL_RAW {"success":true,"status":"OK","command":"POLL","info":[{"code":179,"name":"SMART_EMPTYING","description":"The device is in the process of carrying out its Smart Empty command from the host. The value emptied at the poll point is given in the event data.","value":[{"value":2200,"country_code":"EUR"}]}]}
#128 [2026-09-12T16:00:49.965Z] (120846ms) POLL_RAW {"success":true,"status":"OK","command":"POLL","info":[{"code":179,"name":"SMART_EMPTYING","description":"The device is in the process of carrying out its Smart Empty command from the host. The value emptied at the poll point is given in the event data.","value":[{"value":2200,"country_code":"EUR"}]}]}
#129 [2026-09-12T16:00:50.140Z] (121021ms) POLL_RAW {"success":true,"status":"OK","command":"POLL","info":[{"code":179,"name":"SMART_EMPTYING","description":"The device is in the process of carrying out its Smart Empty command from the host. The value emptied at the poll point is given in the event data.","value":[{"value":2200,"country_code":"EUR"}]}]}
#130 [2026-09-12T16:00:50.316Z] (121197ms) POLL_RAW {"success":true,"status":"OK","command":"POLL","info":[{"code":179,"name":"SMART_EMPTYING","description":"The device is in the process of carrying out its Smart Empty command from the host. The value emptied at the poll point is given in the event data.","value":[{"value":2200,"country_code":"EUR"}]}]}
#131 [2026-09-12T16:00:50.492Z] (121373ms) POLL_RAW {"success":true,"status":"OK","command":"POLL","info":[{"code":179,"name":"SMART_EMPTYING","description":"The device is in the process of carrying out its Smart Empty command from the host. The value emptied at the poll point is given in the event data.","value":[{"value":2200,"country_code":"EUR"}]}]}
#132 [2026-09-12T16:00:50.668Z] (121549ms) POLL_RAW {"success":true,"status":"OK","command":"POLL","info":[{"code":179,"name":"SMART_EMPTYING","description":"The device is in the process of carrying out its Smart Empty command from the host. The value emptied at the poll point is given in the event data.","value":[{"value":2200,"country_code":"EUR"}]}]}
#133 [2026-09-12T16:00:50.844Z] (121725ms) POLL_RAW {"success":true,"status":"OK","command":"POLL","info":[{"code":179,"name":"SMART_EMPTYING","description":"The device is in the process of carrying out its Smart Empty command from the host. The value emptied at the poll point is given in the event data.","value":[{"value":2200,"country_code":"EUR"}]}]}
#134 [2026-09-12T16:00:51.021Z] (121901ms) POLL_RAW {"success":true,"status":"OK","command":"POLL","info":[{"code":179,"name":"SMART_EMPTYING","description":"The device is in the process of carrying out its Smart Empty command from the host. The value emptied at the poll point is given in the event data.","value":[{"value":2200,"country_code":"EUR"}]}]}
#135 [2026-09-12T16:00:51.196Z] (122077ms) POLL_RAW {"success":true,"status":"OK","command":"POLL","info":[{"code":179,"name":"SMART_EMPTYING","description":"The device is in the process of carrying out its Smart Empty command from the host. The value emptied at the poll point is given in the event data.","value":[{"value":2200,"country_code":"EUR"}]}]}
#136 [2026-09-12T16:00:51.372Z] (122253ms) POLL_RAW {"success":true,"status":"OK","command":"POLL","info":[{"code":179,"name":"SMART_EMPTYING","description":"The device is in the process of carrying out its Smart Empty command from the host. The value emptied at the poll point is given in the event data.","value":[{"value":2200,"country_code":"EUR"}]}]}
#137 [2026-09-12T16:00:51.549Z] (122430ms) POLL_RAW {"success":true,"status":"OK","command":"POLL","info":[{"code":179,"name":"SMART_EMPTYING","description":"The device is in the process of carrying out its Smart Empty command from the host. The value emptied at the poll point is given in the event data.","value":[{"value":2200,"country_code":"EUR"}]}]}
#138 [2026-09-12T16:00:51.724Z] (122605ms) POLL_RAW {"success":true,"status":"OK","command":"POLL","info":[{"code":179,"name":"SMART_EMPTYING","description":"The device is in the process of carrying out its Smart Empty command from the host. The value emptied at the poll point is given in the event data.","value":[{"value":2200,"country_code":"EUR"}]}]}
#139 [2026-09-12T16:00:51.900Z] (122781ms) POLL_RAW {"success":true,"status":"OK","command":"POLL","info":[{"code":179,"name":"SMART_EMPTYING","description":"The device is in the process of carrying out its Smart Empty command from the host. The value emptied at the poll point is given in the event data.","value":[{"value":2200,"country_code":"EUR"}]}]}
#140 [2026-09-12T16:00:52.077Z] (122958ms) POLL_RAW {"success":true,"status":"OK","command":"POLL","info":[{"code":179,"name":"SMART_EMPTYING","description":"The device is in the process of carrying out its Smart Empty command from the host. The value emptied at the poll point is given in the event data.","value":[{"value":2200,"country_code":"EUR"}]}]}
#141 [2026-09-12T16:00:52.252Z] (123133ms) POLL_RAW {"success":true,"status":"OK","command":"POLL","info":[{"code":179,"name":"SMART_EMPTYING","description":"The device is in the process of carrying out its Smart Empty command from the host. The value emptied at the poll point is given in the event data.","value":[{"value":2200,"country_code":"EUR"}]}]}
#142 [2026-09-12T16:00:52.429Z] (123310ms) POLL_RAW {"success":true,"status":"OK","command":"POLL","info":[{"code":179,"name":"SMART_EMPTYING","description":"The device is in the process of carrying out its Smart Empty command from the host. The value emptied at the poll point is given in the event data.","value":[{"value":2200,"country_code":"EUR"}]}]}
#143 [2026-09-12T16:00:52.606Z] (123486ms) POLL_RAW {"success":true,"status":"OK","command":"POLL","info":[{"code":179,"name":"SMART_EMPTYING","description":"The device is in the process of carrying out its Smart Empty command from the host. The value emptied at the poll point is given in the event data.","value":[{"value":2200,"country_code":"EUR"}]}]}
#144 [2026-09-12T16:00:52.782Z] (123662ms) POLL_RAW {"success":true,"status":"OK","command":"POLL","info":[{"code":179,"name":"SMART_EMPTYING","description":"The device is in the process of carrying out its Smart Empty command from the host. The value emptied at the poll point is given in the event data.","value":[{"value":2200,"country_code":"EUR"}]}]}
#145 [2026-09-12T16:00:52.957Z] (123838ms) POLL_RAW {"success":true,"status":"OK","command":"POLL","info":[{"code":179,"name":"SMART_EMPTYING","description":"The device is in the process of carrying out its Smart Empty command from the host. The value emptied at the poll point is given in the event data.","value":[{"value":2200,"country_code":"EUR"}]}]}
#146 [2026-09-12T16:00:53.133Z] (124013ms) POLL_RAW {"success":true,"status":"OK","command":"POLL","info":[{"code":179,"name":"SMART_EMPTYING","description":"The device is in the process of carrying out its Smart Empty command from the host. The value emptied at the poll point is given in the event data.","value":[{"value":2200,"country_code":"EUR"}]}]}
#147 [2026-09-12T16:00:53.308Z] (124189ms) POLL_RAW {"success":true,"status":"OK","command":"POLL","info":[{"code":179,"name":"SMART_EMPTYING","description":"The device is in the process of carrying out its Smart Empty command from the host. The value emptied at the poll point is given in the event data.","value":[{"value":2200,"country_code":"EUR"}]}]}
#148 [2026-09-12T16:00:53.486Z] (124366ms) POLL_RAW {"success":true,"status":"OK","command":"POLL","info":[{"code":179,"name":"SMART_EMPTYING","description":"The device is in the process of carrying out its Smart Empty command from the host. The value emptied at the poll point is given in the event data.","value":[{"value":2200,"country_code":"EUR"}]}]}
#149 [2026-09-12T16:00:53.662Z] (124542ms) POLL_RAW {"success":true,"status":"OK","command":"POLL","info":[{"code":179,"name":"SMART_EMPTYING","description":"The device is in the process of carrying out its Smart Empty command from the host. The value emptied at the poll point is given in the event data.","value":[{"value":2200,"country_code":"EUR"}]}]}
#150 [2026-09-12T16:00:53.837Z] (124718ms) POLL_RAW {"success":true,"status":"OK","command":"POLL","info":[{"code":179,"name":"SMART_EMPTYING","description":"The device is in the process of carrying out its Smart Empty command from the host. The value emptied at the poll point is given in the event data.","value":[{"value":2200,"country_code":"EUR"}]}]}
#151 [2026-09-12T16:00:54.013Z] (124893ms) POLL_RAW {"success":true,"status":"OK","command":"POLL","info":[{"code":179,"name":"SMART_EMPTYING","description":"The device is in the process of carrying out its Smart Empty command from the host. The value emptied at the poll point is given in the event data.","value":[{"value":2200,"country_code":"EUR"}]}]}
#152 [2026-09-12T16:00:54.188Z] (125069ms) POLL_RAW {"success":true,"status":"OK","command":"POLL","info":[{"code":179,"name":"SMART_EMPTYING","description":"The device is in the process of carrying out its Smart Empty command from the host. The value emptied at the poll point is given in the event data.","value":[{"value":2200,"country_code":"EUR"}]}]}
#153 [2026-09-12T16:00:54.364Z] (125245ms) POLL_RAW {"success":true,"status":"OK","command":"POLL","info":[{"code":179,"name":"SMART_EMPTYING","description":"The device is in the process of carrying out its Smart Empty command from the host. The value emptied at the poll point is given in the event data.","value":[{"value":2200,"country_code":"EUR"}]}]}
#154 [2026-09-12T16:00:54.541Z] (125421ms) POLL_RAW {"success":true,"status":"OK","command":"POLL","info":[{"code":179,"name":"SMART_EMPTYING","description":"The device is in the process of carrying out its Smart Empty command from the host. The value emptied at the poll point is given in the event data.","value":[{"value":2200,"country_code":"EUR"}]}]}
#155 [2026-09-12T16:00:54.717Z] (125597ms) POLL_RAW {"success":true,"status":"OK","command":"POLL","info":[{"code":179,"name":"SMART_EMPTYING","description":"The device is in the process of carrying out its Smart Empty command from the host. The value emptied at the poll point is given in the event data.","value":[{"value":2200,"country_code":"EUR"}]}]}
#156 [2026-09-12T16:00:54.892Z] (125773ms) POLL_RAW {"success":true,"status":"OK","command":"POLL","info":[{"code":179,"name":"SMART_EMPTYING","description":"The device is in the process of carrying out its Smart Empty command from the host. The value emptied at the poll point is given in the event data.","value":[{"value":2200,"country_code":"EUR"}]}]}
#157 [2026-09-12T16:00:55.069Z] (125949ms) POLL_RAW {"success":true,"status":"OK","command":"POLL","info":[{"code":179,"name":"SMART_EMPTYING","description":"The device is in the process of carrying out its Smart Empty command from the host. The value emptied at the poll point is given in the event data.","value":[{"value":2200,"country_code":"EUR"}]}]}
#158 [2026-09-12T16:00:55.244Z] (126125ms) POLL_RAW {"success":true,"status":"OK","command":"POLL","info":[{"code":179,"name":"SMART_EMPTYING","description":"The device is in the process of carrying out its Smart Empty command from the host. The value emptied at the poll point is given in the event data.","value":[{"value":2200,"country_code":"EUR"}]}]}
#159 [2026-09-12T16:00:55.421Z] (126301ms) POLL_RAW {"success":true,"status":"OK","command":"POLL","info":[{"code":179,"name":"SMART_EMPTYING","description":"The device is in the process of carrying out its Smart Empty command from the host. The value emptied at the poll point is given in the event data.","value":[{"value":2200,"country_code":"EUR"}]}]}
#160 [2026-09-12T16:00:55.597Z] (126477ms) POLL_RAW {"success":true,"status":"OK","command":"POLL","info":[{"code":179,"name":"SMART_EMPTYING","description":"The device is in the process of carrying out its Smart Empty command from the host. The value emptied at the poll point is given in the event data.","value":[{"value":2200,"country_code":"EUR"}]}]}
#161 [2026-09-12T16:00:55.773Z] (126654ms) POLL_RAW {"success":true,"status":"OK","command":"POLL","info":[{"code":179,"name":"SMART_EMPTYING","description":"The device is in the process of carrying out its Smart Empty command from the host. The value emptied at the poll point is given in the event data.","value":[{"value":2200,"country_code":"EUR"}]}]}
#162 [2026-09-12T16:00:55.948Z] (126828ms) POLL_RAW {"success":true,"status":"OK","command":"POLL","info":[{"code":179,"name":"SMART_EMPTYING","description":"The device is in the process of carrying out its Smart Empty command from the host. The value emptied at the poll point is given in the event data.","value":[{"value":2200,"country_code":"EUR"}]}]}
#163 [2026-09-12T16:00:56.124Z] (127004ms) POLL_RAW {"success":true,"status":"OK","command":"POLL","info":[{"code":179,"name":"SMART_EMPTYING","description":"The device is in the process of carrying out its Smart Empty command from the host. The value emptied at the poll point is given in the event data.","value":[{"value":2200,"country_code":"EUR"}]}]}
#164 [2026-09-12T16:00:56.300Z] (127180ms) POLL_RAW {"success":true,"status":"OK","command":"POLL","info":[{"code":179,"name":"SMART_EMPTYING","description":"The device is in the process of carrying out its Smart Empty command from the host. The value emptied at the poll point is given in the event data.","value":[{"value":2200,"country_code":"EUR"}]}]}
#165 [2026-09-12T16:00:56.475Z] (127356ms) POLL_RAW {"success":true,"status":"OK","command":"POLL","info":[{"code":179,"name":"SMART_EMPTYING","description":"The device is in the process of carrying out its Smart Empty command from the host. The value emptied at the poll point is given in the event data.","value":[{"value":2200,"country_code":"EUR"}]}]}
#166 [2026-09-12T16:00:56.652Z] (127532ms) POLL_RAW {"success":true,"status":"OK","command":"POLL","info":[{"code":179,"name":"SMART_EMPTYING","description":"The device is in the process of carrying out its Smart Empty command from the host. The value emptied at the poll point is given in the event data.","value":[{"value":2200,"country_code":"EUR"}]}]}
#167 [2026-09-12T16:00:56.828Z] (127709ms) POLL_RAW {"success":true,"status":"OK","command":"POLL","info":[{"code":179,"name":"SMART_EMPTYING","description":"The device is in the process of carrying out its Smart Empty command from the host. The value emptied at the poll point is given in the event data.","value":[{"value":2200,"country_code":"EUR"}]}]}
#168 [2026-09-12T16:00:57.004Z] (127884ms) POLL_RAW {"success":true,"status":"OK","command":"POLL","info":[{"code":179,"name":"SMART_EMPTYING","description":"The device is in the process of carrying out its Smart Empty command from the host. The value emptied at the poll point is given in the event data.","value":[{"value":2200,"country_code":"EUR"}]}]}
#169 [2026-09-12T16:00:57.180Z] (128060ms) POLL_RAW {"success":true,"status":"OK","command":"POLL","info":[{"code":179,"name":"SMART_EMPTYING","description":"The device is in the process of carrying out its Smart Empty command from the host. The value emptied at the poll point is given in the event data.","value":[{"value":2200,"country_code":"EUR"}]}]}
#170 [2026-09-12T16:00:57.356Z] (128236ms) POLL_RAW {"success":true,"status":"OK","command":"POLL","info":[{"code":179,"name":"SMART_EMPTYING","description":"The device is in the process of carrying out its Smart Empty command from the host. The value emptied at the poll point is given in the event data.","value":[{"value":2200,"country_code":"EUR"}]}]}
#171 [2026-09-12T16:00:57.532Z] (128412ms) POLL_RAW {"success":true,"status":"OK","command":"POLL","info":[{"code":179,"name":"SMART_EMPTYING","description":"The device is in the process of carrying out its Smart Empty command from the host. The value emptied at the poll point is given in the event data.","value":[{"value":2200,"country_code":"EUR"}]}]}
#172 [2026-09-12T16:00:57.708Z] (128588ms) POLL_RAW {"success":true,"status":"OK","command":"POLL","info":[{"code":179,"name":"SMART_EMPTYING","description":"The device is in the process of carrying out its Smart Empty command from the host. The value emptied at the poll point is given in the event data.","value":[{"value":2200,"country_code":"EUR"}]}]}
#173 [2026-09-12T16:00:57.884Z] (128765ms) POLL_RAW {"success":true,"status":"OK","command":"POLL","info":[{"code":179,"name":"SMART_EMPTYING","description":"The device is in the process of carrying out its Smart Empty command from the host. The value emptied at the poll point is given in the event data.","value":[{"value":2200,"country_code":"EUR"}]}]}
#174 [2026-09-12T16:00:58.060Z] (128940ms) POLL_RAW {"success":true,"status":"OK","command":"POLL","info":[{"code":179,"name":"SMART_EMPTYING","description":"The device is in the process of carrying out its Smart Empty command from the host. The value emptied at the poll point is given in the event data.","value":[{"value":2200,"country_code":"EUR"}]}]}
#175 [2026-09-12T16:00:58.236Z] (129116ms) POLL_RAW {"success":true,"status":"OK","command":"POLL","info":[{"code":179,"name":"SMART_EMPTYING","description":"The device is in the process of carrying out its Smart Empty command from the host. The value emptied at the poll point is given in the event data.","value":[{"value":2200,"country_code":"EUR"}]}]}
#176 [2026-09-12T16:00:58.412Z] (129292ms) POLL_RAW {"success":true,"status":"OK","command":"POLL","info":[{"code":179,"name":"SMART_EMPTYING","description":"The device is in the process of carrying out its Smart Empty command from the host. The value emptied at the poll point is given in the event data.","value":[{"value":2200,"country_code":"EUR"}]}]}
#177 [2026-09-12T16:00:58.588Z] (129469ms) POLL_RAW {"success":true,"status":"OK","command":"POLL","info":[{"code":179,"name":"SMART_EMPTYING","description":"The device is in the process of carrying out its Smart Empty command from the host. The value emptied at the poll point is given in the event data.","value":[{"value":2200,"country_code":"EUR"}]}]}
#178 [2026-09-12T16:00:58.764Z] (129645ms) POLL_RAW {"success":true,"status":"OK","command":"POLL","info":[{"code":179,"name":"SMART_EMPTYING","description":"The device is in the process of carrying out its Smart Empty command from the host. The value emptied at the poll point is given in the event data.","value":[{"value":2200,"country_code":"EUR"}]}]}
#179 [2026-09-12T16:00:58.940Z] (129821ms) POLL_RAW {"success":true,"status":"OK","command":"POLL","info":[{"code":179,"name":"SMART_EMPTYING","description":"The device is in the process of carrying out its Smart Empty command from the host. The value emptied at the poll point is given in the event data.","value":[{"value":2200,"country_code":"EUR"}]}]}
#180 [2026-09-12T16:00:59.115Z] (129996ms) POLL_RAW {"success":true,"status":"OK","command":"POLL","info":[{"code":179,"name":"SMART_EMPTYING","description":"The device is in the process of carrying out its Smart Empty command from the host. The value emptied at the poll point is given in the event data.","value":[{"value":2200,"country_code":"EUR"}]}]}
#181 [2026-09-12T16:00:59.291Z] (130171ms) POLL_RAW {"success":true,"status":"OK","command":"POLL","info":[{"code":179,"name":"SMART_EMPTYING","description":"The device is in the process of carrying out its Smart Empty command from the host. The value emptied at the poll point is given in the event data.","value":[{"value":2200,"country_code":"EUR"}]}]}
#182 [2026-09-12T16:00:59.467Z] (130347ms) POLL_RAW {"success":true,"status":"OK","command":"POLL","info":[{"code":179,"name":"SMART_EMPTYING","description":"The device is in the process of carrying out its Smart Empty command from the host. The value emptied at the poll point is given in the event data.","value":[{"value":2200,"country_code":"EUR"}]}]}
#183 [2026-09-12T16:00:59.643Z] (130524ms) POLL_RAW {"success":true,"status":"OK","command":"POLL","info":[{"code":179,"name":"SMART_EMPTYING","description":"The device is in the process of carrying out its Smart Empty command from the host. The value emptied at the poll point is given in the event data.","value":[{"value":2200,"country_code":"EUR"}]}]}
#184 [2026-09-12T16:00:59.819Z] (130699ms) POLL_RAW {"success":true,"status":"OK","command":"POLL","info":[{"code":179,"name":"SMART_EMPTYING","description":"The device is in the process of carrying out its Smart Empty command from the host. The value emptied at the poll point is given in the event data.","value":[{"value":2200,"country_code":"EUR"}]}]}
#185 [2026-09-12T16:00:59.995Z] (130875ms) POLL_RAW {"success":true,"status":"OK","command":"POLL","info":[{"code":179,"name":"SMART_EMPTYING","description":"The device is in the process of carrying out its Smart Empty command from the host. The value emptied at the poll point is given in the event data.","value":[{"value":2200,"country_code":"EUR"}]}]}
#186 [2026-09-12T16:01:00.171Z] (131051ms) POLL_RAW {"success":true,"status":"OK","command":"POLL","info":[{"code":179,"name":"SMART_EMPTYING","description":"The device is in the process of carrying out its Smart Empty command from the host. The value emptied at the poll point is given in the event data.","value":[{"value":2200,"country_code":"EUR"}]}]}
#187 [2026-09-12T16:01:00.347Z] (131227ms) POLL_RAW {"success":true,"status":"OK","command":"POLL","info":[{"code":179,"name":"SMART_EMPTYING","description":"The device is in the process of carrying out its Smart Empty command from the host. The value emptied at the poll point is given in the event data.","value":[{"value":2200,"country_code":"EUR"}]}]}
#188 [2026-09-12T16:01:00.523Z] (131403ms) POLL_RAW {"success":true,"status":"OK","command":"POLL","info":[{"code":179,"name":"SMART_EMPTYING","description":"The device is in the process of carrying out its Smart Empty command from the host. The value emptied at the poll point is given in the event data.","value":[{"value":2200,"country_code":"EUR"}]}]}
#189 [2026-09-12T16:01:00.699Z] (131579ms) POLL_RAW {"success":true,"status":"OK","command":"POLL","info":[{"code":179,"name":"SMART_EMPTYING","description":"The device is in the process of carrying out its Smart Empty command from the host. The value emptied at the poll point is given in the event data.","value":[{"value":2200,"country_code":"EUR"}]}]}
#190 [2026-09-12T16:01:00.875Z] (131755ms) POLL_RAW {"success":true,"status":"OK","command":"POLL","info":[{"code":179,"name":"SMART_EMPTYING","description":"The device is in the process of carrying out its Smart Empty command from the host. The value emptied at the poll point is given in the event data.","value":[{"value":2200,"country_code":"EUR"}]}]}
#191 [2026-09-12T16:01:01.051Z] (131931ms) POLL_RAW {"success":true,"status":"OK","command":"POLL","info":[{"code":179,"name":"SMART_EMPTYING","description":"The device is in the process of carrying out its Smart Empty command from the host. The value emptied at the poll point is given in the event data.","value":[{"value":2200,"country_code":"EUR"}]}]}
#192 [2026-09-12T16:01:01.227Z] (132107ms) POLL_RAW {"success":true,"status":"OK","command":"POLL","info":[{"code":179,"name":"SMART_EMPTYING","description":"The device is in the process of carrying out its Smart Empty command from the host. The value emptied at the poll point is given in the event data.","value":[{"value":2200,"country_code":"EUR"}]}]}
#193 [2026-09-12T16:01:01.403Z] (132283ms) POLL_RAW {"success":true,"status":"OK","command":"POLL","info":[{"code":179,"name":"SMART_EMPTYING","description":"The device is in the process of carrying out its Smart Empty command from the host. The value emptied at the poll point is given in the event data.","value":[{"value":2200,"country_code":"EUR"}]}]}
#194 [2026-09-12T16:01:01.579Z] (132460ms) POLL_RAW {"success":true,"status":"OK","command":"POLL","info":[{"code":179,"name":"SMART_EMPTYING","description":"The device is in the process of carrying out its Smart Empty command from the host. The value emptied at the poll point is given in the event data.","value":[{"value":2200,"country_code":"EUR"}]}]}
#195 [2026-09-12T16:01:01.755Z] (132636ms) POLL_RAW {"success":true,"status":"OK","command":"POLL","info":[{"code":179,"name":"SMART_EMPTYING","description":"The device is in the process of carrying out its Smart Empty command from the host. The value emptied at the poll point is given in the event data.","value":[{"value":2200,"country_code":"EUR"}]}]}
#196 [2026-09-12T16:01:01.931Z] (132812ms) POLL_RAW {"success":true,"status":"OK","command":"POLL","info":[{"code":179,"name":"SMART_EMPTYING","description":"The device is in the process of carrying out its Smart Empty command from the host. The value emptied at the poll point is given in the event data.","value":[{"value":2200,"country_code":"EUR"}]}]}
#197 [2026-09-12T16:01:02.107Z] (132987ms) POLL_RAW {"success":true,"status":"OK","command":"POLL","info":[{"code":179,"name":"SMART_EMPTYING","description":"The device is in the process of carrying out its Smart Empty command from the host. The value emptied at the poll point is given in the event data.","value":[{"value":2200,"country_code":"EUR"}]}]}
#198 [2026-09-12T16:01:02.282Z] (133162ms) POLL_RAW {"success":true,"status":"OK","command":"POLL","info":[{"code":179,"name":"SMART_EMPTYING","description":"The device is in the process of carrying out its Smart Empty command from the host. The value emptied at the poll point is given in the event data.","value":[{"value":2200,"country_code":"EUR"}]}]}
#199 [2026-09-12T16:01:02.458Z] (133339ms) POLL_RAW {"success":true,"status":"OK","command":"POLL","info":[{"code":179,"name":"SMART_EMPTYING","description":"The device is in the process of carrying out its Smart Empty command from the host. The value emptied at the poll point is given in the event data.","value":[{"value":2200,"country_code":"EUR"}]}]}
#200 [2026-09-12T16:01:02.634Z] (133515ms) POLL_RAW {"success":true,"status":"OK","command":"POLL","info":[{"code":179,"name":"SMART_EMPTYING","description":"The device is in the process of carrying out its Smart Empty command from the host. The value emptied at the poll point is given in the event data.","value":[{"value":2200,"country_code":"EUR"}]}]}
#201 [2026-09-12T16:01:02.810Z] (133691ms) POLL_RAW {"success":true,"status":"OK","command":"POLL","info":[{"code":179,"name":"SMART_EMPTYING","description":"The device is in the process of carrying out its Smart Empty command from the host. The value emptied at the poll point is given in the event data.","value":[{"value":2200,"country_code":"EUR"}]}]}
#202 [2026-09-12T16:01:02.986Z] (133867ms) POLL_RAW {"success":true,"status":"OK","command":"POLL","info":[{"code":179,"name":"SMART_EMPTYING","description":"The device is in the process of carrying out its Smart Empty command from the host. The value emptied at the poll point is given in the event data.","value":[{"value":2200,"country_code":"EUR"}]}]}
#203 [2026-09-12T16:01:03.162Z] (134043ms) POLL_RAW {"success":true,"status":"OK","command":"POLL","info":[{"code":179,"name":"SMART_EMPTYING","description":"The device is in the process of carrying out its Smart Empty command from the host. The value emptied at the poll point is given in the event data.","value":[{"value":2200,"country_code":"EUR"}]}]}
#204 [2026-09-12T16:01:03.339Z] (134219ms) POLL_RAW {"success":true,"status":"OK","command":"POLL","info":[{"code":179,"name":"SMART_EMPTYING","description":"The device is in the process of carrying out its Smart Empty command from the host. The value emptied at the poll point is given in the event data.","value":[{"value":2200,"country_code":"EUR"}]}]}
#205 [2026-09-12T16:01:03.515Z] (134395ms) POLL_RAW {"success":true,"status":"OK","command":"POLL","info":[{"code":179,"name":"SMART_EMPTYING","description":"The device is in the process of carrying out its Smart Empty command from the host. The value emptied at the poll point is given in the event data.","value":[{"value":2200,"country_code":"EUR"}]}]}
#206 [2026-09-12T16:01:03.691Z] (134571ms) POLL_RAW {"success":true,"status":"OK","command":"POLL","info":[{"code":179,"name":"SMART_EMPTYING","description":"The device is in the process of carrying out its Smart Empty command from the host. The value emptied at the poll point is given in the event data.","value":[{"value":2200,"country_code":"EUR"}]}]}
#207 [2026-09-12T16:01:03.866Z] (134747ms) POLL_RAW {"success":true,"status":"OK","command":"POLL","info":[{"code":179,"name":"SMART_EMPTYING","description":"The device is in the process of carrying out its Smart Empty command from the host. The value emptied at the poll point is given in the event data.","value":[{"value":2200,"country_code":"EUR"}]}]}
#208 [2026-09-12T16:01:04.042Z] (134923ms) POLL_RAW {"success":true,"status":"OK","command":"POLL","info":[{"code":179,"name":"SMART_EMPTYING","description":"The device is in the process of carrying out its Smart Empty command from the host. The value emptied at the poll point is given in the event data.","value":[{"value":2200,"country_code":"EUR"}]}]}
#209 [2026-09-12T16:01:04.219Z] (135099ms) POLL_RAW {"success":true,"status":"OK","command":"POLL","info":[{"code":179,"name":"SMART_EMPTYING","description":"The device is in the process of carrying out its Smart Empty command from the host. The value emptied at the poll point is given in the event data.","value":[{"value":2200,"country_code":"EUR"}]}]}
#210 [2026-09-12T16:01:04.394Z] (135275ms) POLL_RAW {"success":true,"status":"OK","command":"POLL","info":[{"code":179,"name":"SMART_EMPTYING","description":"The device is in the process of carrying out its Smart Empty command from the host. The value emptied at the poll point is given in the event data.","value":[{"value":2200,"country_code":"EUR"}]}]}
#211 [2026-09-12T16:01:04.571Z] (135451ms) POLL_RAW {"success":true,"status":"OK","command":"POLL","info":[{"code":179,"name":"SMART_EMPTYING","description":"The device is in the process of carrying out its Smart Empty command from the host. The value emptied at the poll point is given in the event data.","value":[{"value":2200,"country_code":"EUR"}]}]}
#212 [2026-09-12T16:01:04.747Z] (135627ms) POLL_RAW {"success":true,"status":"OK","command":"POLL","info":[{"code":179,"name":"SMART_EMPTYING","description":"The device is in the process of carrying out its Smart Empty command from the host. The value emptied at the poll point is given in the event data.","value":[{"value":2200,"country_code":"EUR"}]}]}
#213 [2026-09-12T16:01:04.922Z] (135803ms) POLL_RAW {"success":true,"status":"OK","command":"POLL","info":[{"code":179,"name":"SMART_EMPTYING","description":"The device is in the process of carrying out its Smart Empty command from the host. The value emptied at the poll point is given in the event data.","value":[{"value":2200,"country_code":"EUR"}]}]}
#214 [2026-09-12T16:01:05.099Z] (135979ms) POLL_RAW {"success":true,"status":"OK","command":"POLL","info":[{"code":179,"name":"SMART_EMPTYING","description":"The device is in the process of carrying out its Smart Empty command from the host. The value emptied at the poll point is given in the event data.","value":[{"value":2200,"country_code":"EUR"}]}]}
#215 [2026-09-12T16:01:05.274Z] (136155ms) POLL_RAW {"success":true,"status":"OK","command":"POLL","info":[{"code":179,"name":"SMART_EMPTYING","description":"The device is in the process of carrying out its Smart Empty command from the host. The value emptied at the poll point is given in the event data.","value":[{"value":2200,"country_code":"EUR"}]}]}
#216 [2026-09-12T16:01:05.450Z] (136330ms) POLL_RAW {"success":true,"status":"OK","command":"POLL","info":[{"code":179,"name":"SMART_EMPTYING","description":"The device is in the process of carrying out its Smart Empty command from the host. The value emptied at the poll point is given in the event data.","value":[{"value":2200,"country_code":"EUR"}]}]}
#217 [2026-09-12T16:01:05.626Z] (136507ms) POLL_RAW {"success":true,"status":"OK","command":"POLL","info":[{"code":179,"name":"SMART_EMPTYING","description":"The device is in the process of carrying out its Smart Empty command from the host. The value emptied at the poll point is given in the event data.","value":[{"value":2200,"country_code":"EUR"}]}]}
#218 [2026-09-12T16:01:05.802Z] (136683ms) POLL_RAW {"success":true,"status":"OK","command":"POLL","info":[{"code":179,"name":"SMART_EMPTYING","description":"The device is in the process of carrying out its Smart Empty command from the host. The value emptied at the poll point is given in the event data.","value":[{"value":2200,"country_code":"EUR"}]}]}
#219 [2026-09-12T16:01:05.978Z] (136858ms) POLL_RAW {"success":true,"status":"OK","command":"POLL","info":[{"code":179,"name":"SMART_EMPTYING","description":"The device is in the process of carrying out its Smart Empty command from the host. The value emptied at the poll point is given in the event data.","value":[{"value":2200,"country_code":"EUR"}]}]}
#220 [2026-09-12T16:01:06.154Z] (137035ms) POLL_RAW {"success":true,"status":"OK","command":"POLL","info":[{"code":179,"name":"SMART_EMPTYING","description":"The device is in the process of carrying out its Smart Empty command from the host. The value emptied at the poll point is given in the event data.","value":[{"value":2200,"country_code":"EUR"}]}]}
#221 [2026-09-12T16:01:06.330Z] (137211ms) POLL_RAW {"success":true,"status":"OK","command":"POLL","info":[{"code":179,"name":"SMART_EMPTYING","description":"The device is in the process of carrying out its Smart Empty command from the host. The value emptied at the poll point is given in the event data.","value":[{"value":2200,"country_code":"EUR"}]}]}
#222 [2026-09-12T16:01:06.506Z] (137387ms) POLL_RAW {"success":true,"status":"OK","command":"POLL","info":[{"code":179,"name":"SMART_EMPTYING","description":"The device is in the process of carrying out its Smart Empty command from the host. The value emptied at the poll point is given in the event data.","value":[{"value":2200,"country_code":"EUR"}]}]}
#223 [2026-09-12T16:01:06.682Z] (137563ms) POLL_RAW {"success":true,"status":"OK","command":"POLL","info":[{"code":179,"name":"SMART_EMPTYING","description":"The device is in the process of carrying out its Smart Empty command from the host. The value emptied at the poll point is given in the event data.","value":[{"value":2200,"country_code":"EUR"}]}]}
#224 [2026-09-12T16:01:06.858Z] (137739ms) POLL_RAW {"success":true,"status":"OK","command":"POLL","info":[{"code":179,"name":"SMART_EMPTYING","description":"The device is in the process of carrying out its Smart Empty command from the host. The value emptied at the poll point is given in the event data.","value":[{"value":2200,"country_code":"EUR"}]}]}
#225 [2026-09-12T16:01:07.034Z] (137915ms) POLL_RAW {"success":true,"status":"OK","command":"POLL","info":[{"code":179,"name":"SMART_EMPTYING","description":"The device is in the process of carrying out its Smart Empty command from the host. The value emptied at the poll point is given in the event data.","value":[{"value":2200,"country_code":"EUR"}]}]}
#226 [2026-09-12T16:01:07.210Z] (138090ms) POLL_RAW {"success":true,"status":"OK","command":"POLL","info":[{"code":179,"name":"SMART_EMPTYING","description":"The device is in the process of carrying out its Smart Empty command from the host. The value emptied at the poll point is given in the event data.","value":[{"value":2200,"country_code":"EUR"}]}]}
#227 [2026-09-12T16:01:07.387Z] (138268ms) POLL_RAW {"success":true,"status":"OK","command":"POLL","info":[{"code":179,"name":"SMART_EMPTYING","description":"The device is in the process of carrying out its Smart Empty command from the host. The value emptied at the poll point is given in the event data.","value":[{"value":2200,"country_code":"EUR"}]}]}
#228 [2026-09-12T16:01:07.562Z] (138443ms) POLL_RAW {"success":true,"status":"OK","command":"POLL","info":[{"code":179,"name":"SMART_EMPTYING","description":"The device is in the process of carrying out its Smart Empty command from the host. The value emptied at the poll point is given in the event data.","value":[{"value":2200,"country_code":"EUR"}]}]}
#229 [2026-09-12T16:01:07.738Z] (138619ms) POLL_RAW {"success":true,"status":"OK","command":"POLL","info":[{"code":179,"name":"SMART_EMPTYING","description":"The device is in the process of carrying out its Smart Empty command from the host. The value emptied at the poll point is given in the event data.","value":[{"value":2200,"country_code":"EUR"}]}]}
#230 [2026-09-12T16:01:07.913Z] (138794ms) POLL_RAW {"success":true,"status":"OK","command":"POLL","info":[{"code":179,"name":"SMART_EMPTYING","description":"The device is in the process of carrying out its Smart Empty command from the host. The value emptied at the poll point is given in the event data.","value":[{"value":2200,"country_code":"EUR"}]}]}
#231 [2026-09-12T16:01:08.090Z] (138971ms) POLL_RAW {"success":true,"status":"OK","command":"POLL","info":[{"code":179,"name":"SMART_EMPTYING","description":"The device is in the process of carrying out its Smart Empty command from the host. The value emptied at the poll point is given in the event data.","value":[{"value":2200,"country_code":"EUR"}]}]}
#232 [2026-09-12T16:01:08.266Z] (139146ms) POLL_RAW {"success":true,"status":"OK","command":"POLL","info":[{"code":179,"name":"SMART_EMPTYING","description":"The device is in the process of carrying out its Smart Empty command from the host. The value emptied at the poll point is given in the event data.","value":[{"value":2200,"country_code":"EUR"}]}]}
#233 [2026-09-12T16:01:08.441Z] (139321ms) POLL_RAW {"success":true,"status":"OK","command":"POLL","info":[{"code":179,"name":"SMART_EMPTYING","description":"The device is in the process of carrying out its Smart Empty command from the host. The value emptied at the poll point is given in the event data.","value":[{"value":2200,"country_code":"EUR"}]}]}
#234 [2026-09-12T16:01:08.618Z] (139499ms) POLL_RAW {"success":true,"status":"OK","command":"POLL","info":[{"code":179,"name":"SMART_EMPTYING","description":"The device is in the process of carrying out its Smart Empty command from the host. The value emptied at the poll point is given in the event data.","value":[{"value":2200,"country_code":"EUR"}]}]}
#235 [2026-09-12T16:01:08.793Z] (139673ms) POLL_RAW {"success":true,"status":"OK","command":"POLL","info":[{"code":179,"name":"SMART_EMPTYING","description":"The device is in the process of carrying out its Smart Empty command from the host. The value emptied at the poll point is given in the event data.","value":[{"value":2200,"country_code":"EUR"}]}]}
#236 [2026-09-12T16:01:08.968Z] (139849ms) POLL_RAW {"success":true,"status":"OK","command":"POLL","info":[{"code":179,"name":"SMART_EMPTYING","description":"The device is in the process of carrying out its Smart Empty command from the host. The value emptied at the poll point is given in the event data.","value":[{"value":2200,"country_code":"EUR"}]}]}
#237 [2026-09-12T16:01:09.145Z] (140026ms) POLL_RAW {"success":true,"status":"OK","command":"POLL","info":[{"code":179,"name":"SMART_EMPTYING","description":"The device is in the process of carrying out its Smart Empty command from the host. The value emptied at the poll point is given in the event data.","value":[{"value":2200,"country_code":"EUR"}]}]}
#238 [2026-09-12T16:01:09.321Z] (140202ms) POLL_RAW {"success":true,"status":"OK","command":"POLL","info":[{"code":179,"name":"SMART_EMPTYING","description":"The device is in the process of carrying out its Smart Empty command from the host. The value emptied at the poll point is given in the event data.","value":[{"value":2200,"country_code":"EUR"}]}]}
#239 [2026-09-12T16:01:09.497Z] (140378ms) POLL_RAW {"success":true,"status":"OK","command":"POLL","info":[{"code":179,"name":"SMART_EMPTYING","description":"The device is in the process of carrying out its Smart Empty command from the host. The value emptied at the poll point is given in the event data.","value":[{"value":2200,"country_code":"EUR"}]}]}
#240 [2026-09-12T16:01:09.673Z] (140554ms) POLL_RAW {"success":true,"status":"OK","command":"POLL","info":[{"code":179,"name":"SMART_EMPTYING","description":"The device is in the process of carrying out its Smart Empty command from the host. The value emptied at the poll point is given in the event data.","value":[{"value":2200,"country_code":"EUR"}]}]}
#241 [2026-09-12T16:01:09.849Z] (140730ms) POLL_RAW {"success":true,"status":"OK","command":"POLL","info":[{"code":179,"name":"SMART_EMPTYING","description":"The device is in the process of carrying out its Smart Empty command from the host. The value emptied at the poll point is given in the event data.","value":[{"value":2200,"country_code":"EUR"}]}]}
#242 [2026-09-12T16:01:10.024Z] (140905ms) POLL_RAW {"success":true,"status":"OK","command":"POLL","info":[{"code":179,"name":"SMART_EMPTYING","description":"The device is in the process of carrying out its Smart Empty command from the host. The value emptied at the poll point is given in the event data.","value":[{"value":2200,"country_code":"EUR"}]}]}
#243 [2026-09-12T16:01:10.200Z] (141081ms) POLL_RAW {"success":true,"status":"OK","command":"POLL","info":[{"code":179,"name":"SMART_EMPTYING","description":"The device is in the process of carrying out its Smart Empty command from the host. The value emptied at the poll point is given in the event data.","value":[{"value":2200,"country_code":"EUR"}]}]}
#244 [2026-09-12T16:01:10.376Z] (141257ms) POLL_RAW {"success":true,"status":"OK","command":"POLL","info":[{"code":179,"name":"SMART_EMPTYING","description":"The device is in the process of carrying out its Smart Empty command from the host. The value emptied at the poll point is given in the event data.","value":[{"value":2200,"country_code":"EUR"}]}]}
#245 [2026-09-12T16:01:10.553Z] (141434ms) POLL_RAW {"success":true,"status":"OK","command":"POLL","info":[{"code":179,"name":"SMART_EMPTYING","description":"The device is in the process of carrying out its Smart Empty command from the host. The value emptied at the poll point is given in the event data.","value":[{"value":2200,"country_code":"EUR"}]}]}
#246 [2026-09-12T16:01:10.730Z] (141610ms) POLL_RAW {"success":true,"status":"OK","command":"POLL","info":[{"code":179,"name":"SMART_EMPTYING","description":"The device is in the process of carrying out its Smart Empty command from the host. The value emptied at the poll point is given in the event data.","value":[{"value":2200,"country_code":"EUR"}]}]}
#247 [2026-09-12T16:01:10.905Z] (141786ms) POLL_RAW {"success":true,"status":"OK","command":"POLL","info":[{"code":179,"name":"SMART_EMPTYING","description":"The device is in the process of carrying out its Smart Empty command from the host. The value emptied at the poll point is given in the event data.","value":[{"value":2200,"country_code":"EUR"}]}]}
#248 [2026-09-12T16:01:11.082Z] (141962ms) POLL_RAW {"success":true,"status":"OK","command":"POLL","info":[{"code":179,"name":"SMART_EMPTYING","description":"The device is in the process of carrying out its Smart Empty command from the host. The value emptied at the poll point is given in the event data.","value":[{"value":2200,"country_code":"EUR"}]}]}
#249 [2026-09-12T16:01:11.258Z] (142138ms) POLL_RAW {"success":true,"status":"OK","command":"POLL","info":[{"code":179,"name":"SMART_EMPTYING","description":"The device is in the process of carrying out its Smart Empty command from the host. The value emptied at the poll point is given in the event data.","value":[{"value":2200,"country_code":"EUR"}]}]}
#250 [2026-09-12T16:01:11.433Z] (142313ms) POLL_RAW {"success":true,"status":"OK","command":"POLL","info":[{"code":179,"name":"SMART_EMPTYING","description":"The device is in the process of carrying out its Smart Empty command from the host. The value emptied at the poll point is given in the event data.","value":[{"value":2200,"country_code":"EUR"}]}]}
#251 [2026-09-12T16:01:11.609Z] (142489ms) POLL_RAW {"success":true,"status":"OK","command":"POLL","info":[{"code":179,"name":"SMART_EMPTYING","description":"The device is in the process of carrying out its Smart Empty command from the host. The value emptied at the poll point is given in the event data.","value":[{"value":2200,"country_code":"EUR"}]}]}
#252 [2026-09-12T16:01:11.785Z] (142666ms) POLL_RAW {"success":true,"status":"OK","command":"POLL","info":[{"code":179,"name":"SMART_EMPTYING","description":"The device is in the process of carrying out its Smart Empty command from the host. The value emptied at the poll point is given in the event data.","value":[{"value":2200,"country_code":"EUR"}]}]}
#253 [2026-09-12T16:01:11.961Z] (142841ms) POLL_RAW {"success":true,"status":"OK","command":"POLL","info":[{"code":179,"name":"SMART_EMPTYING","description":"The device is in the process of carrying out its Smart Empty command from the host. The value emptied at the poll point is given in the event data.","value":[{"value":2200,"country_code":"EUR"}]}]}
#254 [2026-09-12T16:01:12.137Z] (143017ms) POLL_RAW {"success":true,"status":"OK","command":"POLL","info":[{"code":179,"name":"SMART_EMPTYING","description":"The device is in the process of carrying out its Smart Empty command from the host. The value emptied at the poll point is given in the event data.","value":[{"value":2200,"country_code":"EUR"}]}]}
#255 [2026-09-12T16:01:12.313Z] (143193ms) POLL_RAW {"success":true,"status":"OK","command":"POLL","info":[{"code":179,"name":"SMART_EMPTYING","description":"The device is in the process of carrying out its Smart Empty command from the host. The value emptied at the poll point is given in the event data.","value":[{"value":2200,"country_code":"EUR"}]}]}
#256 [2026-09-12T16:01:12.489Z] (143370ms) POLL_RAW {"success":true,"status":"OK","command":"POLL","info":[{"code":179,"name":"SMART_EMPTYING","description":"The device is in the process of carrying out its Smart Empty command from the host. The value emptied at the poll point is given in the event data.","value":[{"value":2200,"country_code":"EUR"}]}]}
#257 [2026-09-12T16:01:12.665Z] (143545ms) POLL_RAW {"success":true,"status":"OK","command":"POLL","info":[{"code":179,"name":"SMART_EMPTYING","description":"The device is in the process of carrying out its Smart Empty command from the host. The value emptied at the poll point is given in the event data.","value":[{"value":2200,"country_code":"EUR"}]}]}
#258 [2026-09-12T16:01:12.841Z] (143721ms) POLL_RAW {"success":true,"status":"OK","command":"POLL","info":[{"code":179,"name":"SMART_EMPTYING","description":"The device is in the process of carrying out its Smart Empty command from the host. The value emptied at the poll point is given in the event data.","value":[{"value":2200,"country_code":"EUR"}]}]}
#259 [2026-09-12T16:01:13.017Z] (143897ms) POLL_RAW {"success":true,"status":"OK","command":"POLL","info":[{"code":179,"name":"SMART_EMPTYING","description":"The device is in the process of carrying out its Smart Empty command from the host. The value emptied at the poll point is given in the event data.","value":[{"value":2200,"country_code":"EUR"}]},{"code":180,"name":"SMART_EMPTIED","description":"The device has completed its Smart Empty command. The total amount emptied is given in the event data.","value":[{"value":2200,"country_code":"EUR"}]}]}
#260 [2026-09-12T16:01:13.177Z] (144057ms) POLL_RAW {"success":true,"status":"OK","command":"POLL","info":{}}
#261 [2026-09-12T16:01:13.337Z] (144217ms) POLL_RAW {"success":true,"status":"OK","command":"POLL","info":{}}
#262 [2026-09-12T16:01:13.497Z] (144378ms) POLL_RAW {"success":true,"status":"OK","command":"POLL","info":{}}
#263 [2026-09-12T16:01:13.657Z] (144538ms) POLL_RAW {"success":true,"status":"OK","command":"POLL","info":{}}
#264 [2026-09-12T16:01:13.817Z] (144698ms) POLL_RAW {"success":true,"status":"OK","command":"POLL","info":{}}
#265 [2026-09-12T16:01:13.977Z] (144858ms) POLL_RAW {"success":true,"status":"OK","command":"POLL","info":{}}
#266 [2026-09-12T16:01:14.137Z] (145017ms) POLL_RAW {"success":true,"status":"OK","command":"POLL","info":{}}
#267 [2026-09-12T16:01:14.297Z] (145177ms) POLL_RAW {"success":true,"status":"OK","command":"POLL","info":{}}
#268 [2026-09-12T16:01:14.455Z] (145336ms) POLL_RAW {"success":true,"status":"OK","command":"POLL","info":{}}
#269 [2026-09-12T16:01:14.616Z] (145497ms) POLL_RAW {"success":true,"status":"OK","command":"POLL","info":{}}
#270 [2026-09-12T16:01:14.776Z] (145656ms) POLL_RAW {"success":true,"status":"OK","command":"POLL","info":{}}
#271 [2026-09-12T16:01:14.936Z] (145817ms) POLL_RAW {"success":true,"status":"OK","command":"POLL","info":{}}
#272 [2026-09-12T16:01:15.096Z] (145977ms) POLL_RAW {"success":true,"status":"OK","command":"POLL","info":{}}
#273 [2026-09-12T16:01:15.256Z] (146136ms) POLL_RAW {"success":true,"status":"OK","command":"POLL","info":{}}
#274 [2026-09-12T16:01:15.416Z] (146297ms) POLL_RAW {"success":true,"status":"OK","command":"POLL","info":{}}
#275 [2026-09-12T16:01:15.576Z] (146457ms) POLL_RAW {"success":true,"status":"OK","command":"POLL","info":{}}
#276 [2026-09-12T16:01:15.736Z] (146617ms) POLL_RAW {"success":true,"status":"OK","command":"POLL","info":{}}
#277 [2026-09-12T16:01:15.896Z] (146777ms) POLL_RAW {"success":true,"status":"OK","command":"POLL","info":{}}
#278 [2026-09-12T16:01:16.056Z] (146937ms) POLL_RAW {"success":true,"status":"OK","command":"POLL","info":{}}
#279 [2026-09-12T16:01:16.216Z] (147097ms) POLL_RAW {"success":true,"status":"OK","command":"POLL","info":{}}
#280 [2026-09-12T16:01:16.376Z] (147257ms) POLL_RAW {"success":true,"status":"OK","command":"POLL","info":{}}
#281 [2026-09-12T16:01:16.535Z] (147416ms) POLL_RAW {"success":true,"status":"OK","command":"POLL","info":{}}
#282 [2026-09-12T16:01:16.696Z] (147577ms) POLL_RAW {"success":true,"status":"OK","command":"POLL","info":{}}
#283 [2026-09-12T16:01:16.856Z] (147737ms) POLL_RAW {"success":true,"status":"OK","command":"POLL","info":{}}
#284 [2026-09-12T16:01:17.016Z] (147897ms) POLL_RAW {"success":true,"status":"OK","command":"POLL","info":{}}
#285 [2026-09-12T16:01:17.177Z] (148057ms) POLL_RAW {"success":true,"status":"OK","command":"POLL","info":{}}
#286 [2026-09-12T16:01:17.335Z] (148216ms) POLL_RAW {"success":true,"status":"OK","command":"POLL","info":{}}
#287 [2026-09-12T16:01:17.495Z] (148376ms) POLL_RAW {"success":true,"status":"OK","command":"POLL","info":{}}
#288 [2026-09-12T16:01:17.655Z] (148536ms) POLL_RAW {"success":true,"status":"OK","command":"POLL","info":{}}
#289 [2026-09-12T16:01:17.815Z] (148696ms) POLL_RAW {"success":true,"status":"OK","command":"POLL","info":{}}
#290 [2026-09-12T16:01:17.975Z] (148856ms) POLL_RAW {"success":true,"status":"OK","command":"POLL","info":{}}
#291 [2026-09-12T16:01:18.136Z] (149016ms) POLL_RAW {"success":true,"status":"OK","command":"POLL","info":{}}
#292 [2026-09-12T16:01:18.295Z] (149176ms) POLL_RAW {"success":true,"status":"OK","command":"POLL","info":{}}
#293 [2026-09-12T16:01:18.456Z] (149337ms) POLL_RAW {"success":true,"status":"OK","command":"POLL","info":{}}
#294 [2026-09-12T16:01:18.616Z] (149496ms) POLL_RAW {"success":true,"status":"OK","command":"POLL","info":{}}
#295 [2026-09-12T16:01:18.776Z] (149657ms) POLL_RAW {"success":true,"status":"OK","command":"POLL","info":{}}
#296 [2026-09-12T16:01:18.936Z] (149817ms) POLL_RAW {"success":true,"status":"OK","command":"POLL","info":{}}
#297 [2026-09-12T16:01:19.096Z] (149976ms) POLL_RAW {"success":true,"status":"OK","command":"POLL","info":{}}
#298 [2026-09-12T16:01:19.256Z] (150136ms) POLL_RAW {"success":true,"status":"OK","command":"POLL","info":{}}
#299 [2026-09-12T16:01:19.415Z] (150296ms) POLL_RAW {"success":true,"status":"OK","command":"POLL","info":{}}
#300 [2026-09-12T16:01:19.576Z] (150456ms) POLL_RAW {"success":true,"status":"OK","command":"POLL","info":{}}
#301 [2026-09-12T16:01:19.736Z] (150616ms) POLL_RAW {"success":true,"status":"OK","command":"POLL","info":{}}
#302 [2026-09-12T16:01:19.896Z] (150776ms) POLL_RAW {"success":true,"status":"OK","command":"POLL","info":{}}
#303 [2026-09-12T16:01:20.056Z] (150936ms) POLL_RAW {"success":true,"status":"OK","command":"POLL","info":{}}
#304 [2026-09-12T16:01:20.216Z] (151096ms) POLL_RAW {"success":true,"status":"OK","command":"POLL","info":{}}
#305 [2026-09-12T16:01:20.376Z] (151257ms) POLL_RAW {"success":true,"status":"OK","command":"POLL","info":{}}
#306 [2026-09-12T16:01:20.535Z] (151416ms) POLL_RAW {"success":true,"status":"OK","command":"POLL","info":{}}
#307 [2026-09-12T16:01:20.695Z] (151576ms) POLL_RAW {"success":true,"status":"OK","command":"POLL","info":{}}
#308 [2026-09-12T16:01:20.855Z] (151736ms) POLL_RAW {"success":true,"status":"OK","command":"POLL","info":{}}
#309 [2026-09-12T16:01:21.014Z] (151895ms) POLL_RAW {"success":true,"status":"OK","command":"POLL","info":{}}
#310 [2026-09-12T16:01:21.175Z] (152056ms) POLL_RAW {"success":true,"status":"OK","command":"POLL","info":{}}
#311 [2026-09-12T16:01:21.336Z] (152217ms) POLL_RAW {"success":true,"status":"OK","command":"POLL","info":{}}
#312 [2026-09-12T16:01:21.494Z] (152375ms) POLL_RAW {"success":true,"status":"OK","command":"POLL","info":{}}
#313 [2026-09-12T16:01:21.655Z] (152536ms) POLL_RAW {"success":true,"status":"OK","command":"POLL","info":{}}
#314 [2026-09-12T16:01:21.815Z] (152696ms) POLL_RAW {"success":true,"status":"OK","command":"POLL","info":{}}
#315 [2026-09-12T16:01:21.975Z] (152856ms) POLL_RAW {"success":true,"status":"OK","command":"POLL","info":{}}
#316 [2026-09-12T16:01:22.135Z] (153016ms) POLL_RAW {"success":true,"status":"OK","command":"POLL","info":{}}
#317 [2026-09-12T16:01:22.295Z] (153176ms) POLL_RAW {"success":true,"status":"OK","command":"POLL","info":{}}
#318 [2026-09-12T16:01:22.455Z] (153336ms) POLL_RAW {"success":true,"status":"OK","command":"POLL","info":{}}
#319 [2026-09-12T16:01:22.615Z] (153496ms) POLL_RAW {"success":true,"status":"OK","command":"POLL","info":{}}
#320 [2026-09-12T16:01:22.775Z] (153656ms) POLL_RAW {"success":true,"status":"OK","command":"POLL","info":{}}
#321 [2026-09-12T16:01:22.935Z] (153816ms) POLL_RAW {"success":true,"status":"OK","command":"POLL","info":{}}
#322 [2026-09-12T16:01:23.095Z] (153976ms) POLL_RAW {"success":true,"status":"OK","command":"POLL","info":{}}
#323 [2026-09-12T16:01:23.255Z] (154136ms) POLL_RAW {"success":true,"status":"OK","command":"POLL","info":{}}
#324 [2026-09-12T16:01:23.415Z] (154296ms) POLL_RAW {"success":true,"status":"OK","command":"POLL","info":{}}
#325 [2026-09-12T16:01:23.574Z] (154455ms) POLL_RAW {"success":true,"status":"OK","command":"POLL","info":{}}
#326 [2026-09-12T16:01:23.735Z] (154616ms) POLL_RAW {"success":true,"status":"OK","command":"POLL","info":{}}
#327 [2026-09-12T16:01:23.895Z] (154776ms) POLL_RAW {"success":true,"status":"OK","command":"POLL","info":{}}
#328 [2026-09-12T16:01:24.055Z] (154936ms) POLL_RAW {"success":true,"status":"OK","command":"POLL","info":{}}
#329 [2026-09-12T16:01:24.215Z] (155095ms) POLL_RAW {"success":true,"status":"OK","command":"POLL","info":{}}
#330 [2026-09-12T16:01:24.375Z] (155255ms) POLL_RAW {"success":true,"status":"OK","command":"POLL","info":{}}
#331 [2026-09-12T16:01:24.535Z] (155415ms) POLL_RAW {"success":true,"status":"OK","command":"POLL","info":{}}
#332 [2026-09-12T16:01:24.695Z] (155575ms) POLL_RAW {"success":true,"status":"OK","command":"POLL","info":{}}
#333 [2026-09-12T16:01:24.854Z] (155735ms) POLL_RAW {"success":true,"status":"OK","command":"POLL","info":{}}
#334 [2026-09-12T16:01:25.014Z] (155895ms) POLL_RAW {"success":true,"status":"OK","command":"POLL","info":{}}
#335 [2026-09-12T16:01:25.175Z] (156055ms) POLL_RAW {"success":true,"status":"OK","command":"POLL","info":{}}
#336 [2026-09-12T16:01:25.334Z] (156215ms) POLL_RAW {"success":true,"status":"OK","command":"POLL","info":{}}
#337 [2026-09-12T16:01:25.495Z] (156375ms) POLL_RAW {"success":true,"status":"OK","command":"POLL","info":{}}
#338 [2026-09-12T16:01:25.654Z] (156535ms) POLL_RAW {"success":true,"status":"OK","command":"POLL","info":{}}
#339 [2026-09-12T16:01:25.814Z] (156695ms) POLL_RAW {"success":true,"status":"OK","command":"POLL","info":{}}
#340 [2026-09-12T16:01:25.974Z] (156855ms) POLL_RAW {"success":true,"status":"OK","command":"POLL","info":{}}
#341 [2026-09-12T16:01:26.135Z] (157015ms) POLL_RAW {"success":true,"status":"OK","command":"POLL","info":{}}
#342 [2026-09-12T16:01:26.295Z] (157175ms) POLL_RAW {"success":true,"status":"OK","command":"POLL","info":{}}
#343 [2026-09-12T16:01:26.455Z] (157335ms) POLL_RAW {"success":true,"status":"OK","command":"POLL","info":{}}
#344 [2026-09-12T16:01:26.614Z] (157495ms) POLL_RAW {"success":true,"status":"OK","command":"POLL","info":{}}
#345 [2026-09-12T16:01:26.774Z] (157655ms) POLL_RAW {"success":true,"status":"OK","command":"POLL","info":{}}
#346 [2026-09-12T16:01:26.933Z] (157814ms) POLL_RAW {"success":true,"status":"OK","command":"POLL","info":{}}
#347 [2026-09-12T16:01:27.094Z] (157975ms) POLL_RAW {"success":true,"status":"OK","command":"POLL","info":{}}
#348 [2026-09-12T16:01:27.253Z] (158134ms) POLL_RAW {"success":true,"status":"OK","command":"POLL","info":{}}
#349 [2026-09-12T16:01:27.414Z] (158295ms) POLL_RAW {"success":true,"status":"OK","command":"POLL","info":{}}
#350 [2026-09-12T16:01:27.574Z] (158454ms) POLL_RAW {"success":true,"status":"OK","command":"POLL","info":{}}
#351 [2026-09-12T16:01:27.734Z] (158614ms) POLL_RAW {"success":true,"status":"OK","command":"POLL","info":{}}
#352 [2026-09-12T16:01:27.894Z] (158775ms) POLL_RAW {"success":true,"status":"OK","command":"POLL","info":{}}
#353 [2026-09-12T16:01:28.054Z] (158934ms) POLL_RAW {"success":true,"status":"OK","command":"POLL","info":{}}
#354 [2026-09-12T16:01:28.214Z] (159095ms) POLL_RAW {"success":true,"status":"OK","command":"POLL","info":{}}
#355 [2026-09-12T16:01:28.375Z] (159255ms) POLL_RAW {"success":true,"status":"OK","command":"POLL","info":{}}
#356 [2026-09-12T16:01:28.534Z] (159414ms) POLL_RAW {"success":true,"status":"OK","command":"POLL","info":{}}
#357 [2026-09-12T16:01:28.694Z] (159575ms) POLL_RAW {"success":true,"status":"OK","command":"POLL","info":{}}
#358 [2026-09-12T16:01:28.854Z] (159735ms) POLL_RAW {"success":true,"status":"OK","command":"POLL","info":{}}
#359 [2026-09-12T16:01:29.014Z] (159895ms) POLL_RAW {"success":true,"status":"OK","command":"POLL","info":{}}
#360 [2026-09-12T16:01:29.174Z] (160054ms) POLL_RAW {"success":true,"status":"OK","command":"POLL","info":{}}
#361 [2026-09-12T16:01:29.334Z] (160214ms) POLL_RAW {"success":true,"status":"OK","command":"POLL","info":{}}
#362 [2026-09-12T16:01:29.494Z] (160374ms) POLL_RAW {"success":true,"status":"OK","command":"POLL","info":{}}
#363 [2026-09-12T16:01:29.653Z] (160534ms) POLL_RAW {"success":true,"status":"OK","command":"POLL","info":{}}
#364 [2026-09-12T16:01:29.813Z] (160693ms) POLL_RAW {"success":true,"status":"OK","command":"POLL","info":{}}
#365 [2026-09-12T16:01:29.974Z] (160854ms) POLL_RAW {"success":true,"status":"OK","command":"POLL","info":{}}
#366 [2026-09-12T16:01:30.133Z] (161013ms) POLL_RAW {"success":true,"status":"OK","command":"POLL","info":{}}
#367 [2026-09-12T16:01:30.293Z] (161173ms) POLL_RAW {"success":true,"status":"OK","command":"POLL","info":{}}
#368 [2026-09-12T16:01:30.453Z] (161333ms) POLL_RAW {"success":true,"status":"OK","command":"POLL","info":{}}
#369 [2026-09-12T16:01:30.613Z] (161493ms) POLL_RAW {"success":true,"status":"OK","command":"POLL","info":{}}
#370 [2026-09-12T16:01:30.773Z] (161654ms) POLL_RAW {"success":true,"status":"OK","command":"POLL","info":{}}
#371 [2026-09-12T16:01:30.935Z] (161815ms) POLL_RAW {"success":true,"status":"OK","command":"POLL","info":{}}
#372 [2026-09-12T16:01:31.092Z] (161973ms) POLL_RAW {"success":true,"status":"OK","command":"POLL","info":{}}
#373 [2026-09-12T16:01:31.253Z] (162134ms) POLL_RAW {"success":true,"status":"OK","command":"POLL","info":{}}
#374 [2026-09-12T16:01:31.412Z] (162293ms) POLL_RAW {"success":true,"status":"OK","command":"POLL","info":{}}
#375 [2026-09-12T16:01:31.575Z] (162456ms) POLL_RAW {"success":true,"status":"OK","command":"POLL","info":{}}
#376 [2026-09-12T16:01:31.732Z] (162613ms) POLL_RAW {"success":true,"status":"OK","command":"POLL","info":{}}
#377 [2026-09-12T16:01:31.893Z] (162774ms) POLL_RAW {"success":true,"status":"OK","command":"POLL","info":{}}
#378 [2026-09-12T16:01:32.052Z] (162933ms) POLL_RAW {"success":true,"status":"OK","command":"POLL","info":{}}
#379 [2026-09-12T16:01:32.213Z] (163093ms) POLL_RAW {"success":true,"status":"OK","command":"POLL","info":{}}
#380 [2026-09-12T16:01:32.373Z] (163254ms) POLL_RAW {"success":true,"status":"OK","command":"POLL","info":{}}
#381 [2026-09-12T16:01:32.534Z] (163414ms) POLL_RAW {"success":true,"status":"OK","command":"POLL","info":{}}
#382 [2026-09-12T16:01:32.694Z] (163574ms) POLL_RAW {"success":true,"status":"OK","command":"POLL","info":{}}
#383 [2026-09-12T16:01:32.853Z] (163733ms) POLL_RAW {"success":true,"status":"OK","command":"POLL","info":{}}
#384 [2026-09-12T16:01:33.013Z] (163893ms) POLL_RAW {"success":true,"status":"OK","command":"POLL","info":{}}
#385 [2026-09-12T16:01:33.173Z] (164054ms) POLL_RAW {"success":true,"status":"OK","command":"POLL","info":{}}
#386 [2026-09-12T16:01:33.332Z] (164213ms) POLL_RAW {"success":true,"status":"OK","command":"POLL","info":{}}
#387 [2026-09-12T16:01:33.493Z] (164373ms) POLL_RAW {"success":true,"status":"OK","command":"POLL","info":{}}
#388 [2026-09-12T16:01:33.652Z] (164533ms) POLL_RAW {"success":true,"status":"OK","command":"POLL","info":{}}
#389 [2026-09-12T16:01:33.813Z] (164693ms) POLL_RAW {"success":true,"status":"OK","command":"POLL","info":{}}
#390 [2026-09-12T16:01:33.974Z] (164854ms) POLL_RAW {"success":true,"status":"OK","command":"POLL","info":{}}
#391 [2026-09-12T16:01:34.133Z] (165013ms) POLL_RAW {"success":true,"status":"OK","command":"POLL","info":{}}
#392 [2026-09-12T16:01:34.295Z] (165176ms) POLL_RAW {"success":true,"status":"OK","command":"POLL","info":{}}
#393 [2026-09-12T16:01:34.453Z] (165334ms) POLL_RAW {"success":true,"status":"OK","command":"POLL","info":{}}
#394 [2026-09-12T16:01:34.613Z] (165493ms) POLL_RAW {"success":true,"status":"OK","command":"POLL","info":{}}
#395 [2026-09-12T16:01:34.773Z] (165653ms) POLL_RAW {"success":true,"status":"OK","command":"POLL","info":{}}
#396 [2026-09-12T16:01:34.932Z] (165813ms) POLL_RAW {"success":true,"status":"OK","command":"POLL","info":{}}
#397 [2026-09-12T16:01:35.095Z] (165976ms) POLL_RAW {"success":true,"status":"OK","command":"POLL","info":{}}
#398 [2026-09-12T16:01:35.253Z] (166134ms) POLL_RAW {"success":true,"status":"OK","command":"POLL","info":{}}
#399 [2026-09-12T16:01:35.413Z] (166294ms) POLL_RAW {"success":true,"status":"OK","command":"POLL","info":{}}
#400 [2026-09-12T16:01:35.573Z] (166453ms) POLL_RAW {"success":true,"status":"OK","command":"POLL","info":{}}
#401 [2026-09-12T16:01:35.733Z] (166613ms) POLL_RAW {"success":true,"status":"OK","command":"POLL","info":{}}
#402 [2026-09-12T16:01:35.892Z] (166772ms) POLL_RAW {"success":true,"status":"OK","command":"POLL","info":{}}
#403 [2026-09-12T16:01:36.052Z] (166933ms) POLL_RAW {"success":true,"status":"OK","command":"POLL","info":{}}
#404 [2026-09-12T16:01:36.212Z] (167092ms) POLL_RAW {"success":true,"status":"OK","command":"POLL","info":{}}
#405 [2026-09-12T16:01:36.372Z] (167252ms) POLL_RAW {"success":true,"status":"OK","command":"POLL","info":{}}
#406 [2026-09-12T16:01:36.532Z] (167413ms) POLL_RAW {"success":true,"status":"OK","command":"POLL","info":{}}
#407 [2026-09-12T16:01:36.692Z] (167572ms) POLL_RAW {"success":true,"status":"OK","command":"POLL","info":{}}
#408 [2026-09-12T16:01:36.852Z] (167733ms) POLL_RAW {"success":true,"status":"OK","command":"POLL","info":{}}
#409 [2026-09-12T16:01:37.012Z] (167893ms) POLL_RAW {"success":true,"status":"OK","command":"POLL","info":{}}
#410 [2026-09-12T16:01:37.172Z] (168052ms) POLL_RAW {"success":true,"status":"OK","command":"POLL","info":{}}
#411 [2026-09-12T16:01:37.332Z] (168212ms) POLL_RAW {"success":true,"status":"OK","command":"POLL","info":{}}
#412 [2026-09-12T16:01:37.492Z] (168373ms) POLL_RAW {"success":true,"status":"OK","command":"POLL","info":{}}
#413 [2026-09-12T16:01:37.652Z] (168532ms) POLL_RAW {"success":true,"status":"OK","command":"POLL","info":{}}
#414 [2026-09-12T16:01:37.812Z] (168692ms) POLL_RAW {"success":true,"status":"OK","command":"POLL","info":{}}
#415 [2026-09-12T16:01:37.972Z] (168852ms) POLL_RAW {"success":true,"status":"OK","command":"POLL","info":{}}
#416 [2026-09-12T16:01:38.132Z] (169012ms) POLL_RAW {"success":true,"status":"OK","command":"POLL","info":{}}
#417 [2026-09-12T16:01:38.292Z] (169173ms) POLL_RAW {"success":true,"status":"OK","command":"POLL","info":{}}
#418 [2026-09-12T16:01:38.452Z] (169333ms) POLL_RAW {"success":true,"status":"OK","command":"POLL","info":{}}
#419 [2026-09-12T16:01:38.612Z] (169493ms) POLL_RAW {"success":true,"status":"OK","command":"POLL","info":{}}
#420 [2026-09-12T16:01:38.772Z] (169653ms) POLL_RAW {"success":true,"status":"OK","command":"POLL","info":{}}
#421 [2026-09-12T16:01:38.932Z] (169813ms) POLL_RAW {"success":true,"status":"OK","command":"POLL","info":{}}
#422 [2026-09-12T16:01:39.091Z] (169972ms) POLL_RAW {"success":true,"status":"OK","command":"POLL","info":{}}
#423 [2026-09-12T16:01:39.251Z] (170132ms) POLL_RAW {"success":true,"status":"OK","command":"POLL","info":{}}
#424 [2026-09-12T16:01:39.411Z] (170292ms) POLL_RAW {"success":true,"status":"OK","command":"POLL","info":{}}
#425 [2026-09-12T16:01:39.571Z] (170452ms) POLL_RAW {"success":true,"status":"OK","command":"POLL","info":{}}
#426 [2026-09-12T16:01:39.731Z] (170612ms) POLL_RAW {"success":true,"status":"OK","command":"POLL","info":{}}
#427 [2026-09-12T16:01:39.891Z] (170771ms) POLL_RAW {"success":true,"status":"OK","command":"POLL","info":{}}
#428 [2026-09-12T16:01:40.051Z] (170932ms) POLL_RAW {"success":true,"status":"OK","command":"POLL","info":{}}
#429 [2026-09-12T16:01:40.211Z] (171092ms) POLL_RAW {"success":true,"status":"OK","command":"POLL","info":{}}
#430 [2026-09-12T16:01:40.371Z] (171252ms) POLL_RAW {"success":true,"status":"OK","command":"POLL","info":{}}
#431 [2026-09-12T16:01:40.531Z] (171412ms) POLL_RAW {"success":true,"status":"OK","command":"POLL","info":{}}
#432 [2026-09-12T16:01:40.692Z] (171572ms) POLL_RAW {"success":true,"status":"OK","command":"POLL","info":{}}
#433 [2026-09-12T16:01:40.850Z] (171731ms) POLL_RAW {"success":true,"status":"OK","command":"POLL","info":{}}
#434 [2026-09-12T16:01:41.011Z] (171892ms) POLL_RAW {"success":true,"status":"OK","command":"POLL","info":{}}
#435 [2026-09-12T16:01:41.171Z] (172052ms) POLL_RAW {"success":true,"status":"OK","command":"POLL","info":{}}
#436 [2026-09-12T16:01:41.331Z] (172212ms) POLL_RAW {"success":true,"status":"OK","command":"POLL","info":{}}
#437 [2026-09-12T16:01:41.491Z] (172372ms) POLL_RAW {"success":true,"status":"OK","command":"POLL","info":{}}
#438 [2026-09-12T16:01:41.651Z] (172532ms) POLL_RAW {"success":true,"status":"OK","command":"POLL","info":{}}
#439 [2026-09-12T16:01:41.810Z] (172691ms) POLL_RAW {"success":true,"status":"OK","command":"POLL","info":{}}
#440 [2026-09-12T16:01:41.971Z] (172852ms) POLL_RAW {"success":true,"status":"OK","command":"POLL","info":{}}
#441 [2026-09-12T16:01:42.130Z] (173011ms) POLL_RAW {"success":true,"status":"OK","command":"POLL","info":{}}
#442 [2026-09-12T16:01:42.290Z] (173171ms) POLL_RAW {"success":true,"status":"OK","command":"POLL","info":{}}
#443 [2026-09-12T16:01:42.450Z] (173331ms) POLL_RAW {"success":true,"status":"OK","command":"POLL","info":{}}
#444 [2026-09-12T16:01:42.610Z] (173491ms) POLL_RAW {"success":true,"status":"OK","command":"POLL","info":{}}
#445 [2026-09-12T16:01:42.769Z] (173650ms) POLL_RAW {"success":true,"status":"OK","command":"POLL","info":{}}
#446 [2026-09-12T16:01:42.929Z] (173810ms) POLL_RAW {"success":true,"status":"OK","command":"POLL","info":{}}
#447 [2026-09-12T16:01:43.090Z] (173971ms) POLL_RAW {"success":true,"status":"OK","command":"POLL","info":{}}
#448 [2026-09-12T16:01:43.250Z] (174131ms) POLL_RAW {"success":true,"status":"OK","command":"POLL","info":{}}
#449 [2026-09-12T16:01:43.410Z] (174291ms) POLL_RAW {"success":true,"status":"OK","command":"POLL","info":{}}
#450 [2026-09-12T16:01:43.571Z] (174451ms) POLL_RAW {"success":true,"status":"OK","command":"POLL","info":{}}
#451 [2026-09-12T16:01:43.731Z] (174611ms) POLL_RAW {"success":true,"status":"OK","command":"POLL","info":{}}
#452 [2026-09-12T16:01:43.892Z] (174773ms) POLL_RAW {"success":true,"status":"OK","command":"POLL","info":{}}
#453 [2026-09-12T16:01:44.051Z] (174931ms) POLL_RAW {"success":true,"status":"OK","command":"POLL","info":{}}
#454 [2026-09-12T16:01:44.211Z] (175091ms) POLL_RAW {"success":true,"status":"OK","command":"POLL","info":{}}
#455 [2026-09-12T16:01:44.370Z] (175251ms) POLL_RAW {"success":true,"status":"OK","command":"POLL","info":{}}
#456 [2026-09-12T16:01:44.531Z] (175411ms) POLL_RAW {"success":true,"status":"OK","command":"POLL","info":{}}
#457 [2026-09-12T16:01:44.691Z] (175572ms) POLL_RAW {"success":true,"status":"OK","command":"POLL","info":{}}
#458 [2026-09-12T16:01:44.851Z] (175731ms) POLL_RAW {"success":true,"status":"OK","command":"POLL","info":{}}
#459 [2026-09-12T16:01:45.011Z] (175891ms) POLL_RAW {"success":true,"status":"OK","command":"POLL","info":{}}
#460 [2026-09-12T16:01:45.170Z] (176051ms) POLL_RAW {"success":true,"status":"OK","command":"POLL","info":{}}
#461 [2026-09-12T16:01:45.330Z] (176210ms) POLL_RAW {"success":true,"status":"OK","command":"POLL","info":{}}
#462 [2026-09-12T16:01:45.490Z] (176370ms) POLL_RAW {"success":true,"status":"OK","command":"POLL","info":{}}
#463 [2026-09-12T16:01:45.650Z] (176530ms) POLL_RAW {"success":true,"status":"OK","command":"POLL","info":{}}
#464 [2026-09-12T16:01:45.809Z] (176690ms) POLL_RAW {"success":true,"status":"OK","command":"POLL","info":{}}
#465 [2026-09-12T16:01:45.970Z] (176850ms) POLL_RAW {"success":true,"status":"OK","command":"POLL","info":{}}
#466 [2026-09-12T16:01:46.130Z] (177010ms) POLL_RAW {"success":true,"status":"OK","command":"POLL","info":{}}
#467 [2026-09-12T16:01:46.290Z] (177170ms) POLL_RAW {"success":true,"status":"OK","command":"POLL","info":{}}
#468 [2026-09-12T16:01:46.450Z] (177330ms) POLL_RAW {"success":true,"status":"OK","command":"POLL","info":{}}
#469 [2026-09-12T16:01:46.610Z] (177490ms) POLL_RAW {"success":true,"status":"OK","command":"POLL","info":{}}
#470 [2026-09-12T16:01:46.770Z] (177650ms) POLL_RAW {"success":true,"status":"OK","command":"POLL","info":{}}
#471 [2026-09-12T16:01:46.930Z] (177810ms) POLL_RAW {"success":true,"status":"OK","command":"POLL","info":{}}
#472 [2026-09-12T16:01:47.090Z] (177971ms) POLL_RAW {"success":true,"status":"OK","command":"POLL","info":{}}
#473 [2026-09-12T16:01:47.250Z] (178130ms) POLL_RAW {"success":true,"status":"OK","command":"POLL","info":{}}
#474 [2026-09-12T16:01:47.410Z] (178290ms) POLL_RAW {"success":true,"status":"OK","command":"POLL","info":{}}
#475 [2026-09-12T16:01:47.570Z] (178450ms) POLL_RAW {"success":true,"status":"OK","command":"POLL","info":{}}
#476 [2026-09-12T16:01:47.730Z] (178610ms) POLL_RAW {"success":true,"status":"OK","command":"POLL","info":{}}
#477 [2026-09-12T16:01:47.890Z] (178770ms) POLL_RAW {"success":true,"status":"OK","command":"POLL","info":{}}
#478 [2026-09-12T16:01:48.050Z] (178930ms) POLL_RAW {"success":true,"status":"OK","command":"POLL","info":{}}
#479 [2026-09-12T16:01:48.210Z] (179090ms) POLL_RAW {"success":true,"status":"OK","command":"POLL","info":{}}
#480 [2026-09-12T16:01:48.369Z] (179250ms) POLL_RAW {"success":true,"status":"OK","command":"POLL","info":{}}
#481 [2026-09-12T16:01:48.528Z] (179409ms) POLL_RAW {"success":true,"status":"OK","command":"POLL","info":{}}
#482 [2026-09-12T16:01:48.688Z] (179569ms) POLL_RAW {"success":true,"status":"OK","command":"POLL","info":{}}
#483 [2026-09-12T16:01:48.849Z] (179730ms) POLL_RAW {"success":true,"status":"OK","command":"POLL","info":{}}
#484 [2026-09-12T16:01:49.010Z] (179890ms) POLL_RAW {"success":true,"status":"OK","command":"POLL","info":{}}
#485 [2026-09-12T16:01:49.169Z] (180050ms) POLL_RAW {"success":true,"status":"OK","command":"POLL","info":{}}
#486 [2026-09-12T16:01:49.329Z] (180209ms) POLL_RAW {"success":true,"status":"OK","command":"POLL","info":{}}
#487 [2026-09-12T16:01:49.489Z] (180370ms) POLL_RAW {"success":true,"status":"OK","command":"POLL","info":{}}
#488 [2026-09-12T16:01:49.649Z] (180530ms) POLL_RAW {"success":true,"status":"OK","command":"POLL","info":{}}
#489 [2026-09-12T16:01:49.809Z] (180690ms) POLL_RAW {"success":true,"status":"OK","command":"POLL","info":{}}
#490 [2026-09-12T16:01:49.969Z] (180850ms) POLL_RAW {"success":true,"status":"OK","command":"POLL","info":{}}
#491 [2026-09-12T16:01:50.129Z] (181010ms) POLL_RAW {"success":true,"status":"OK","command":"POLL","info":{}}
#492 [2026-09-12T16:01:50.288Z] (181169ms) POLL_RAW {"success":true,"status":"OK","command":"POLL","info":{}}
#493 [2026-09-12T16:01:50.449Z] (181330ms) POLL_RAW {"success":true,"status":"OK","command":"POLL","info":{}}
#494 [2026-09-12T16:01:50.609Z] (181490ms) POLL_RAW {"success":true,"status":"OK","command":"POLL","info":{}}
#495 [2026-09-12T16:01:50.769Z] (181650ms) POLL_RAW {"success":true,"status":"OK","command":"POLL","info":{}}
#496 [2026-09-12T16:01:50.929Z] (181810ms) POLL_RAW {"success":true,"status":"OK","command":"POLL","info":{}}
#497 [2026-09-12T16:01:51.088Z] (181969ms) POLL_RAW {"success":true,"status":"OK","command":"POLL","info":{}}
#498 [2026-09-12T16:01:51.249Z] (182129ms) POLL_RAW {"success":true,"status":"OK","command":"POLL","info":{}}
#499 [2026-09-12T16:01:51.408Z] (182289ms) POLL_RAW {"success":true,"status":"OK","command":"POLL","info":{}}
#500 [2026-09-12T16:01:51.568Z] (182449ms) POLL_RAW {"success":true,"status":"OK","command":"POLL","info":{}}
#501 [2026-09-12T16:01:51.728Z] (182609ms) POLL_RAW {"success":true,"status":"OK","command":"POLL","info":{}}
#502 [2026-09-12T16:01:51.888Z] (182769ms) POLL_RAW {"success":true,"status":"OK","command":"POLL","info":{}}
#503 [2026-09-12T16:01:52.047Z] (182928ms) POLL_RAW {"success":true,"status":"OK","command":"POLL","info":{}}
#504 [2026-09-12T16:01:52.207Z] (183088ms) POLL_RAW {"success":true,"status":"OK","command":"POLL","info":{}}
#505 [2026-09-12T16:01:52.367Z] (183248ms) POLL_RAW {"success":true,"status":"OK","command":"POLL","info":{}}
#506 [2026-09-12T16:01:52.528Z] (183409ms) POLL_RAW {"success":true,"status":"OK","command":"POLL","info":{}}
#507 [2026-09-12T16:01:52.688Z] (183569ms) POLL_RAW {"success":true,"status":"OK","command":"POLL","info":{}}
#508 [2026-09-12T16:01:52.847Z] (183728ms) POLL_RAW {"success":true,"status":"OK","command":"POLL","info":{}}
#509 [2026-09-12T16:01:53.008Z] (183889ms) POLL_RAW {"success":true,"status":"OK","command":"POLL","info":{}}
#510 [2026-09-12T16:01:53.168Z] (184049ms) POLL_RAW {"success":true,"status":"OK","command":"POLL","info":{}}
#511 [2026-09-12T16:01:53.327Z] (184208ms) POLL_RAW {"success":true,"status":"OK","command":"POLL","info":{}}
#512 [2026-09-12T16:01:53.489Z] (184369ms) POLL_RAW {"success":true,"status":"OK","command":"POLL","info":{}}
#513 [2026-09-12T16:01:53.649Z] (184529ms) POLL_RAW {"success":true,"status":"OK","command":"POLL","info":{}}
#514 [2026-09-12T16:01:53.809Z] (184690ms) POLL_RAW {"success":true,"status":"OK","command":"POLL","info":{}}
#515 [2026-09-12T16:01:53.969Z] (184849ms) POLL_RAW {"success":true,"status":"OK","command":"POLL","info":{}}
#516 [2026-09-12T16:01:54.129Z] (185009ms) POLL_RAW {"success":true,"status":"OK","command":"POLL","info":{}}
#517 [2026-09-12T16:01:54.288Z] (185169ms) POLL_RAW {"success":true,"status":"OK","command":"POLL","info":{}}
#518 [2026-09-12T16:01:54.448Z] (185329ms) POLL_RAW {"success":true,"status":"OK","command":"POLL","info":{}}
#519 [2026-09-12T16:01:54.609Z] (185489ms) POLL_RAW {"success":true,"status":"OK","command":"POLL","info":{}}
#520 [2026-09-12T16:01:54.768Z] (185648ms) POLL_RAW {"success":true,"status":"OK","command":"POLL","info":{}}
#521 [2026-09-12T16:01:54.927Z] (185808ms) POLL_RAW {"success":true,"status":"OK","command":"POLL","info":{}}
#522 [2026-09-12T16:01:55.087Z] (185968ms) POLL_RAW {"success":true,"status":"OK","command":"POLL","info":{}}
#523 [2026-09-12T16:01:55.247Z] (186128ms) POLL_RAW {"success":true,"status":"OK","command":"POLL","info":{}}
#524 [2026-09-12T16:01:55.407Z] (186288ms) POLL_RAW {"success":true,"status":"OK","command":"POLL","info":{}}
#525 [2026-09-12T16:01:55.568Z] (186448ms) POLL_RAW {"success":true,"status":"OK","command":"POLL","info":{}}
#526 [2026-09-12T16:01:55.728Z] (186608ms) POLL_RAW {"success":true,"status":"OK","command":"POLL","info":{}}
#527 [2026-09-12T16:01:55.887Z] (186768ms) POLL_RAW {"success":true,"status":"OK","command":"POLL","info":{}}
#528 [2026-09-12T16:01:56.048Z] (186928ms) POLL_RAW {"success":true,"status":"OK","command":"POLL","info":{}}
#529 [2026-09-12T16:01:56.208Z] (187088ms) POLL_RAW {"success":true,"status":"OK","command":"POLL","info":{}}
#530 [2026-09-12T16:01:56.368Z] (187249ms) POLL_RAW {"success":true,"status":"OK","command":"POLL","info":{}}
#531 [2026-09-12T16:01:56.528Z] (187408ms) POLL_RAW {"success":true,"status":"OK","command":"POLL","info":{}}
#532 [2026-09-12T16:01:56.689Z] (187569ms) POLL_RAW {"success":true,"status":"OK","command":"POLL","info":{}}
#533 [2026-09-12T16:01:56.848Z] (187728ms) POLL_RAW {"success":true,"status":"OK","command":"POLL","info":{}}
#534 [2026-09-12T16:01:57.008Z] (187888ms) POLL_RAW {"success":true,"status":"OK","command":"POLL","info":{}}
#535 [2026-09-12T16:01:57.168Z] (188048ms) POLL_RAW {"success":true,"status":"OK","command":"POLL","info":{}}
#536 [2026-09-12T16:01:57.328Z] (188208ms) POLL_RAW {"success":true,"status":"OK","command":"POLL","info":{}}
#537 [2026-09-12T16:01:57.487Z] (188368ms) POLL_RAW {"success":true,"status":"OK","command":"POLL","info":{}}
#538 [2026-09-12T16:01:57.647Z] (188528ms) POLL_RAW {"success":true,"status":"OK","command":"POLL","info":{}}
#539 [2026-09-12T16:01:57.807Z] (188688ms) POLL_RAW {"success":true,"status":"OK","command":"POLL","info":{}}
#540 [2026-09-12T16:01:57.967Z] (188847ms) POLL_RAW {"success":true,"status":"OK","command":"POLL","info":{}}
#541 [2026-09-12T16:01:58.127Z] (189007ms) POLL_RAW {"success":true,"status":"OK","command":"POLL","info":{}}
#542 [2026-09-12T16:01:58.287Z] (189167ms) POLL_RAW {"success":true,"status":"OK","command":"POLL","info":{}}
#543 [2026-09-12T16:01:58.447Z] (189327ms) POLL_RAW {"success":true,"status":"OK","command":"POLL","info":{}}
#544 [2026-09-12T16:01:58.607Z] (189488ms) POLL_RAW {"success":true,"status":"OK","command":"POLL","info":{}}
#545 [2026-09-12T16:01:58.767Z] (189648ms) POLL_RAW {"success":true,"status":"OK","command":"POLL","info":{}}
#546 [2026-09-12T16:01:58.928Z] (189808ms) POLL_RAW {"success":true,"status":"OK","command":"POLL","info":{}}
#547 [2026-09-12T16:01:59.087Z] (189968ms) POLL_RAW {"success":true,"status":"OK","command":"POLL","info":{}}
#548 [2026-09-12T16:01:59.247Z] (190127ms) POLL_RAW {"success":true,"status":"OK","command":"POLL","info":{}}
#549 [2026-09-12T16:01:59.407Z] (190287ms) POLL_RAW {"success":true,"status":"OK","command":"POLL","info":{}}
#550 [2026-09-12T16:01:59.567Z] (190448ms) POLL_RAW {"success":true,"status":"OK","command":"POLL","info":{}}
#551 [2026-09-12T16:01:59.727Z] (190608ms) POLL_RAW {"success":true,"status":"OK","command":"POLL","info":{}}
#552 [2026-09-12T16:01:59.886Z] (190767ms) POLL_RAW {"success":true,"status":"OK","command":"POLL","info":{}}
#553 [2026-09-12T16:02:00.047Z] (190928ms) POLL_RAW {"success":true,"status":"OK","command":"POLL","info":{}}
#554 [2026-09-12T16:02:00.207Z] (191088ms) POLL_RAW {"success":true,"status":"OK","command":"POLL","info":{}}
#555 [2026-09-12T16:02:00.367Z] (191248ms) POLL_RAW {"success":true,"status":"OK","command":"POLL","info":{}}
#556 [2026-09-12T16:02:00.527Z] (191408ms) POLL_RAW {"success":true,"status":"OK","command":"POLL","info":{}}
#557 [2026-09-12T16:02:00.687Z] (191568ms) POLL_RAW {"success":true,"status":"OK","command":"POLL","info":{}}
#558 [2026-09-12T16:02:00.845Z] (191726ms) POLL_RAW {"success":true,"status":"OK","command":"POLL","info":{}}
#559 [2026-09-12T16:02:01.007Z] (191887ms) POLL_RAW {"success":true,"status":"OK","command":"POLL","info":{}}
#560 [2026-09-12T16:02:01.165Z] (192046ms) POLL_RAW {"success":true,"status":"OK","command":"POLL","info":{}}
#561 [2026-09-12T16:02:01.326Z] (192207ms) POLL_RAW {"success":true,"status":"OK","command":"POLL","info":{}}
#562 [2026-09-12T16:02:01.486Z] (192367ms) POLL_RAW {"success":true,"status":"OK","command":"POLL","info":{}}
#563 [2026-09-12T16:02:01.646Z] (192527ms) POLL_RAW {"success":true,"status":"OK","command":"POLL","info":{}}
#564 [2026-09-12T16:02:01.806Z] (192687ms) POLL_RAW {"success":true,"status":"OK","command":"POLL","info":{}}
#565 [2026-09-12T16:02:01.967Z] (192847ms) POLL_RAW {"success":true,"status":"OK","command":"POLL","info":{}}
#566 [2026-09-12T16:02:02.126Z] (193007ms) POLL_RAW {"success":true,"status":"OK","command":"POLL","info":{}}
#567 [2026-09-12T16:02:02.286Z] (193167ms) POLL_RAW {"success":true,"status":"OK","command":"POLL","info":{}}
#568 [2026-09-12T16:02:02.446Z] (193327ms) POLL_RAW {"success":true,"status":"OK","command":"POLL","info":{}}
#569 [2026-09-12T16:02:02.606Z] (193487ms) POLL_RAW {"success":true,"status":"OK","command":"POLL","info":{}}
#570 [2026-09-12T16:02:02.766Z] (193647ms) POLL_RAW {"success":true,"status":"OK","command":"POLL","info":{}}
#571 [2026-09-12T16:02:02.926Z] (193807ms) POLL_RAW {"success":true,"status":"OK","command":"POLL","info":{}}
#572 [2026-09-12T16:02:03.085Z] (193966ms) POLL_RAW {"success":true,"status":"OK","command":"POLL","info":{}}
#573 [2026-09-12T16:02:03.245Z] (194126ms) POLL_RAW {"success":true,"status":"OK","command":"POLL","info":{}}
#574 [2026-09-12T16:02:03.405Z] (194286ms) POLL_RAW {"success":true,"status":"OK","command":"POLL","info":{}}
#575 [2026-09-12T16:02:03.566Z] (194447ms) POLL_RAW {"success":true,"status":"OK","command":"POLL","info":{}}
#576 [2026-09-12T16:02:03.727Z] (194608ms) POLL_RAW {"success":true,"status":"OK","command":"POLL","info":{}}
#577 [2026-09-12T16:02:03.886Z] (194766ms) POLL_RAW {"success":true,"status":"OK","command":"POLL","info":{}}
#578 [2026-09-12T16:02:04.046Z] (194926ms) POLL_RAW {"success":true,"status":"OK","command":"POLL","info":{}}
#579 [2026-09-12T16:02:04.206Z] (195086ms) POLL_RAW {"success":true,"status":"OK","command":"POLL","info":{}}
#580 [2026-09-12T16:02:04.365Z] (195246ms) POLL_RAW {"success":true,"status":"OK","command":"POLL","info":{}}
#581 [2026-09-12T16:02:04.525Z] (195406ms) POLL_RAW {"success":true,"status":"OK","command":"POLL","info":{}}
#582 [2026-09-12T16:02:04.685Z] (195566ms) POLL_RAW {"success":true,"status":"OK","command":"POLL","info":{}}
#583 [2026-09-12T16:02:04.845Z] (195726ms) POLL_RAW {"success":true,"status":"OK","command":"POLL","info":{}}
#584 [2026-09-12T16:02:05.006Z] (195887ms) POLL_RAW {"success":true,"status":"OK","command":"POLL","info":{}}
#585 [2026-09-12T16:02:05.167Z] (196048ms) POLL_RAW {"success":true,"status":"OK","command":"POLL","info":{}}
#586 [2026-09-12T16:02:05.326Z] (196207ms) POLL_RAW {"success":true,"status":"OK","command":"POLL","info":{}}
#587 [2026-09-12T16:02:05.485Z] (196366ms) POLL_RAW {"success":true,"status":"OK","command":"POLL","info":{}}
#588 [2026-09-12T16:02:05.645Z] (196526ms) POLL_RAW {"success":true,"status":"OK","command":"POLL","info":{}}
#589 [2026-09-12T16:02:05.806Z] (196686ms) POLL_RAW {"success":true,"status":"OK","command":"POLL","info":{}}
#590 [2026-09-12T16:02:06.126Z] (197007ms) POLL_RAW {"success":true,"status":"OK","command":"POLL","info":{}}
#591 [2026-09-12T16:02:06.286Z] (197166ms) POLL_RAW {"success":true,"status":"OK","command":"POLL","info":{}}
#592 [2026-09-12T16:02:06.445Z] (197326ms) POLL_RAW {"success":true,"status":"OK","command":"POLL","info":{}}
#593 [2026-09-12T16:02:06.605Z] (197486ms) POLL_RAW {"success":true,"status":"OK","command":"POLL","info":{}}
#594 [2026-09-12T16:02:06.765Z] (197646ms) POLL_RAW {"success":true,"status":"OK","command":"POLL","info":{}}
#595 [2026-09-12T16:02:06.926Z] (197806ms) POLL_RAW {"success":true,"status":"OK","command":"POLL","info":{}}
#596 [2026-09-12T16:02:07.084Z] (197965ms) POLL_RAW {"success":true,"status":"OK","command":"POLL","info":{}}
#597 [2026-09-12T16:02:07.244Z] (198125ms) POLL_RAW {"success":true,"status":"OK","command":"POLL","info":{}}
#598 [2026-09-12T16:02:07.405Z] (198285ms) POLL_RAW {"success":true,"status":"OK","command":"POLL","info":{}}
#599 [2026-09-12T16:02:07.564Z] (198445ms) POLL_RAW {"success":true,"status":"OK","command":"POLL","info":{}}
#600 [2026-09-12T16:02:07.724Z] (198605ms) POLL_RAW {"success":true,"status":"OK","command":"POLL","info":{}}
#601 [2026-09-12T16:02:07.884Z] (198765ms) POLL_RAW {"success":true,"status":"OK","command":"POLL","info":{}}
#602 [2026-09-12T16:02:08.045Z] (198925ms) POLL_RAW {"success":true,"status":"OK","command":"POLL","info":{}}
#603 [2026-09-12T16:02:08.205Z] (199085ms) POLL_RAW {"success":true,"status":"OK","command":"POLL","info":{}}
#604 [2026-09-12T16:02:08.365Z] (199245ms) POLL_RAW {"success":true,"status":"OK","command":"POLL","info":{}}
#605 [2026-09-12T16:02:08.525Z] (199406ms) POLL_RAW {"success":true,"status":"OK","command":"POLL","info":[{"code":223,"name":"COIN_CREDIT","description":"A coin has been detected as added to the system via the attached coin mechanism. The value of the coin detected is given in the event data.","value":[{"value":200,"country_code":"EUR"}]}]}
#606 [2026-09-12T16:02:08.526Z] (199406ms) COIN_CREDIT {"code":223,"name":"COIN_CREDIT","description":"A coin has been detected as added to the system via the attached coin mechanism. The value of the coin detected is given in the event data.","value":[{"value":200,"country_code":"EUR"}]}
#607 [2026-09-12T16:02:08.687Z] (199568ms) POLL_RAW {"success":true,"status":"OK","command":"POLL","info":{}}
#608 [2026-09-12T16:02:08.845Z] (199725ms) POLL_RAW {"success":true,"status":"OK","command":"POLL","info":{}}
#609 [2026-09-12T16:02:09.005Z] (199885ms) POLL_RAW {"success":true,"status":"OK","command":"POLL","info":{}}
#610 [2026-09-12T16:02:09.165Z] (200046ms) POLL_RAW {"success":true,"status":"OK","command":"POLL","info":{}}
#611 [2026-09-12T16:02:09.325Z] (200205ms) POLL_RAW {"success":true,"status":"OK","command":"POLL","info":{}}
#612 [2026-09-12T16:02:09.485Z] (200365ms) POLL_RAW {"success":true,"status":"OK","command":"POLL","info":{}}
#613 [2026-09-12T16:02:09.644Z] (200525ms) POLL_RAW {"success":true,"status":"OK","command":"POLL","info":{}}
#614 [2026-09-12T16:02:09.805Z] (200685ms) POLL_RAW {"success":true,"status":"OK","command":"POLL","info":{}}
#615 [2026-09-12T16:02:09.965Z] (200845ms) POLL_RAW {"success":true,"status":"OK","command":"POLL","info":{}}
#616 [2026-09-12T16:02:10.124Z] (201005ms) POLL_RAW {"success":true,"status":"OK","command":"POLL","info":{}}
#617 [2026-09-12T16:02:10.284Z] (201164ms) POLL_RAW {"success":true,"status":"OK","command":"POLL","info":{}}
#618 [2026-09-12T16:02:10.444Z] (201324ms) POLL_RAW {"success":true,"status":"OK","command":"POLL","info":[{"code":223,"name":"COIN_CREDIT","description":"A coin has been detected as added to the system via the attached coin mechanism. The value of the coin detected is given in the event data.","value":[{"value":200,"country_code":"EUR"}]}]}
#619 [2026-09-12T16:02:10.444Z] (201324ms) COIN_CREDIT {"code":223,"name":"COIN_CREDIT","description":"A coin has been detected as added to the system via the attached coin mechanism. The value of the coin detected is given in the event data.","value":[{"value":200,"country_code":"EUR"}]}
#620 [2026-09-12T16:02:10.604Z] (201485ms) POLL_RAW {"success":true,"status":"OK","command":"POLL","info":{}}
#621 [2026-09-12T16:02:10.764Z] (201644ms) POLL_RAW {"success":true,"status":"OK","command":"POLL","info":{}}
#622 [2026-09-12T16:02:10.924Z] (201805ms) POLL_RAW {"success":true,"status":"OK","command":"POLL","info":{}}
#623 [2026-09-12T16:02:11.085Z] (201966ms) POLL_RAW {"success":true,"status":"OK","command":"POLL","info":{}}
#624 [2026-09-12T16:02:11.244Z] (202124ms) POLL_RAW {"success":true,"status":"OK","command":"POLL","info":{}}
#625 [2026-09-12T16:02:11.404Z] (202284ms) POLL_RAW {"success":true,"status":"OK","command":"POLL","info":{}}
#626 [2026-09-12T16:02:11.564Z] (202444ms) POLL_RAW {"success":true,"status":"OK","command":"POLL","info":{}}
#627 [2026-09-12T16:02:11.723Z] (202604ms) POLL_RAW {"success":true,"status":"OK","command":"POLL","info":{}}
#628 [2026-09-12T16:02:11.884Z] (202764ms) POLL_RAW {"success":true,"status":"OK","command":"POLL","info":{}}
#629 [2026-09-12T16:02:12.045Z] (202925ms) POLL_RAW {"success":true,"status":"OK","command":"POLL","info":[{"code":223,"name":"COIN_CREDIT","description":"A coin has been detected as added to the system via the attached coin mechanism. The value of the coin detected is given in the event data.","value":[{"value":200,"country_code":"EUR"}]}]}
#630 [2026-09-12T16:02:12.045Z] (202925ms) COIN_CREDIT {"code":223,"name":"COIN_CREDIT","description":"A coin has been detected as added to the system via the attached coin mechanism. The value of the coin detected is given in the event data.","value":[{"value":200,"country_code":"EUR"}]}
#631 [2026-09-12T16:02:12.204Z] (203085ms) POLL_RAW {"success":true,"status":"OK","command":"POLL","info":{}}
#632 [2026-09-12T16:02:12.364Z] (203245ms) POLL_RAW {"success":true,"status":"OK","command":"POLL","info":{}}
#633 [2026-09-12T16:02:12.524Z] (203405ms) POLL_RAW {"success":true,"status":"OK","command":"POLL","info":{}}
#634 [2026-09-12T16:02:12.684Z] (203565ms) POLL_RAW {"success":true,"status":"OK","command":"POLL","info":{}}
#635 [2026-09-12T16:02:12.843Z] (203724ms) POLL_RAW {"success":true,"status":"OK","command":"POLL","info":{}}
#636 [2026-09-12T16:02:13.004Z] (203884ms) POLL_RAW {"success":true,"status":"OK","command":"POLL","info":{}}
#637 [2026-09-12T16:02:13.164Z] (204045ms) POLL_RAW {"success":true,"status":"OK","command":"POLL","info":{}}
#638 [2026-09-12T16:02:13.323Z] (204204ms) POLL_RAW {"success":true,"status":"OK","command":"POLL","info":{}}
#639 [2026-09-12T16:02:13.483Z] (204364ms) POLL_RAW {"success":true,"status":"OK","command":"POLL","info":{}}
#640 [2026-09-12T16:02:13.644Z] (204525ms) POLL_RAW {"success":true,"status":"OK","command":"POLL","info":{}}
#641 [2026-09-12T16:02:13.804Z] (204684ms) POLL_RAW {"success":true,"status":"OK","command":"POLL","info":{}}
#642 [2026-09-12T16:02:13.963Z] (204844ms) POLL_RAW {"success":true,"status":"OK","command":"POLL","info":{}}
#643 [2026-09-12T16:02:14.123Z] (205004ms) POLL_RAW {"success":true,"status":"OK","command":"POLL","info":{}}
#644 [2026-09-12T16:02:14.283Z] (205164ms) POLL_RAW {"success":true,"status":"OK","command":"POLL","info":{}}
#645 [2026-09-12T16:02:14.443Z] (205324ms) POLL_RAW {"success":true,"status":"OK","command":"POLL","info":{}}
#646 [2026-09-12T16:02:14.602Z] (205483ms) POLL_RAW {"success":true,"status":"OK","command":"POLL","info":[{"code":223,"name":"COIN_CREDIT","description":"A coin has been detected as added to the system via the attached coin mechanism. The value of the coin detected is given in the event data.","value":[{"value":200,"country_code":"EUR"}]}]}
#647 [2026-09-12T16:02:14.603Z] (205483ms) COIN_CREDIT {"code":223,"name":"COIN_CREDIT","description":"A coin has been detected as added to the system via the attached coin mechanism. The value of the coin detected is given in the event data.","value":[{"value":200,"country_code":"EUR"}]}
#648 [2026-09-12T16:02:14.764Z] (205645ms) POLL_RAW {"success":true,"status":"OK","command":"POLL","info":{}}
#649 [2026-09-12T16:02:14.923Z] (205804ms) POLL_RAW {"success":true,"status":"OK","command":"POLL","info":{}}
#650 [2026-09-12T16:02:15.084Z] (205965ms) POLL_RAW {"success":true,"status":"OK","command":"POLL","info":{}}
#651 [2026-09-12T16:02:15.244Z] (206125ms) POLL_RAW {"success":true,"status":"OK","command":"POLL","info":{}}
#652 [2026-09-12T16:02:15.404Z] (206285ms) POLL_RAW {"success":true,"status":"OK","command":"POLL","info":{}}
#653 [2026-09-12T16:02:15.564Z] (206445ms) POLL_RAW {"success":true,"status":"OK","command":"POLL","info":{}}
#654 [2026-09-12T16:02:15.724Z] (206605ms) POLL_RAW {"success":true,"status":"OK","command":"POLL","info":{}}
#655 [2026-09-12T16:02:15.883Z] (206764ms) POLL_RAW {"success":true,"status":"OK","command":"POLL","info":{}}
#656 [2026-09-12T16:02:16.043Z] (206924ms) POLL_RAW {"success":true,"status":"OK","command":"POLL","info":{}}
#657 [2026-09-12T16:02:16.203Z] (207084ms) POLL_RAW {"success":true,"status":"OK","command":"POLL","info":{}}
#658 [2026-09-12T16:02:16.362Z] (207243ms) POLL_RAW {"success":true,"status":"OK","command":"POLL","info":{}}
#659 [2026-09-12T16:02:16.522Z] (207403ms) POLL_RAW {"success":true,"status":"OK","command":"POLL","info":{}}
#660 [2026-09-12T16:02:16.683Z] (207563ms) POLL_RAW {"success":true,"status":"OK","command":"POLL","info":[{"code":223,"name":"COIN_CREDIT","description":"A coin has been detected as added to the system via the attached coin mechanism. The value of the coin detected is given in the event data.","value":[{"value":200,"country_code":"EUR"}]}]}
#661 [2026-09-12T16:02:16.683Z] (207563ms) COIN_CREDIT {"code":223,"name":"COIN_CREDIT","description":"A coin has been detected as added to the system via the attached coin mechanism. The value of the coin detected is given in the event data.","value":[{"value":200,"country_code":"EUR"}]}
#662 [2026-09-12T16:02:16.842Z] (207723ms) POLL_RAW {"success":true,"status":"OK","command":"POLL","info":{}}
#663 [2026-09-12T16:02:17.003Z] (207884ms) POLL_RAW {"success":true,"status":"OK","command":"POLL","info":{}}
#664 [2026-09-12T16:02:17.162Z] (208043ms) POLL_RAW {"success":true,"status":"OK","command":"POLL","info":{}}
#665 [2026-09-12T16:02:17.322Z] (208203ms) POLL_RAW {"success":true,"status":"OK","command":"POLL","info":{}}
#666 [2026-09-12T16:02:17.482Z] (208363ms) POLL_RAW {"success":true,"status":"OK","command":"POLL","info":{}}
#667 [2026-09-12T16:02:17.642Z] (208523ms) POLL_RAW {"success":true,"status":"OK","command":"POLL","info":{}}
#668 [2026-09-12T16:02:17.802Z] (208683ms) POLL_RAW {"success":true,"status":"OK","command":"POLL","info":{}}
#669 [2026-09-12T16:02:17.962Z] (208843ms) POLL_RAW {"success":true,"status":"OK","command":"POLL","info":{}}
#670 [2026-09-12T16:02:18.123Z] (209003ms) POLL_RAW {"success":true,"status":"OK","command":"POLL","info":{}}
#671 [2026-09-12T16:02:18.282Z] (209163ms) POLL_RAW {"success":true,"status":"OK","command":"POLL","info":{}}
#672 [2026-09-12T16:02:18.443Z] (209323ms) POLL_RAW {"success":true,"status":"OK","command":"POLL","info":{}}
#673 [2026-09-12T16:02:18.602Z] (209483ms) POLL_RAW {"success":true,"status":"OK","command":"POLL","info":{}}
#674 [2026-09-12T16:02:18.762Z] (209643ms) POLL_RAW {"success":true,"status":"OK","command":"POLL","info":{}}
#675 [2026-09-12T16:02:18.923Z] (209803ms) POLL_RAW {"success":true,"status":"OK","command":"POLL","info":{}}
#676 [2026-09-12T16:02:19.083Z] (209963ms) POLL_RAW {"success":true,"status":"OK","command":"POLL","info":[{"code":223,"name":"COIN_CREDIT","description":"A coin has been detected as added to the system via the attached coin mechanism. The value of the coin detected is given in the event data.","value":[{"value":200,"country_code":"EUR"}]}]}
#677 [2026-09-12T16:02:19.083Z] (209963ms) COIN_CREDIT {"code":223,"name":"COIN_CREDIT","description":"A coin has been detected as added to the system via the attached coin mechanism. The value of the coin detected is given in the event data.","value":[{"value":200,"country_code":"EUR"}]}
#678 [2026-09-12T16:02:19.243Z] (210123ms) POLL_RAW {"success":true,"status":"OK","command":"POLL","info":{}}
#679 [2026-09-12T16:02:19.402Z] (210282ms) POLL_RAW {"success":true,"status":"OK","command":"POLL","info":{}}
#680 [2026-09-12T16:02:19.561Z] (210442ms) POLL_RAW {"success":true,"status":"OK","command":"POLL","info":{}}
#681 [2026-09-12T16:02:19.722Z] (210602ms) POLL_RAW {"success":true,"status":"OK","command":"POLL","info":{}}
#682 [2026-09-12T16:02:19.881Z] (210762ms) POLL_RAW {"success":true,"status":"OK","command":"POLL","info":{}}
#683 [2026-09-12T16:02:20.041Z] (210922ms) POLL_RAW {"success":true,"status":"OK","command":"POLL","info":{}}
#684 [2026-09-12T16:02:20.202Z] (211082ms) POLL_RAW {"success":true,"status":"OK","command":"POLL","info":{}}
#685 [2026-09-12T16:02:20.362Z] (211242ms) POLL_RAW {"success":true,"status":"OK","command":"POLL","info":{}}
#686 [2026-09-12T16:02:20.522Z] (211402ms) POLL_RAW {"success":true,"status":"OK","command":"POLL","info":{}}
#687 [2026-09-12T16:02:20.682Z] (211562ms) POLL_RAW {"success":true,"status":"OK","command":"POLL","info":{}}
#688 [2026-09-12T16:02:20.842Z] (211722ms) POLL_RAW {"success":true,"status":"OK","command":"POLL","info":{}}
#689 [2026-09-12T16:02:21.002Z] (211882ms) POLL_RAW {"success":true,"status":"OK","command":"POLL","info":{}}
#690 [2026-09-12T16:02:21.162Z] (212042ms) POLL_RAW {"success":true,"status":"OK","command":"POLL","info":[{"code":223,"name":"COIN_CREDIT","description":"A coin has been detected as added to the system via the attached coin mechanism. The value of the coin detected is given in the event data.","value":[{"value":200,"country_code":"EUR"}]}]}
#691 [2026-09-12T16:02:21.162Z] (212042ms) COIN_CREDIT {"code":223,"name":"COIN_CREDIT","description":"A coin has been detected as added to the system via the attached coin mechanism. The value of the coin detected is given in the event data.","value":[{"value":200,"country_code":"EUR"}]}
#692 [2026-09-12T16:02:21.322Z] (212202ms) POLL_RAW {"success":true,"status":"OK","command":"POLL","info":{}}
#693 [2026-09-12T16:02:21.482Z] (212363ms) POLL_RAW {"success":true,"status":"OK","command":"POLL","info":{}}
#694 [2026-09-12T16:02:21.642Z] (212522ms) POLL_RAW {"success":true,"status":"OK","command":"POLL","info":{}}
#695 [2026-09-12T16:02:21.802Z] (212682ms) POLL_RAW {"success":true,"status":"OK","command":"POLL","info":{}}
#696 [2026-09-12T16:02:21.962Z] (212842ms) POLL_RAW {"success":true,"status":"OK","command":"POLL","info":{}}
#697 [2026-09-12T16:02:22.122Z] (213002ms) POLL_RAW {"success":true,"status":"OK","command":"POLL","info":{}}
#698 [2026-09-12T16:02:22.282Z] (213162ms) POLL_RAW {"success":true,"status":"OK","command":"POLL","info":{}}
#699 [2026-09-12T16:02:22.442Z] (213322ms) POLL_RAW {"success":true,"status":"OK","command":"POLL","info":{}}
#700 [2026-09-12T16:02:22.601Z] (213481ms) POLL_RAW {"success":true,"status":"OK","command":"POLL","info":{}}
#701 [2026-09-12T16:02:22.761Z] (213641ms) POLL_RAW {"success":true,"status":"OK","command":"POLL","info":{}}
#702 [2026-09-12T16:02:22.921Z] (213801ms) POLL_RAW {"success":true,"status":"OK","command":"POLL","info":{}}
#703 [2026-09-12T16:02:23.081Z] (213961ms) POLL_RAW {"success":true,"status":"OK","command":"POLL","info":{}}
#704 [2026-09-12T16:02:23.241Z] (214121ms) POLL_RAW {"success":true,"status":"OK","command":"POLL","info":{}}
#705 [2026-09-12T16:02:23.400Z] (214281ms) POLL_RAW {"success":true,"status":"OK","command":"POLL","info":{}}
#706 [2026-09-12T16:02:23.561Z] (214442ms) POLL_RAW {"success":true,"status":"OK","command":"POLL","info":{}}
#707 [2026-09-12T16:02:23.721Z] (214602ms) POLL_RAW {"success":true,"status":"OK","command":"POLL","info":{}}
#708 [2026-09-12T16:02:23.881Z] (214762ms) POLL_RAW {"success":true,"status":"OK","command":"POLL","info":{}}
#709 [2026-09-12T16:02:24.041Z] (214922ms) POLL_RAW {"success":true,"status":"OK","command":"POLL","info":{}}
#710 [2026-09-12T16:02:24.201Z] (215082ms) POLL_RAW {"success":true,"status":"OK","command":"POLL","info":{}}
#711 [2026-09-12T16:02:24.361Z] (215242ms) POLL_RAW {"success":true,"status":"OK","command":"POLL","info":{}}
#712 [2026-09-12T16:02:24.522Z] (215403ms) POLL_RAW {"success":true,"status":"OK","command":"POLL","info":{}}
#713 [2026-09-12T16:02:24.681Z] (215562ms) POLL_RAW {"success":true,"status":"OK","command":"POLL","info":{}}
#714 [2026-09-12T16:02:24.841Z] (215722ms) POLL_RAW {"success":true,"status":"OK","command":"POLL","info":{}}
#715 [2026-09-12T16:02:25.001Z] (215882ms) POLL_RAW {"success":true,"status":"OK","command":"POLL","info":{}}
#716 [2026-09-12T16:02:25.161Z] (216042ms) POLL_RAW {"success":true,"status":"OK","command":"POLL","info":{}}
#717 [2026-09-12T16:02:25.321Z] (216202ms) POLL_RAW {"success":true,"status":"OK","command":"POLL","info":{}}
#718 [2026-09-12T16:02:25.480Z] (216361ms) POLL_RAW {"success":true,"status":"OK","command":"POLL","info":{}}
#719 [2026-09-12T16:02:25.641Z] (216522ms) POLL_RAW {"success":true,"status":"OK","command":"POLL","info":{}}
#720 [2026-09-12T16:02:25.799Z] (216680ms) POLL_RAW {"success":true,"status":"OK","command":"POLL","info":{}}
#721 [2026-09-12T16:02:25.960Z] (216841ms) POLL_RAW {"success":true,"status":"OK","command":"POLL","info":{}}
#722 [2026-09-12T16:02:26.120Z] (217001ms) POLL_RAW {"success":true,"status":"OK","command":"POLL","info":{}}
#723 [2026-09-12T16:02:26.280Z] (217161ms) POLL_RAW {"success":true,"status":"OK","command":"POLL","info":{}}
#724 [2026-09-12T16:02:26.440Z] (217321ms) POLL_RAW {"success":true,"status":"OK","command":"POLL","info":{}}
#725 [2026-09-12T16:02:26.600Z] (217481ms) POLL_RAW {"success":true,"status":"OK","command":"POLL","info":{}}
#726 [2026-09-12T16:02:26.760Z] (217641ms) POLL_RAW {"success":true,"status":"OK","command":"POLL","info":{}}
#727 [2026-09-12T16:02:26.919Z] (217800ms) POLL_RAW {"success":true,"status":"OK","command":"POLL","info":{}}
#728 [2026-09-12T16:02:27.080Z] (217961ms) POLL_RAW {"success":true,"status":"OK","command":"POLL","info":{}}
#729 [2026-09-12T16:02:27.239Z] (218120ms) POLL_RAW {"success":true,"status":"OK","command":"POLL","info":{}}
#730 [2026-09-12T16:02:27.401Z] (218282ms) POLL_RAW {"success":true,"status":"OK","command":"POLL","info":{}}
#731 [2026-09-12T16:02:27.560Z] (218441ms) POLL_RAW {"success":true,"status":"OK","command":"POLL","info":{}}
#732 [2026-09-12T16:02:27.720Z] (218601ms) POLL_RAW {"success":true,"status":"OK","command":"POLL","info":{}}
#733 [2026-09-12T16:02:27.880Z] (218761ms) POLL_RAW {"success":true,"status":"OK","command":"POLL","info":{}}
#734 [2026-09-12T16:02:28.040Z] (218921ms) POLL_RAW {"success":true,"status":"OK","command":"POLL","info":[{"code":223,"name":"COIN_CREDIT","description":"A coin has been detected as added to the system via the attached coin mechanism. The value of the coin detected is given in the event data.","value":[{"value":200,"country_code":"EUR"}]}]}
#735 [2026-09-12T16:02:28.040Z] (218921ms) COIN_CREDIT {"code":223,"name":"COIN_CREDIT","description":"A coin has been detected as added to the system via the attached coin mechanism. The value of the coin detected is given in the event data.","value":[{"value":200,"country_code":"EUR"}]}
#736 [2026-09-12T16:02:28.203Z] (219084ms) POLL_RAW {"success":true,"status":"OK","command":"POLL","info":{}}
#737 [2026-09-12T16:02:28.360Z] (219241ms) POLL_RAW {"success":true,"status":"OK","command":"POLL","info":{}}
#738 [2026-09-12T16:02:28.520Z] (219400ms) POLL_RAW {"success":true,"status":"OK","command":"POLL","info":{}}
#739 [2026-09-12T16:02:28.679Z] (219560ms) POLL_RAW {"success":true,"status":"OK","command":"POLL","info":{}}
#740 [2026-09-12T16:02:28.840Z] (219720ms) POLL_RAW {"success":true,"status":"OK","command":"POLL","info":{}}
#741 [2026-09-12T16:02:29.000Z] (219880ms) POLL_RAW {"success":true,"status":"OK","command":"POLL","info":{}}
#742 [2026-09-12T16:02:29.159Z] (220040ms) POLL_RAW {"success":true,"status":"OK","command":"POLL","info":{}}
#743 [2026-09-12T16:02:29.320Z] (220201ms) POLL_RAW {"success":true,"status":"OK","command":"POLL","info":{}}
#744 [2026-09-12T16:02:29.479Z] (220360ms) POLL_RAW {"success":true,"status":"OK","command":"POLL","info":{}}
#745 [2026-09-12T16:02:29.640Z] (220520ms) POLL_RAW {"success":true,"status":"OK","command":"POLL","info":{}}
#746 [2026-09-12T16:02:29.800Z] (220680ms) POLL_RAW {"success":true,"status":"OK","command":"POLL","info":{}}
#747 [2026-09-12T16:02:29.960Z] (220840ms) POLL_RAW {"success":true,"status":"OK","command":"POLL","info":{}}
#748 [2026-09-12T16:02:30.119Z] (221000ms) POLL_RAW {"success":true,"status":"OK","command":"POLL","info":{}}
#749 [2026-09-12T16:02:30.279Z] (221160ms) POLL_RAW {"success":true,"status":"OK","command":"POLL","info":{}}
#750 [2026-09-12T16:02:30.439Z] (221320ms) POLL_RAW {"success":true,"status":"OK","command":"POLL","info":{}}
#751 [2026-09-12T16:02:30.600Z] (221480ms) POLL_RAW {"success":true,"status":"OK","command":"POLL","info":{}}
#752 [2026-09-12T16:02:30.760Z] (221640ms) POLL_RAW {"success":true,"status":"OK","command":"POLL","info":{}}
#753 [2026-09-12T16:02:30.920Z] (221800ms) POLL_RAW {"success":true,"status":"OK","command":"POLL","info":{}}
#754 [2026-09-12T16:02:31.079Z] (221960ms) POLL_RAW {"success":true,"status":"OK","command":"POLL","info":{}}
#755 [2026-09-12T16:02:31.239Z] (222120ms) POLL_RAW {"success":true,"status":"OK","command":"POLL","info":{}}
#756 [2026-09-12T16:02:31.399Z] (222280ms) POLL_RAW {"success":true,"status":"OK","command":"POLL","info":{}}
#757 [2026-09-12T16:02:31.559Z] (222439ms) POLL_RAW {"success":true,"status":"OK","command":"POLL","info":{}}
#758 [2026-09-12T16:02:31.719Z] (222599ms) POLL_RAW {"success":true,"status":"OK","command":"POLL","info":{}}
#759 [2026-09-12T16:02:31.879Z] (222759ms) POLL_RAW {"success":true,"status":"OK","command":"POLL","info":{}}
#760 [2026-09-12T16:02:32.039Z] (222919ms) POLL_RAW {"success":true,"status":"OK","command":"POLL","info":{}}
#761 [2026-09-12T16:02:32.199Z] (223079ms) POLL_RAW {"success":true,"status":"OK","command":"POLL","info":{}}
#762 [2026-09-12T16:02:32.359Z] (223239ms) POLL_RAW {"success":true,"status":"OK","command":"POLL","info":{}}
#763 [2026-09-12T16:02:32.519Z] (223399ms) POLL_RAW {"success":true,"status":"OK","command":"POLL","info":{}}
#764 [2026-09-12T16:02:32.679Z] (223560ms) POLL_RAW {"success":true,"status":"OK","command":"POLL","info":{}}
#765 [2026-09-12T16:02:32.839Z] (223719ms) POLL_RAW {"success":true,"status":"OK","command":"POLL","info":{}}
#766 [2026-09-12T16:02:32.999Z] (223879ms) POLL_RAW {"success":true,"status":"OK","command":"POLL","info":{}}
#767 [2026-09-12T16:02:33.159Z] (224039ms) POLL_RAW {"success":true,"status":"OK","command":"POLL","info":{}}
#768 [2026-09-12T16:02:33.319Z] (224199ms) POLL_RAW {"success":true,"status":"OK","command":"POLL","info":{}}
#769 [2026-09-12T16:02:33.479Z] (224359ms) POLL_RAW {"success":true,"status":"OK","command":"POLL","info":{}}
#770 [2026-09-12T16:02:33.639Z] (224519ms) POLL_RAW {"success":true,"status":"OK","command":"POLL","info":{}}
#771 [2026-09-12T16:02:33.799Z] (224680ms) POLL_RAW {"success":true,"status":"OK","command":"POLL","info":{}}
#772 [2026-09-12T16:02:33.960Z] (224841ms) POLL_RAW {"success":true,"status":"OK","command":"POLL","info":{}}
#773 [2026-09-12T16:02:34.119Z] (225000ms) POLL_RAW {"success":true,"status":"OK","command":"POLL","info":{}}
#774 [2026-09-12T16:02:34.279Z] (225159ms) POLL_RAW {"success":true,"status":"OK","command":"POLL","info":{}}
#775 [2026-09-12T16:02:34.439Z] (225319ms) POLL_RAW {"success":true,"status":"OK","command":"POLL","info":{}}
#776 [2026-09-12T16:02:34.600Z] (225480ms) POLL_RAW {"success":true,"status":"OK","command":"POLL","info":{}}
#777 [2026-09-12T16:02:34.758Z] (225639ms) POLL_RAW {"success":true,"status":"OK","command":"POLL","info":{}}
#778 [2026-09-12T16:02:34.918Z] (225799ms) POLL_RAW {"success":true,"status":"OK","command":"POLL","info":{}}
#779 [2026-09-12T16:02:35.079Z] (225960ms) POLL_RAW {"success":true,"status":"OK","command":"POLL","info":{}}
#780 [2026-09-12T16:02:35.244Z] (226125ms) POLL_RAW {"success":true,"status":"OK","command":"POLL","info":{}}
#781 [2026-09-12T16:02:35.399Z] (226280ms) POLL_RAW {"success":true,"status":"OK","command":"POLL","info":{}}
#782 [2026-09-12T16:02:35.559Z] (226440ms) POLL_RAW {"success":true,"status":"OK","command":"POLL","info":[{"code":223,"name":"COIN_CREDIT","description":"A coin has been detected as added to the system via the attached coin mechanism. The value of the coin detected is given in the event data.","value":[{"value":200,"country_code":"EUR"}]}]}
#783 [2026-09-12T16:02:35.559Z] (226440ms) COIN_CREDIT {"code":223,"name":"COIN_CREDIT","description":"A coin has been detected as added to the system via the attached coin mechanism. The value of the coin detected is given in the event data.","value":[{"value":200,"country_code":"EUR"}]}
#784 [2026-09-12T16:02:35.718Z] (226599ms) POLL_RAW {"success":true,"status":"OK","command":"POLL","info":{}}
#785 [2026-09-12T16:02:35.879Z] (226759ms) POLL_RAW {"success":true,"status":"OK","command":"POLL","info":{}}
#786 [2026-09-12T16:02:36.038Z] (226919ms) POLL_RAW {"success":true,"status":"OK","command":"POLL","info":{}}
#787 [2026-09-12T16:02:36.198Z] (227079ms) POLL_RAW {"success":true,"status":"OK","command":"POLL","info":{}}
#788 [2026-09-12T16:02:36.359Z] (227240ms) POLL_RAW {"success":true,"status":"OK","command":"POLL","info":{}}
#789 [2026-09-12T16:02:36.518Z] (227399ms) POLL_RAW {"success":true,"status":"OK","command":"POLL","info":{}}
#790 [2026-09-12T16:02:36.678Z] (227559ms) POLL_RAW {"success":true,"status":"OK","command":"POLL","info":{}}
#791 [2026-09-12T16:02:36.838Z] (227719ms) POLL_RAW {"success":true,"status":"OK","command":"POLL","info":{}}
#792 [2026-09-12T16:02:36.998Z] (227879ms) POLL_RAW {"success":true,"status":"OK","command":"POLL","info":{}}
#793 [2026-09-12T16:02:37.159Z] (228040ms) POLL_RAW {"success":true,"status":"OK","command":"POLL","info":{}}
#794 [2026-09-12T16:02:37.318Z] (228198ms) POLL_RAW {"success":true,"status":"OK","command":"POLL","info":{}}
#795 [2026-09-12T16:02:37.478Z] (228359ms) POLL_RAW {"success":true,"status":"OK","command":"POLL","info":{}}
#796 [2026-09-12T16:02:37.637Z] (228518ms) POLL_RAW {"success":true,"status":"OK","command":"POLL","info":{}}
#797 [2026-09-12T16:02:37.798Z] (228679ms) POLL_RAW {"success":true,"status":"OK","command":"POLL","info":{}}
#798 [2026-09-12T16:02:37.958Z] (228839ms) POLL_RAW {"success":true,"status":"OK","command":"POLL","info":{}}
#799 [2026-09-12T16:02:38.117Z] (228998ms) POLL_RAW {"success":true,"status":"OK","command":"POLL","info":{}}
#800 [2026-09-12T16:02:38.278Z] (229159ms) POLL_RAW {"success":true,"status":"OK","command":"POLL","info":{}}
#801 [2026-09-12T16:02:38.438Z] (229319ms) POLL_RAW {"success":true,"status":"OK","command":"POLL","info":{}}
#802 [2026-09-12T16:02:38.598Z] (229479ms) POLL_RAW {"success":true,"status":"OK","command":"POLL","info":{}}
#803 [2026-09-12T16:02:38.758Z] (229639ms) POLL_RAW {"success":true,"status":"OK","command":"POLL","info":{}}
#804 [2026-09-12T16:02:38.918Z] (229799ms) POLL_RAW {"success":true,"status":"OK","command":"POLL","info":{}}
#805 [2026-09-12T16:02:39.077Z] (229958ms) POLL_RAW {"success":true,"status":"OK","command":"POLL","info":{}}
#806 [2026-09-12T16:02:39.238Z] (230119ms) POLL_RAW {"success":true,"status":"OK","command":"POLL","info":{}}
#807 [2026-09-12T16:02:39.397Z] (230278ms) POLL_RAW {"success":true,"status":"OK","command":"POLL","info":{}}
#808 [2026-09-12T16:02:39.557Z] (230438ms) POLL_RAW {"success":true,"status":"OK","command":"POLL","info":{}}
#809 [2026-09-12T16:02:39.717Z] (230598ms) POLL_RAW {"success":true,"status":"OK","command":"POLL","info":{}}
#810 [2026-09-12T16:02:39.877Z] (230758ms) POLL_RAW {"success":true,"status":"OK","command":"POLL","info":{}}
#811 [2026-09-12T16:02:40.037Z] (230918ms) POLL_RAW {"success":true,"status":"OK","command":"POLL","info":{}}
#812 [2026-09-12T16:02:40.197Z] (231078ms) POLL_RAW {"success":true,"status":"OK","command":"POLL","info":{}}
#813 [2026-09-12T16:02:40.357Z] (231238ms) POLL_RAW {"success":true,"status":"OK","command":"POLL","info":{}}
#814 [2026-09-12T16:02:40.517Z] (231398ms) POLL_RAW {"success":true,"status":"OK","command":"POLL","info":{}}
#815 [2026-09-12T16:02:40.676Z] (231557ms) POLL_RAW {"success":true,"status":"OK","command":"POLL","info":{}}
#816 [2026-09-12T16:02:40.836Z] (231717ms) POLL_RAW {"success":true,"status":"OK","command":"POLL","info":{}}
#817 [2026-09-12T16:02:40.997Z] (231878ms) POLL_RAW {"success":true,"status":"OK","command":"POLL","info":{}}
#818 [2026-09-12T16:02:41.156Z] (232037ms) POLL_RAW {"success":true,"status":"OK","command":"POLL","info":{}}
#819 [2026-09-12T16:02:41.317Z] (232197ms) POLL_RAW {"success":true,"status":"OK","command":"POLL","info":{}}
#820 [2026-09-12T16:02:41.477Z] (232358ms) POLL_RAW {"success":true,"status":"OK","command":"POLL","info":{}}
#821 [2026-09-12T16:02:41.636Z] (232517ms) POLL_RAW {"success":true,"status":"OK","command":"POLL","info":{}}
#822 [2026-09-12T16:02:41.797Z] (232677ms) POLL_RAW {"success":true,"status":"OK","command":"POLL","info":{}}
#823 [2026-09-12T16:02:41.957Z] (232838ms) POLL_RAW {"success":true,"status":"OK","command":"POLL","info":{}}
#824 [2026-09-12T16:02:42.118Z] (232998ms) POLL_RAW {"success":true,"status":"OK","command":"POLL","info":{}}
#825 [2026-09-12T16:02:42.437Z] (233317ms) POLL_RAW {"success":true,"status":"OK","command":"POLL","info":[{"code":232,"name":"DISABLED","description":"The device is not active and unavailable for normal validation functions."}]}
#826 [2026-09-12T16:02:42.597Z] (233477ms) POLL_RAW {"success":true,"status":"OK","command":"POLL","info":[{"code":232,"name":"DISABLED","description":"The device is not active and unavailable for normal validation functions."}]}
#827 [2026-09-12T16:02:56.098Z] (246978ms) POLL_RAW {"success":true,"status":"OK","command":"POLL","info":{}}
#828 [2026-09-12T16:02:56.257Z] (247138ms) POLL_RAW {"success":true,"status":"OK","command":"POLL","info":{}}
#829 [2026-09-12T16:02:56.418Z] (247299ms) POLL_RAW {"success":true,"status":"OK","command":"POLL","info":{}}
#830 [2026-09-12T16:02:56.576Z] (247457ms) POLL_RAW {"success":true,"status":"OK","command":"POLL","info":{}}
#831 [2026-09-12T16:02:56.736Z] (247617ms) POLL_RAW {"success":true,"status":"OK","command":"POLL","info":{}}
#832 [2026-09-12T16:02:56.896Z] (247777ms) POLL_RAW {"success":true,"status":"OK","command":"POLL","info":{}}
#833 [2026-09-12T16:02:57.057Z] (247937ms) POLL_RAW {"success":true,"status":"OK","command":"POLL","info":{}}
#834 [2026-09-12T16:02:57.217Z] (248097ms) POLL_RAW {"success":true,"status":"OK","command":"POLL","info":{}}
#835 [2026-09-12T16:02:57.377Z] (248257ms) POLL_RAW {"success":true,"status":"OK","command":"POLL","info":{}}
#836 [2026-09-12T16:02:57.537Z] (248417ms) POLL_RAW {"success":true,"status":"OK","command":"POLL","info":{}}
#837 [2026-09-12T16:02:57.697Z] (248577ms) POLL_RAW {"success":true,"status":"OK","command":"POLL","info":{}}
#838 [2026-09-12T16:02:57.857Z] (248737ms) POLL_RAW {"success":true,"status":"OK","command":"POLL","info":{}}
#839 [2026-09-12T16:02:58.017Z] (248897ms) POLL_RAW {"success":true,"status":"OK","command":"POLL","info":{}}
#840 [2026-09-12T16:02:58.176Z] (249057ms) POLL_RAW {"success":true,"status":"OK","command":"POLL","info":{}}
#841 [2026-09-12T16:02:58.337Z] (249217ms) POLL_RAW {"success":true,"status":"OK","command":"POLL","info":{}}
#842 [2026-09-12T16:02:58.497Z] (249378ms) POLL_RAW {"success":true,"status":"OK","command":"POLL","info":{}}
#843 [2026-09-12T16:02:58.657Z] (249538ms) POLL_RAW {"success":true,"status":"OK","command":"POLL","info":{}}
#844 [2026-09-12T16:02:58.817Z] (249697ms) POLL_RAW {"success":true,"status":"OK","command":"POLL","info":{}}
#845 [2026-09-12T16:02:58.978Z] (249859ms) POLL_RAW {"success":true,"status":"OK","command":"POLL","info":{}}
#846 [2026-09-12T16:02:59.137Z] (250018ms) POLL_RAW {"success":true,"status":"OK","command":"POLL","info":{}}
#847 [2026-09-12T16:02:59.297Z] (250178ms) POLL_RAW {"success":true,"status":"OK","command":"POLL","info":{}}
#848 [2026-09-12T16:02:59.459Z] (250339ms) POLL_RAW {"success":true,"status":"OK","command":"POLL","info":{}}
#849 [2026-09-12T16:02:59.617Z] (250498ms) POLL_RAW {"success":true,"status":"OK","command":"POLL","info":{}}
#850 [2026-09-12T16:02:59.776Z] (250657ms) POLL_RAW {"success":true,"status":"OK","command":"POLL","info":{}}
#851 [2026-09-12T16:02:59.936Z] (250817ms) POLL_RAW {"success":true,"status":"OK","command":"POLL","info":{}}
#852 [2026-09-12T16:03:00.096Z] (250977ms) POLL_RAW {"success":true,"status":"OK","command":"POLL","info":{}}
#853 [2026-09-12T16:03:00.255Z] (251136ms) POLL_RAW {"success":true,"status":"OK","command":"POLL","info":{}}
#854 [2026-09-12T16:03:00.416Z] (251297ms) POLL_RAW {"success":true,"status":"OK","command":"POLL","info":{}}
#855 [2026-09-12T16:03:00.577Z] (251458ms) POLL_RAW {"success":true,"status":"OK","command":"POLL","info":{}}
#856 [2026-09-12T16:03:00.736Z] (251616ms) POLL_RAW {"success":true,"status":"OK","command":"POLL","info":{}}
#857 [2026-09-12T16:03:00.896Z] (251777ms) POLL_RAW {"success":true,"status":"OK","command":"POLL","info":{}}
#858 [2026-09-12T16:03:01.056Z] (251937ms) POLL_RAW {"success":true,"status":"OK","command":"POLL","info":{}}
#859 [2026-09-12T16:03:01.216Z] (252097ms) POLL_RAW {"success":true,"status":"OK","command":"POLL","info":{}}
#860 [2026-09-12T16:03:01.377Z] (252258ms) POLL_RAW {"success":true,"status":"OK","command":"POLL","info":{}}
#861 [2026-09-12T16:03:01.535Z] (252416ms) POLL_RAW {"success":true,"status":"OK","command":"POLL","info":{}}
#862 [2026-09-12T16:03:01.695Z] (252576ms) POLL_RAW {"success":true,"status":"OK","command":"POLL","info":{}}
#863 [2026-09-12T16:03:01.856Z] (252736ms) POLL_RAW {"success":true,"status":"OK","command":"POLL","info":{}}
#864 [2026-09-12T16:03:02.016Z] (252896ms) POLL_RAW {"success":true,"status":"OK","command":"POLL","info":{}}
#865 [2026-09-12T16:03:02.177Z] (253058ms) POLL_RAW {"success":true,"status":"OK","command":"POLL","info":{}}
#866 [2026-09-12T16:03:02.337Z] (253218ms) POLL_RAW {"success":true,"status":"OK","command":"POLL","info":{}}
#867 [2026-09-12T16:03:02.496Z] (253377ms) POLL_RAW {"success":true,"status":"OK","command":"POLL","info":{}}
#868 [2026-09-12T16:03:02.656Z] (253537ms) POLL_RAW {"success":true,"status":"OK","command":"POLL","info":{}}
#869 [2026-09-12T16:03:02.816Z] (253697ms) POLL_RAW {"success":true,"status":"OK","command":"POLL","info":{}}
#870 [2026-09-12T16:03:02.976Z] (253856ms) POLL_RAW {"success":true,"status":"OK","command":"POLL","info":{}}
#871 [2026-09-12T16:03:03.136Z] (254017ms) POLL_RAW {"success":true,"status":"OK","command":"POLL","info":{}}
#872 [2026-09-12T16:03:03.296Z] (254177ms) POLL_RAW {"success":true,"status":"OK","command":"POLL","info":{}}
#873 [2026-09-12T16:03:03.455Z] (254336ms) POLL_RAW {"success":true,"status":"OK","command":"POLL","info":{}}
#874 [2026-09-12T16:03:03.616Z] (254497ms) POLL_RAW {"success":true,"status":"OK","command":"POLL","info":{}}
#875 [2026-09-12T16:03:03.775Z] (254656ms) POLL_RAW {"success":true,"status":"OK","command":"POLL","info":{}}
#876 [2026-09-12T16:03:03.935Z] (254815ms) POLL_RAW {"success":true,"status":"OK","command":"POLL","info":{}}
#877 [2026-09-12T16:03:04.095Z] (254976ms) POLL_RAW {"success":true,"status":"OK","command":"POLL","info":{}}
#878 [2026-09-12T16:03:04.464Z] (255345ms) POLL_RAW {"success":true,"status":"OK","command":"POLL","info":{}}
#879 [2026-09-12T16:03:04.624Z] (255505ms) POLL_RAW {"success":true,"status":"OK","command":"POLL","info":{}}
#880 [2026-09-12T16:03:04.960Z] (255841ms) POLL_RAW {"success":true,"status":"OK","command":"POLL","info":[{"code":218,"name":"DISPENSING","description":"The device is in the process of paying out a requested value. The value paid at the poll is given in the vent data.","value":[{"value":0,"country_code":"EUR"}]}]}
#881 [2026-09-12T16:03:05.135Z] (256016ms) POLL_RAW {"success":true,"status":"OK","command":"POLL","info":[{"code":218,"name":"DISPENSING","description":"The device is in the process of paying out a requested value. The value paid at the poll is given in the vent data.","value":[{"value":0,"country_code":"EUR"}]}]}
#882 [2026-09-12T16:03:05.312Z] (256193ms) POLL_RAW {"success":true,"status":"OK","command":"POLL","info":[{"code":218,"name":"DISPENSING","description":"The device is in the process of paying out a requested value. The value paid at the poll is given in the vent data.","value":[{"value":0,"country_code":"EUR"}]}]}
#883 [2026-09-12T16:03:05.487Z] (256368ms) POLL_RAW {"success":true,"status":"OK","command":"POLL","info":[{"code":218,"name":"DISPENSING","description":"The device is in the process of paying out a requested value. The value paid at the poll is given in the vent data.","value":[{"value":0,"country_code":"EUR"}]}]}
#884 [2026-09-12T16:03:05.663Z] (256544ms) POLL_RAW {"success":true,"status":"OK","command":"POLL","info":[{"code":218,"name":"DISPENSING","description":"The device is in the process of paying out a requested value. The value paid at the poll is given in the vent data.","value":[{"value":0,"country_code":"EUR"}]}]}
#885 [2026-09-12T16:03:05.838Z] (256719ms) POLL_RAW {"success":true,"status":"OK","command":"POLL","info":[{"code":218,"name":"DISPENSING","description":"The device is in the process of paying out a requested value. The value paid at the poll is given in the vent data.","value":[{"value":200,"country_code":"EUR"}]}]}
#886 [2026-09-12T16:03:06.015Z] (256895ms) POLL_RAW {"success":true,"status":"OK","command":"POLL","info":[{"code":218,"name":"DISPENSING","description":"The device is in the process of paying out a requested value. The value paid at the poll is given in the vent data.","value":[{"value":200,"country_code":"EUR"}]}]}
#887 [2026-09-12T16:03:06.190Z] (257071ms) POLL_RAW {"success":true,"status":"OK","command":"POLL","info":[{"code":218,"name":"DISPENSING","description":"The device is in the process of paying out a requested value. The value paid at the poll is given in the vent data.","value":[{"value":200,"country_code":"EUR"}]}]}
#888 [2026-09-12T16:03:06.366Z] (257247ms) POLL_RAW {"success":true,"status":"OK","command":"POLL","info":[{"code":218,"name":"DISPENSING","description":"The device is in the process of paying out a requested value. The value paid at the poll is given in the vent data.","value":[{"value":200,"country_code":"EUR"}]}]}
#889 [2026-09-12T16:03:06.542Z] (257423ms) POLL_RAW {"success":true,"status":"OK","command":"POLL","info":[{"code":218,"name":"DISPENSING","description":"The device is in the process of paying out a requested value. The value paid at the poll is given in the vent data.","value":[{"value":200,"country_code":"EUR"}]}]}
#890 [2026-09-12T16:03:06.719Z] (257599ms) POLL_RAW {"success":true,"status":"OK","command":"POLL","info":[{"code":218,"name":"DISPENSING","description":"The device is in the process of paying out a requested value. The value paid at the poll is given in the vent data.","value":[{"value":200,"country_code":"EUR"}]}]}
#891 [2026-09-12T16:03:06.895Z] (257775ms) POLL_RAW {"success":true,"status":"OK","command":"POLL","info":[{"code":218,"name":"DISPENSING","description":"The device is in the process of paying out a requested value. The value paid at the poll is given in the vent data.","value":[{"value":200,"country_code":"EUR"}]}]}
#892 [2026-09-12T16:03:07.070Z] (257951ms) POLL_RAW {"success":true,"status":"OK","command":"POLL","info":[{"code":218,"name":"DISPENSING","description":"The device is in the process of paying out a requested value. The value paid at the poll is given in the vent data.","value":[{"value":400,"country_code":"EUR"}]}]}
#893 [2026-09-12T16:03:07.246Z] (258127ms) POLL_RAW {"success":true,"status":"OK","command":"POLL","info":[{"code":218,"name":"DISPENSING","description":"The device is in the process of paying out a requested value. The value paid at the poll is given in the vent data.","value":[{"value":400,"country_code":"EUR"}]}]}
#894 [2026-09-12T16:03:07.423Z] (258303ms) POLL_RAW {"success":true,"status":"OK","command":"POLL","info":[{"code":218,"name":"DISPENSING","description":"The device is in the process of paying out a requested value. The value paid at the poll is given in the vent data.","value":[{"value":600,"country_code":"EUR"}]}]}
#895 [2026-09-12T16:03:07.598Z] (258479ms) POLL_RAW {"success":true,"status":"OK","command":"POLL","info":[{"code":218,"name":"DISPENSING","description":"The device is in the process of paying out a requested value. The value paid at the poll is given in the vent data.","value":[{"value":600,"country_code":"EUR"}]}]}
#896 [2026-09-12T16:03:07.774Z] (258655ms) POLL_RAW {"success":true,"status":"OK","command":"POLL","info":[{"code":218,"name":"DISPENSING","description":"The device is in the process of paying out a requested value. The value paid at the poll is given in the vent data.","value":[{"value":800,"country_code":"EUR"}]},{"code":210,"name":"DISPENSED","description":"The device has completed its pay-out request.","amount":800,"currency":"EUR"}]}
#897 [2026-09-12T16:03:07.936Z] (258817ms) POLL_RAW {"success":true,"status":"OK","command":"POLL","info":{}}
#898 [2026-09-12T16:03:08.095Z] (258975ms) POLL_RAW {"success":true,"status":"OK","command":"POLL","info":{}}
#899 [2026-09-12T16:03:08.254Z] (259135ms) POLL_RAW {"success":true,"status":"OK","command":"POLL","info":{}}
#900 [2026-09-12T16:03:08.414Z] (259295ms) POLL_RAW {"success":true,"status":"OK","command":"POLL","info":{}}
#901 [2026-09-12T16:03:08.574Z] (259455ms) POLL_RAW {"success":true,"status":"OK","command":"POLL","info":{}}
#902 [2026-09-12T16:03:08.735Z] (259616ms) POLL_RAW {"success":true,"status":"OK","command":"POLL","info":{}}
#903 [2026-09-12T16:03:09.118Z] (259998ms) POLL_RAW {"success":true,"status":"OK","command":"POLL","info":{}}
#904 [2026-09-12T16:03:09.279Z] (260160ms) POLL_RAW {"success":true,"status":"OK","command":"POLL","info":{}}
#905 [2026-09-12T16:03:09.438Z] (260318ms) POLL_RAW {"success":true,"status":"OK","command":"POLL","info":{}}
#906 [2026-09-12T16:03:09.598Z] (260479ms) POLL_RAW {"success":true,"status":"OK","command":"POLL","info":{}}
#907 [2026-09-12T16:03:09.758Z] (260638ms) POLL_RAW {"success":true,"status":"OK","command":"POLL","info":{}}
#908 [2026-09-12T16:03:09.919Z] (260800ms) POLL_RAW {"success":true,"status":"OK","command":"POLL","info":{}}
#909 [2026-09-12T16:03:10.079Z] (260959ms) POLL_RAW {"success":true,"status":"OK","command":"POLL","info":{}}
#910 [2026-09-12T16:03:10.238Z] (261118ms) POLL_RAW {"success":true,"status":"OK","command":"POLL","info":{}}
#911 [2026-09-12T16:03:10.397Z] (261278ms) POLL_RAW {"success":true,"status":"OK","command":"POLL","info":{}}
#912 [2026-09-12T16:03:10.558Z] (261438ms) POLL_RAW {"success":true,"status":"OK","command":"POLL","info":{}}
#913 [2026-09-12T16:03:10.718Z] (261599ms) POLL_RAW {"success":true,"status":"OK","command":"POLL","info":{}}
#914 [2026-09-12T16:03:10.879Z] (261759ms) POLL_RAW {"success":true,"status":"OK","command":"POLL","info":{}}
#915 [2026-09-12T16:03:11.038Z] (261918ms) POLL_RAW {"success":true,"status":"OK","command":"POLL","info":{}}
#916 [2026-09-12T16:03:11.198Z] (262078ms) POLL_RAW {"success":true,"status":"OK","command":"POLL","info":{}}
#917 [2026-09-12T16:03:11.358Z] (262238ms) POLL_RAW {"success":true,"status":"OK","command":"POLL","info":{}}
#918 [2026-09-12T16:03:11.518Z] (262398ms) POLL_RAW {"success":true,"status":"OK","command":"POLL","info":{}}
#919 [2026-09-12T16:03:11.678Z] (262559ms) POLL_RAW {"success":true,"status":"OK","command":"POLL","info":{}}
#920 [2026-09-12T16:03:11.838Z] (262718ms) POLL_RAW {"success":true,"status":"OK","command":"POLL","info":{}}
#921 [2026-09-12T16:03:11.996Z] (262877ms) POLL_RAW {"success":true,"status":"OK","command":"POLL","info":{}}
#922 [2026-09-12T16:03:12.157Z] (263037ms) POLL_RAW {"success":true,"status":"OK","command":"POLL","info":{}}
#923 [2026-09-12T16:03:12.317Z] (263198ms) POLL_RAW {"success":true,"status":"OK","command":"POLL","info":{}}
#924 [2026-09-12T16:03:12.478Z] (263358ms) POLL_RAW {"success":true,"status":"OK","command":"POLL","info":{}}
#925 [2026-09-12T16:03:12.637Z] (263517ms) POLL_RAW {"success":true,"status":"OK","command":"POLL","info":{}}
#926 [2026-09-12T16:03:12.797Z] (263677ms) POLL_RAW {"success":true,"status":"OK","command":"POLL","info":{}}
#927 [2026-09-12T16:03:12.957Z] (263837ms) POLL_RAW {"success":true,"status":"OK","command":"POLL","info":{}}
#928 [2026-09-12T16:03:13.117Z] (263998ms) POLL_RAW {"success":true,"status":"OK","command":"POLL","info":{}}
#929 [2026-09-12T16:03:13.278Z] (264159ms) POLL_RAW {"success":true,"status":"OK","command":"POLL","info":{}}
#930 [2026-09-12T16:03:13.437Z] (264317ms) POLL_RAW {"success":true,"status":"OK","command":"POLL","info":{}}
#931 [2026-09-12T16:03:13.597Z] (264477ms) POLL_RAW {"success":true,"status":"OK","command":"POLL","info":{}}
#932 [2026-09-12T16:03:13.757Z] (264638ms) POLL_RAW {"success":true,"status":"OK","command":"POLL","info":{}}
#933 [2026-09-12T16:03:13.917Z] (264797ms) POLL_RAW {"success":true,"status":"OK","command":"POLL","info":{}}
#934 [2026-09-12T16:03:14.077Z] (264958ms) POLL_RAW {"success":true,"status":"OK","command":"POLL","info":{}}
#935 [2026-09-12T16:03:14.397Z] (265278ms) POLL_RAW {"success":true,"status":"OK","command":"POLL","info":[{"code":232,"name":"DISABLED","description":"The device is not active and unavailable for normal validation functions."}]}
#936 [2026-09-12T16:03:14.557Z] (265438ms) POLL_RAW {"success":true,"status":"OK","command":"POLL","info":[{"code":232,"name":"DISABLED","description":"The device is not active and unavailable for normal validation functions."}]}
#937 [2026-09-12T16:03:43.558Z] (294438ms) POLL_RAW {"success":true,"status":"OK","command":"POLL","info":{}}
#938 [2026-09-12T16:03:43.716Z] (294597ms) POLL_RAW {"success":true,"status":"OK","command":"POLL","info":{}}
#939 [2026-09-12T16:03:43.876Z] (294757ms) POLL_RAW {"success":true,"status":"OK","command":"POLL","info":{}}
#940 [2026-09-12T16:03:44.035Z] (294916ms) POLL_RAW {"success":true,"status":"OK","command":"POLL","info":{}}
#941 [2026-09-12T16:03:44.195Z] (295076ms) POLL_RAW {"success":true,"status":"OK","command":"POLL","info":{}}
#942 [2026-09-12T16:03:44.355Z] (295236ms) POLL_RAW {"success":true,"status":"OK","command":"POLL","info":{}}
#943 [2026-09-12T16:03:44.515Z] (295396ms) POLL_RAW {"success":true,"status":"OK","command":"POLL","info":{}}
#944 [2026-09-12T16:03:44.676Z] (295557ms) POLL_RAW {"success":true,"status":"OK","command":"POLL","info":{}}
#945 [2026-09-12T16:03:44.836Z] (295716ms) POLL_RAW {"success":true,"status":"OK","command":"POLL","info":{}}
#946 [2026-09-12T16:03:44.996Z] (295876ms) POLL_RAW {"success":true,"status":"OK","command":"POLL","info":{}}
#947 [2026-09-12T16:03:45.156Z] (296036ms) POLL_RAW {"success":true,"status":"OK","command":"POLL","info":{}}
#948 [2026-09-12T16:03:45.315Z] (296196ms) POLL_RAW {"success":true,"status":"OK","command":"POLL","info":{}}
#949 [2026-09-12T16:03:45.475Z] (296356ms) POLL_RAW {"success":true,"status":"OK","command":"POLL","info":{}}
#950 [2026-09-12T16:03:45.635Z] (296516ms) POLL_RAW {"success":true,"status":"OK","command":"POLL","info":{}}
#951 [2026-09-12T16:03:45.795Z] (296676ms) POLL_RAW {"success":true,"status":"OK","command":"POLL","info":{}}
#952 [2026-09-12T16:03:45.956Z] (296836ms) POLL_RAW {"success":true,"status":"OK","command":"POLL","info":[{"code":223,"name":"COIN_CREDIT","description":"A coin has been detected as added to the system via the attached coin mechanism. The value of the coin detected is given in the event data.","value":[{"value":200,"country_code":"EUR"}]}]}
#953 [2026-09-12T16:03:45.956Z] (296836ms) COIN_CREDIT {"code":223,"name":"COIN_CREDIT","description":"A coin has been detected as added to the system via the attached coin mechanism. The value of the coin detected is given in the event data.","value":[{"value":200,"country_code":"EUR"}]}
#954 [2026-09-12T16:03:46.116Z] (296996ms) POLL_RAW {"success":true,"status":"OK","command":"POLL","info":{}}
#955 [2026-09-12T16:03:46.275Z] (297156ms) POLL_RAW {"success":true,"status":"OK","command":"POLL","info":{}}
#956 [2026-09-12T16:03:46.435Z] (297316ms) POLL_RAW {"success":true,"status":"OK","command":"POLL","info":{}}
#957 [2026-09-12T16:03:46.595Z] (297476ms) POLL_RAW {"success":true,"status":"OK","command":"POLL","info":{}}
#958 [2026-09-12T16:03:46.755Z] (297636ms) POLL_RAW {"success":true,"status":"OK","command":"POLL","info":{}}
#959 [2026-09-12T16:03:46.915Z] (297796ms) POLL_RAW {"success":true,"status":"OK","command":"POLL","info":{}}
#960 [2026-09-12T16:03:47.074Z] (297955ms) POLL_RAW {"success":true,"status":"OK","command":"POLL","info":{}}
#961 [2026-09-12T16:03:47.235Z] (298115ms) POLL_RAW {"success":true,"status":"OK","command":"POLL","info":{}}
#962 [2026-09-12T16:03:47.395Z] (298275ms) POLL_RAW {"success":true,"status":"OK","command":"POLL","info":{}}
#963 [2026-09-12T16:03:47.554Z] (298435ms) POLL_RAW {"success":true,"status":"OK","command":"POLL","info":{}}
#964 [2026-09-12T16:03:47.715Z] (298595ms) POLL_RAW {"success":true,"status":"OK","command":"POLL","info":{}}
#965 [2026-09-12T16:03:47.875Z] (298755ms) POLL_RAW {"success":true,"status":"OK","command":"POLL","info":{}}
#966 [2026-09-12T16:03:48.035Z] (298915ms) POLL_RAW {"success":true,"status":"OK","command":"POLL","info":{}}
#967 [2026-09-12T16:03:48.195Z] (299075ms) POLL_RAW {"success":true,"status":"OK","command":"POLL","info":{}}
#968 [2026-09-12T16:03:48.355Z] (299235ms) POLL_RAW {"success":true,"status":"OK","command":"POLL","info":{}}
#969 [2026-09-12T16:03:48.515Z] (299395ms) POLL_RAW {"success":true,"status":"OK","command":"POLL","info":[{"code":223,"name":"COIN_CREDIT","description":"A coin has been detected as added to the system via the attached coin mechanism. The value of the coin detected is given in the event data.","value":[{"value":200,"country_code":"EUR"}]}]}
#970 [2026-09-12T16:03:48.515Z] (299395ms) COIN_CREDIT {"code":223,"name":"COIN_CREDIT","description":"A coin has been detected as added to the system via the attached coin mechanism. The value of the coin detected is given in the event data.","value":[{"value":200,"country_code":"EUR"}]}
#971 [2026-09-12T16:03:48.675Z] (299555ms) POLL_RAW {"success":true,"status":"OK","command":"POLL","info":{}}
#972 [2026-09-12T16:03:48.835Z] (299715ms) POLL_RAW {"success":true,"status":"OK","command":"POLL","info":{}}
#973 [2026-09-12T16:03:48.995Z] (299875ms) POLL_RAW {"success":true,"status":"OK","command":"POLL","info":{}}
#974 [2026-09-12T16:03:49.155Z] (300035ms) POLL_RAW {"success":true,"status":"OK","command":"POLL","info":{}}
#975 [2026-09-12T16:03:49.314Z] (300195ms) POLL_RAW {"success":true,"status":"OK","command":"POLL","info":{}}
#976 [2026-09-12T16:03:49.475Z] (300355ms) POLL_RAW {"success":true,"status":"OK","command":"POLL","info":{}}
#977 [2026-09-12T16:03:49.635Z] (300516ms) POLL_RAW {"success":true,"status":"OK","command":"POLL","info":{}}
#978 [2026-09-12T16:03:49.795Z] (300675ms) POLL_RAW {"success":true,"status":"OK","command":"POLL","info":{}}
#979 [2026-09-12T16:03:49.957Z] (300837ms) POLL_RAW {"success":true,"status":"OK","command":"POLL","info":{}}
#980 [2026-09-12T16:03:50.114Z] (300994ms) POLL_RAW {"success":true,"status":"OK","command":"POLL","info":{}}
#981 [2026-09-12T16:03:50.276Z] (301157ms) POLL_RAW {"success":true,"status":"OK","command":"POLL","info":{}}
#982 [2026-09-12T16:03:50.433Z] (301314ms) POLL_RAW {"success":true,"status":"OK","command":"POLL","info":{}}
#983 [2026-09-12T16:03:50.594Z] (301474ms) POLL_RAW {"success":true,"status":"OK","command":"POLL","info":{}}
#984 [2026-09-12T16:03:50.754Z] (301634ms) POLL_RAW {"success":true,"status":"OK","command":"POLL","info":{}}
#985 [2026-09-12T16:03:50.914Z] (301794ms) POLL_RAW {"success":true,"status":"OK","command":"POLL","info":[{"code":223,"name":"COIN_CREDIT","description":"A coin has been detected as added to the system via the attached coin mechanism. The value of the coin detected is given in the event data.","value":[{"value":200,"country_code":"EUR"}]}]}
#986 [2026-09-12T16:03:50.914Z] (301794ms) COIN_CREDIT {"code":223,"name":"COIN_CREDIT","description":"A coin has been detected as added to the system via the attached coin mechanism. The value of the coin detected is given in the event data.","value":[{"value":200,"country_code":"EUR"}]}
#987 [2026-09-12T16:03:51.074Z] (301954ms) POLL_RAW {"success":true,"status":"OK","command":"POLL","info":{}}
#988 [2026-09-12T16:03:51.234Z] (302114ms) POLL_RAW {"success":true,"status":"OK","command":"POLL","info":{}}
#989 [2026-09-12T16:03:51.395Z] (302275ms) POLL_RAW {"success":true,"status":"OK","command":"POLL","info":{}}
#990 [2026-09-12T16:03:51.554Z] (302434ms) POLL_RAW {"success":true,"status":"OK","command":"POLL","info":{}}
#991 [2026-09-12T16:03:51.714Z] (302594ms) POLL_RAW {"success":true,"status":"OK","command":"POLL","info":{}}
#992 [2026-09-12T16:03:51.874Z] (302754ms) POLL_RAW {"success":true,"status":"OK","command":"POLL","info":{}}
#993 [2026-09-12T16:03:52.034Z] (302914ms) POLL_RAW {"success":true,"status":"OK","command":"POLL","info":{}}
#994 [2026-09-12T16:03:52.194Z] (303074ms) POLL_RAW {"success":true,"status":"OK","command":"POLL","info":{}}
#995 [2026-09-12T16:03:52.354Z] (303235ms) POLL_RAW {"success":true,"status":"OK","command":"POLL","info":{}}
#996 [2026-09-12T16:03:52.513Z] (303394ms) POLL_RAW {"success":true,"status":"OK","command":"POLL","info":{}}
#997 [2026-09-12T16:03:52.674Z] (303554ms) POLL_RAW {"success":true,"status":"OK","command":"POLL","info":{}}
#998 [2026-09-12T16:03:52.834Z] (303714ms) POLL_RAW {"success":true,"status":"OK","command":"POLL","info":{}}
#999 [2026-09-12T16:03:52.994Z] (303875ms) POLL_RAW {"success":true,"status":"OK","command":"POLL","info":[{"code":223,"name":"COIN_CREDIT","description":"A coin has been detected as added to the system via the attached coin mechanism. The value of the coin detected is given in the event data.","value":[{"value":200,"country_code":"EUR"}]}]}
#1000 [2026-09-12T16:03:52.994Z] (303875ms) COIN_CREDIT {"code":223,"name":"COIN_CREDIT","description":"A coin has been detected as added to the system via the attached coin mechanism. The value of the coin detected is given in the event data.","value":[{"value":200,"country_code":"EUR"}]}
#1001 [2026-09-12T16:03:53.155Z] (304035ms) POLL_RAW {"success":true,"status":"OK","command":"POLL","info":{}}
#1002 [2026-09-12T16:03:53.314Z] (304195ms) POLL_RAW {"success":true,"status":"OK","command":"POLL","info":{}}
#1003 [2026-09-12T16:03:53.474Z] (304354ms) POLL_RAW {"success":true,"status":"OK","command":"POLL","info":{}}
#1004 [2026-09-12T16:03:53.633Z] (304513ms) POLL_RAW {"success":true,"status":"OK","command":"POLL","info":{}}
#1005 [2026-09-12T16:03:53.793Z] (304673ms) POLL_RAW {"success":true,"status":"OK","command":"POLL","info":{}}
#1006 [2026-09-12T16:03:53.953Z] (304834ms) POLL_RAW {"success":true,"status":"OK","command":"POLL","info":{}}
#1007 [2026-09-12T16:03:54.113Z] (304994ms) POLL_RAW {"success":true,"status":"OK","command":"POLL","info":{}}
#1008 [2026-09-12T16:03:54.274Z] (305155ms) POLL_RAW {"success":true,"status":"OK","command":"POLL","info":{}}
#1009 [2026-09-12T16:03:54.433Z] (305314ms) POLL_RAW {"success":true,"status":"OK","command":"POLL","info":{}}
#1010 [2026-09-12T16:03:54.593Z] (305474ms) POLL_RAW {"success":true,"status":"OK","command":"POLL","info":{}}
#1011 [2026-09-12T16:03:54.753Z] (305633ms) POLL_RAW {"success":true,"status":"OK","command":"POLL","info":{}}
#1012 [2026-09-12T16:03:54.914Z] (305795ms) POLL_RAW {"success":true,"status":"OK","command":"POLL","info":{}}
#1013 [2026-09-12T16:03:55.074Z] (305955ms) POLL_RAW {"success":true,"status":"OK","command":"POLL","info":[{"code":223,"name":"COIN_CREDIT","description":"A coin has been detected as added to the system via the attached coin mechanism. The value of the coin detected is given in the event data.","value":[{"value":200,"country_code":"EUR"}]}]}
#1014 [2026-09-12T16:03:55.075Z] (305955ms) COIN_CREDIT {"code":223,"name":"COIN_CREDIT","description":"A coin has been detected as added to the system via the attached coin mechanism. The value of the coin detected is given in the event data.","value":[{"value":200,"country_code":"EUR"}]}
#1015 [2026-09-12T16:03:55.234Z] (306115ms) POLL_RAW {"success":true,"status":"OK","command":"POLL","info":{}}
#1016 [2026-09-12T16:03:55.394Z] (306275ms) POLL_RAW {"success":true,"status":"OK","command":"POLL","info":{}}
#1017 [2026-09-12T16:03:55.553Z] (306434ms) POLL_RAW {"success":true,"status":"OK","command":"POLL","info":{}}
#1018 [2026-09-12T16:03:55.713Z] (306594ms) POLL_RAW {"success":true,"status":"OK","command":"POLL","info":{}}
#1019 [2026-09-12T16:03:55.873Z] (306753ms) POLL_RAW {"success":true,"status":"OK","command":"POLL","info":{}}
#1020 [2026-09-12T16:03:56.034Z] (306915ms) POLL_RAW {"success":true,"status":"OK","command":"POLL","info":{}}
#1021 [2026-09-12T16:03:56.193Z] (307074ms) POLL_RAW {"success":true,"status":"OK","command":"POLL","info":{}}
#1022 [2026-09-12T16:03:56.353Z] (307234ms) POLL_RAW {"success":true,"status":"OK","command":"POLL","info":{}}
#1023 [2026-09-12T16:03:56.513Z] (307394ms) POLL_RAW {"success":true,"status":"OK","command":"POLL","info":{}}
#1024 [2026-09-12T16:03:56.673Z] (307554ms) POLL_RAW {"success":true,"status":"OK","command":"POLL","info":{}}
#1025 [2026-09-12T16:03:56.832Z] (307712ms) POLL_RAW {"success":true,"status":"OK","command":"POLL","info":{}}
#1026 [2026-09-12T16:03:56.992Z] (307873ms) POLL_RAW {"success":true,"status":"OK","command":"POLL","info":{}}
#1027 [2026-09-12T16:03:57.152Z] (308032ms) POLL_RAW {"success":true,"status":"OK","command":"POLL","info":[{"code":223,"name":"COIN_CREDIT","description":"A coin has been detected as added to the system via the attached coin mechanism. The value of the coin detected is given in the event data.","value":[{"value":200,"country_code":"EUR"}]}]}
#1028 [2026-09-12T16:03:57.152Z] (308033ms) COIN_CREDIT {"code":223,"name":"COIN_CREDIT","description":"A coin has been detected as added to the system via the attached coin mechanism. The value of the coin detected is given in the event data.","value":[{"value":200,"country_code":"EUR"}]}
#1029 [2026-09-12T16:03:57.313Z] (308194ms) POLL_RAW {"success":true,"status":"OK","command":"POLL","info":{}}
#1030 [2026-09-12T16:03:57.473Z] (308354ms) POLL_RAW {"success":true,"status":"OK","command":"POLL","info":{}}
#1031 [2026-09-12T16:03:57.633Z] (308514ms) POLL_RAW {"success":true,"status":"OK","command":"POLL","info":{}}
#1032 [2026-09-12T16:03:57.793Z] (308674ms) POLL_RAW {"success":true,"status":"OK","command":"POLL","info":{}}
#1033 [2026-09-12T16:03:57.952Z] (308833ms) POLL_RAW {"success":true,"status":"OK","command":"POLL","info":{}}
#1034 [2026-09-12T16:03:58.111Z] (308992ms) POLL_RAW {"success":true,"status":"OK","command":"POLL","info":{}}
#1035 [2026-09-12T16:03:58.272Z] (309153ms) POLL_RAW {"success":true,"status":"OK","command":"POLL","info":{}}
#1036 [2026-09-12T16:03:58.433Z] (309314ms) POLL_RAW {"success":true,"status":"OK","command":"POLL","info":{}}
#1037 [2026-09-12T16:03:58.592Z] (309473ms) POLL_RAW {"success":true,"status":"OK","command":"POLL","info":{}}
#1038 [2026-09-12T16:03:58.752Z] (309633ms) POLL_RAW {"success":true,"status":"OK","command":"POLL","info":{}}
#1039 [2026-09-12T16:03:58.911Z] (309792ms) POLL_RAW {"success":true,"status":"OK","command":"POLL","info":{}}
#1040 [2026-09-12T16:03:59.072Z] (309953ms) POLL_RAW {"success":true,"status":"OK","command":"POLL","info":{}}
#1041 [2026-09-12T16:03:59.232Z] (310113ms) POLL_RAW {"success":true,"status":"OK","command":"POLL","info":{}}
#1042 [2026-09-12T16:03:59.392Z] (310272ms) POLL_RAW {"success":true,"status":"OK","command":"POLL","info":[{"code":223,"name":"COIN_CREDIT","description":"A coin has been detected as added to the system via the attached coin mechanism. The value of the coin detected is given in the event data.","value":[{"value":200,"country_code":"EUR"}]}]}
#1043 [2026-09-12T16:03:59.392Z] (310272ms) COIN_CREDIT {"code":223,"name":"COIN_CREDIT","description":"A coin has been detected as added to the system via the attached coin mechanism. The value of the coin detected is given in the event data.","value":[{"value":200,"country_code":"EUR"}]}
#1044 [2026-09-12T16:03:59.552Z] (310433ms) POLL_RAW {"success":true,"status":"OK","command":"POLL","info":{}}
#1045 [2026-09-12T16:03:59.711Z] (310592ms) POLL_RAW {"success":true,"status":"OK","command":"POLL","info":{}}
#1046 [2026-09-12T16:03:59.872Z] (310752ms) POLL_RAW {"success":true,"status":"OK","command":"POLL","info":{}}
#1047 [2026-09-12T16:04:00.031Z] (310912ms) POLL_RAW {"success":true,"status":"OK","command":"POLL","info":{}}
#1048 [2026-09-12T16:04:00.192Z] (311073ms) POLL_RAW {"success":true,"status":"OK","command":"POLL","info":{}}
#1049 [2026-09-12T16:04:00.351Z] (311232ms) POLL_RAW {"success":true,"status":"OK","command":"POLL","info":{}}
#1050 [2026-09-12T16:04:00.511Z] (311392ms) POLL_RAW {"success":true,"status":"OK","command":"POLL","info":{}}
#1051 [2026-09-12T16:04:00.671Z] (311552ms) POLL_RAW {"success":true,"status":"OK","command":"POLL","info":{}}
#1052 [2026-09-12T16:04:00.831Z] (311712ms) POLL_RAW {"success":true,"status":"OK","command":"POLL","info":{}}
#1053 [2026-09-12T16:04:00.992Z] (311872ms) POLL_RAW {"success":true,"status":"OK","command":"POLL","info":{}}
#1054 [2026-09-12T16:04:01.151Z] (312032ms) POLL_RAW {"success":true,"status":"OK","command":"POLL","info":{}}
#1055 [2026-09-12T16:04:01.313Z] (312194ms) POLL_RAW {"success":true,"status":"OK","command":"POLL","info":{}}
#1056 [2026-09-12T16:04:01.471Z] (312352ms) POLL_RAW {"success":true,"status":"OK","command":"POLL","info":{}}
#1057 [2026-09-12T16:04:01.631Z] (312512ms) POLL_RAW {"success":true,"status":"OK","command":"POLL","info":[{"code":223,"name":"COIN_CREDIT","description":"A coin has been detected as added to the system via the attached coin mechanism. The value of the coin detected is given in the event data.","value":[{"value":200,"country_code":"EUR"}]}]}
#1058 [2026-09-12T16:04:01.631Z] (312512ms) COIN_CREDIT {"code":223,"name":"COIN_CREDIT","description":"A coin has been detected as added to the system via the attached coin mechanism. The value of the coin detected is given in the event data.","value":[{"value":200,"country_code":"EUR"}]}
#1059 [2026-09-12T16:04:01.792Z] (312672ms) POLL_RAW {"success":true,"status":"OK","command":"POLL","info":{}}
#1060 [2026-09-12T16:04:01.951Z] (312832ms) POLL_RAW {"success":true,"status":"OK","command":"POLL","info":{}}
#1061 [2026-09-12T16:04:02.111Z] (312992ms) POLL_RAW {"success":true,"status":"OK","command":"POLL","info":{}}
#1062 [2026-09-12T16:04:02.271Z] (313152ms) POLL_RAW {"success":true,"status":"OK","command":"POLL","info":{}}
#1063 [2026-09-12T16:04:02.430Z] (313311ms) POLL_RAW {"success":true,"status":"OK","command":"POLL","info":{}}
#1064 [2026-09-12T16:04:02.590Z] (313471ms) POLL_RAW {"success":true,"status":"OK","command":"POLL","info":{}}
#1065 [2026-09-12T16:04:02.750Z] (313631ms) POLL_RAW {"success":true,"status":"OK","command":"POLL","info":{}}
#1066 [2026-09-12T16:04:02.910Z] (313791ms) POLL_RAW {"success":true,"status":"OK","command":"POLL","info":{}}
#1067 [2026-09-12T16:04:03.070Z] (313951ms) POLL_RAW {"success":true,"status":"OK","command":"POLL","info":{}}
#1068 [2026-09-12T16:04:03.230Z] (314111ms) POLL_RAW {"success":true,"status":"OK","command":"POLL","info":{}}
#1069 [2026-09-12T16:04:03.391Z] (314272ms) POLL_RAW {"success":true,"status":"OK","command":"POLL","info":{}}
#1070 [2026-09-12T16:04:03.550Z] (314431ms) POLL_RAW {"success":true,"status":"OK","command":"POLL","info":{}}
#1071 [2026-09-12T16:04:03.710Z] (314591ms) POLL_RAW {"success":true,"status":"OK","command":"POLL","info":[{"code":223,"name":"COIN_CREDIT","description":"A coin has been detected as added to the system via the attached coin mechanism. The value of the coin detected is given in the event data.","value":[{"value":200,"country_code":"EUR"}]}]}
#1072 [2026-09-12T16:04:03.710Z] (314591ms) COIN_CREDIT {"code":223,"name":"COIN_CREDIT","description":"A coin has been detected as added to the system via the attached coin mechanism. The value of the coin detected is given in the event data.","value":[{"value":200,"country_code":"EUR"}]}
#1073 [2026-09-12T16:04:03.871Z] (314751ms) POLL_RAW {"success":true,"status":"OK","command":"POLL","info":{}}
#1074 [2026-09-12T16:04:04.031Z] (314911ms) POLL_RAW {"success":true,"status":"OK","command":"POLL","info":{}}
#1075 [2026-09-12T16:04:04.191Z] (315071ms) POLL_RAW {"success":true,"status":"OK","command":"POLL","info":{}}
#1076 [2026-09-12T16:04:04.351Z] (315231ms) POLL_RAW {"success":true,"status":"OK","command":"POLL","info":{}}
#1077 [2026-09-12T16:04:04.510Z] (315391ms) POLL_RAW {"success":true,"status":"OK","command":"POLL","info":{}}
#1078 [2026-09-12T16:04:04.670Z] (315551ms) POLL_RAW {"success":true,"status":"OK","command":"POLL","info":{}}
#1079 [2026-09-12T16:04:04.830Z] (315711ms) POLL_RAW {"success":true,"status":"OK","command":"POLL","info":{}}
#1080 [2026-09-12T16:04:04.992Z] (315872ms) POLL_RAW {"success":true,"status":"OK","command":"POLL","info":{}}
#1081 [2026-09-12T16:04:05.151Z] (316031ms) POLL_RAW {"success":true,"status":"OK","command":"POLL","info":{}}
#1082 [2026-09-12T16:04:05.311Z] (316191ms) POLL_RAW {"success":true,"status":"OK","command":"POLL","info":{}}
#1083 [2026-09-12T16:04:05.470Z] (316350ms) POLL_RAW {"success":true,"status":"OK","command":"POLL","info":{}}
#1084 [2026-09-12T16:04:05.629Z] (316510ms) POLL_RAW {"success":true,"status":"OK","command":"POLL","info":{}}
#1085 [2026-09-12T16:04:05.789Z] (316670ms) POLL_RAW {"success":true,"status":"OK","command":"POLL","info":[{"code":223,"name":"COIN_CREDIT","description":"A coin has been detected as added to the system via the attached coin mechanism. The value of the coin detected is given in the event data.","value":[{"value":200,"country_code":"EUR"}]}]}
#1086 [2026-09-12T16:04:05.789Z] (316670ms) COIN_CREDIT {"code":223,"name":"COIN_CREDIT","description":"A coin has been detected as added to the system via the attached coin mechanism. The value of the coin detected is given in the event data.","value":[{"value":200,"country_code":"EUR"}]}
#1087 [2026-09-12T16:04:05.952Z] (316832ms) POLL_RAW {"success":true,"status":"OK","command":"POLL","info":{}}
#1088 [2026-09-12T16:04:06.109Z] (316990ms) POLL_RAW {"success":true,"status":"OK","command":"POLL","info":{}}
#1089 [2026-09-12T16:04:06.270Z] (317150ms) POLL_RAW {"success":true,"status":"OK","command":"POLL","info":{}}
#1090 [2026-09-12T16:04:06.429Z] (317310ms) POLL_RAW {"success":true,"status":"OK","command":"POLL","info":{}}
#1091 [2026-09-12T16:04:06.589Z] (317470ms) POLL_RAW {"success":true,"status":"OK","command":"POLL","info":{}}
#1092 [2026-09-12T16:04:06.749Z] (317630ms) POLL_RAW {"success":true,"status":"OK","command":"POLL","info":{}}
#1093 [2026-09-12T16:04:06.910Z] (317790ms) POLL_RAW {"success":true,"status":"OK","command":"POLL","info":{}}
#1094 [2026-09-12T16:04:07.069Z] (317950ms) POLL_RAW {"success":true,"status":"OK","command":"POLL","info":{}}
#1095 [2026-09-12T16:04:07.229Z] (318110ms) POLL_RAW {"success":true,"status":"OK","command":"POLL","info":{}}
#1096 [2026-09-12T16:04:07.391Z] (318272ms) POLL_RAW {"success":true,"status":"OK","command":"POLL","info":{}}
#1097 [2026-09-12T16:04:07.549Z] (318430ms) POLL_RAW {"success":true,"status":"OK","command":"POLL","info":{}}
#1098 [2026-09-12T16:04:07.709Z] (318590ms) POLL_RAW {"success":true,"status":"OK","command":"POLL","info":[{"code":223,"name":"COIN_CREDIT","description":"A coin has been detected as added to the system via the attached coin mechanism. The value of the coin detected is given in the event data.","value":[{"value":200,"country_code":"EUR"}]}]}
#1099 [2026-09-12T16:04:07.709Z] (318590ms) COIN_CREDIT {"code":223,"name":"COIN_CREDIT","description":"A coin has been detected as added to the system via the attached coin mechanism. The value of the coin detected is given in the event data.","value":[{"value":200,"country_code":"EUR"}]}
#1100 [2026-09-12T16:04:07.869Z] (318750ms) POLL_RAW {"success":true,"status":"OK","command":"POLL","info":{}}
#1101 [2026-09-12T16:04:08.029Z] (318910ms) POLL_RAW {"success":true,"status":"OK","command":"POLL","info":{}}
#1102 [2026-09-12T16:04:08.189Z] (319070ms) POLL_RAW {"success":true,"status":"OK","command":"POLL","info":{}}
#1103 [2026-09-12T16:04:08.350Z] (319230ms) POLL_RAW {"success":true,"status":"OK","command":"POLL","info":{}}
#1104 [2026-09-12T16:04:08.509Z] (319390ms) POLL_RAW {"success":true,"status":"OK","command":"POLL","info":{}}
#1105 [2026-09-12T16:04:08.668Z] (319549ms) POLL_RAW {"success":true,"status":"OK","command":"POLL","info":{}}
#1106 [2026-09-12T16:04:08.828Z] (319709ms) POLL_RAW {"success":true,"status":"OK","command":"POLL","info":{}}
#1107 [2026-09-12T16:04:08.988Z] (319869ms) POLL_RAW {"success":true,"status":"OK","command":"POLL","info":{}}
#1108 [2026-09-12T16:04:09.148Z] (320029ms) POLL_RAW {"success":true,"status":"OK","command":"POLL","info":{}}
#1109 [2026-09-12T16:04:09.308Z] (320189ms) POLL_RAW {"success":true,"status":"OK","command":"POLL","info":{}}
#1110 [2026-09-12T16:04:09.471Z] (320352ms) POLL_RAW {"success":true,"status":"OK","command":"POLL","info":{}}
#1111 [2026-09-12T16:04:09.629Z] (320509ms) POLL_RAW {"success":true,"status":"OK","command":"POLL","info":{}}
#1112 [2026-09-12T16:04:09.789Z] (320669ms) POLL_RAW {"success":true,"status":"OK","command":"POLL","info":[{"code":223,"name":"COIN_CREDIT","description":"A coin has been detected as added to the system via the attached coin mechanism. The value of the coin detected is given in the event data.","value":[{"value":200,"country_code":"EUR"}]}]}
#1113 [2026-09-12T16:04:09.789Z] (320669ms) COIN_CREDIT {"code":223,"name":"COIN_CREDIT","description":"A coin has been detected as added to the system via the attached coin mechanism. The value of the coin detected is given in the event data.","value":[{"value":200,"country_code":"EUR"}]}
#1114 [2026-09-12T16:04:09.948Z] (320829ms) POLL_RAW {"success":true,"status":"OK","command":"POLL","info":{}}
#1115 [2026-09-12T16:04:10.110Z] (320990ms) POLL_RAW {"success":true,"status":"OK","command":"POLL","info":{}}
#1116 [2026-09-12T16:04:10.269Z] (321150ms) POLL_RAW {"success":true,"status":"OK","command":"POLL","info":{}}
#1117 [2026-09-12T16:04:10.429Z] (321309ms) POLL_RAW {"success":true,"status":"OK","command":"POLL","info":{}}
#1118 [2026-09-12T16:04:10.589Z] (321469ms) POLL_RAW {"success":true,"status":"OK","command":"POLL","info":{}}
#1119 [2026-09-12T16:04:10.749Z] (321629ms) POLL_RAW {"success":true,"status":"OK","command":"POLL","info":{}}
#1120 [2026-09-12T16:04:10.909Z] (321789ms) POLL_RAW {"success":true,"status":"OK","command":"POLL","info":{}}
#1121 [2026-09-12T16:04:11.069Z] (321949ms) POLL_RAW {"success":true,"status":"OK","command":"POLL","info":{}}
#1122 [2026-09-12T16:04:11.229Z] (322109ms) POLL_RAW {"success":true,"status":"OK","command":"POLL","info":{}}
#1123 [2026-09-12T16:04:11.389Z] (322269ms) POLL_RAW {"success":true,"status":"OK","command":"POLL","info":{}}
#1124 [2026-09-12T16:04:11.549Z] (322430ms) POLL_RAW {"success":true,"status":"OK","command":"POLL","info":{}}
#1125 [2026-09-12T16:04:11.708Z] (322588ms) POLL_RAW {"success":true,"status":"OK","command":"POLL","info":{}}
#1126 [2026-09-12T16:04:11.868Z] (322748ms) POLL_RAW {"success":true,"status":"OK","command":"POLL","info":[{"code":223,"name":"COIN_CREDIT","description":"A coin has been detected as added to the system via the attached coin mechanism. The value of the coin detected is given in the event data.","value":[{"value":200,"country_code":"EUR"}]}]}
#1127 [2026-09-12T16:04:11.868Z] (322749ms) COIN_CREDIT {"code":223,"name":"COIN_CREDIT","description":"A coin has been detected as added to the system via the attached coin mechanism. The value of the coin detected is given in the event data.","value":[{"value":200,"country_code":"EUR"}]}
#1128 [2026-09-12T16:04:12.028Z] (322909ms) POLL_RAW {"success":true,"status":"OK","command":"POLL","info":{}}
#1129 [2026-09-12T16:04:12.188Z] (323068ms) POLL_RAW {"success":true,"status":"OK","command":"POLL","info":{}}
#1130 [2026-09-12T16:04:12.348Z] (323228ms) POLL_RAW {"success":true,"status":"OK","command":"POLL","info":{}}
#1131 [2026-09-12T16:04:12.508Z] (323388ms) POLL_RAW {"success":true,"status":"OK","command":"POLL","info":{}}
#1132 [2026-09-12T16:04:12.668Z] (323548ms) POLL_RAW {"success":true,"status":"OK","command":"POLL","info":{}}
#1133 [2026-09-12T16:04:12.828Z] (323708ms) POLL_RAW {"success":true,"status":"OK","command":"POLL","info":{}}
#1134 [2026-09-12T16:04:12.988Z] (323868ms) POLL_RAW {"success":true,"status":"OK","command":"POLL","info":{}}
#1135 [2026-09-12T16:04:13.148Z] (324028ms) POLL_RAW {"success":true,"status":"OK","command":"POLL","info":{}}
#1136 [2026-09-12T16:04:13.308Z] (324188ms) POLL_RAW {"success":true,"status":"OK","command":"POLL","info":{}}
#1137 [2026-09-12T16:04:13.468Z] (324348ms) POLL_RAW {"success":true,"status":"OK","command":"POLL","info":{}}
#1138 [2026-09-12T16:04:13.628Z] (324508ms) POLL_RAW {"success":true,"status":"OK","command":"POLL","info":{}}
#1139 [2026-09-12T16:04:13.788Z] (324668ms) POLL_RAW {"success":true,"status":"OK","command":"POLL","info":{}}
#1140 [2026-09-12T16:04:13.948Z] (324828ms) POLL_RAW {"success":true,"status":"OK","command":"POLL","info":{}}
#1141 [2026-09-12T16:04:14.108Z] (324988ms) POLL_RAW {"success":true,"status":"OK","command":"POLL","info":{}}
#1142 [2026-09-12T16:04:14.268Z] (325148ms) POLL_RAW {"success":true,"status":"OK","command":"POLL","info":{}}
#1143 [2026-09-12T16:04:14.428Z] (325308ms) POLL_RAW {"success":true,"status":"OK","command":"POLL","info":{}}
#1144 [2026-09-12T16:04:14.588Z] (325468ms) POLL_RAW {"success":true,"status":"OK","command":"POLL","info":{}}
#1145 [2026-09-12T16:04:14.747Z] (325628ms) POLL_RAW {"success":true,"status":"OK","command":"POLL","info":[{"code":223,"name":"COIN_CREDIT","description":"A coin has been detected as added to the system via the attached coin mechanism. The value of the coin detected is given in the event data.","value":[{"value":200,"country_code":"EUR"}]}]}
#1146 [2026-09-12T16:04:14.748Z] (325628ms) COIN_CREDIT {"code":223,"name":"COIN_CREDIT","description":"A coin has been detected as added to the system via the attached coin mechanism. The value of the coin detected is given in the event data.","value":[{"value":200,"country_code":"EUR"}]}
#1147 [2026-09-12T16:04:14.908Z] (325788ms) POLL_RAW {"success":true,"status":"OK","command":"POLL","info":{}}
#1148 [2026-09-12T16:04:15.066Z] (325947ms) POLL_RAW {"success":true,"status":"OK","command":"POLL","info":{}}
#1149 [2026-09-12T16:04:15.227Z] (326108ms) POLL_RAW {"success":true,"status":"OK","command":"POLL","info":{}}
#1150 [2026-09-12T16:04:15.387Z] (326267ms) POLL_RAW {"success":true,"status":"OK","command":"POLL","info":{}}
#1151 [2026-09-12T16:04:15.547Z] (326427ms) POLL_RAW {"success":true,"status":"OK","command":"POLL","info":{}}
#1152 [2026-09-12T16:04:15.707Z] (326587ms) POLL_RAW {"success":true,"status":"OK","command":"POLL","info":{}}
#1153 [2026-09-12T16:04:15.868Z] (326749ms) POLL_RAW {"success":true,"status":"OK","command":"POLL","info":{}}
#1154 [2026-09-12T16:04:16.027Z] (326907ms) POLL_RAW {"success":true,"status":"OK","command":"POLL","info":{}}
#1155 [2026-09-12T16:04:16.187Z] (327067ms) POLL_RAW {"success":true,"status":"OK","command":"POLL","info":{}}
#1156 [2026-09-12T16:04:16.347Z] (327227ms) POLL_RAW {"success":true,"status":"OK","command":"POLL","info":{}}
#1157 [2026-09-12T16:04:16.507Z] (327387ms) POLL_RAW {"success":true,"status":"OK","command":"POLL","info":{}}
#1158 [2026-09-12T16:04:16.667Z] (327547ms) POLL_RAW {"success":true,"status":"OK","command":"POLL","info":{}}
#1159 [2026-09-12T16:04:16.827Z] (327707ms) POLL_RAW {"success":true,"status":"OK","command":"POLL","info":{}}
#1160 [2026-09-12T16:04:16.987Z] (327868ms) POLL_RAW {"success":true,"status":"OK","command":"POLL","info":{}}
#1161 [2026-09-12T16:04:17.147Z] (328028ms) POLL_RAW {"success":true,"status":"OK","command":"POLL","info":{}}
#1162 [2026-09-12T16:04:17.307Z] (328188ms) POLL_RAW {"success":true,"status":"OK","command":"POLL","info":{}}
#1163 [2026-09-12T16:04:17.467Z] (328348ms) POLL_RAW {"success":true,"status":"OK","command":"POLL","info":{}}
#1164 [2026-09-12T16:04:17.627Z] (328508ms) POLL_RAW {"success":true,"status":"OK","command":"POLL","info":{}}
#1165 [2026-09-12T16:04:17.787Z] (328668ms) POLL_RAW {"success":true,"status":"OK","command":"POLL","info":{}}
#1166 [2026-09-12T16:04:17.947Z] (328828ms) POLL_RAW {"success":true,"status":"OK","command":"POLL","info":{}}
#1167 [2026-09-12T16:04:18.107Z] (328988ms) POLL_RAW {"success":true,"status":"OK","command":"POLL","info":{}}
#1168 [2026-09-12T16:04:18.267Z] (329148ms) POLL_RAW {"success":true,"status":"OK","command":"POLL","info":{}}
#1169 [2026-09-12T16:04:18.426Z] (329307ms) POLL_RAW {"success":true,"status":"OK","command":"POLL","info":{}}
#1170 [2026-09-12T16:04:18.587Z] (329468ms) POLL_RAW {"success":true,"status":"OK","command":"POLL","info":{}}
#1171 [2026-09-12T16:04:18.746Z] (329627ms) POLL_RAW {"success":true,"status":"OK","command":"POLL","info":{}}
#1172 [2026-09-12T16:04:18.906Z] (329787ms) POLL_RAW {"success":true,"status":"OK","command":"POLL","info":{}}
#1173 [2026-09-12T16:04:19.067Z] (329948ms) POLL_RAW {"success":true,"status":"OK","command":"POLL","info":{}}
#1174 [2026-09-12T16:04:19.225Z] (330106ms) POLL_RAW {"success":true,"status":"OK","command":"POLL","info":{}}
#1175 [2026-09-12T16:04:19.386Z] (330267ms) POLL_RAW {"success":true,"status":"OK","command":"POLL","info":{}}
#1176 [2026-09-12T16:04:19.547Z] (330428ms) POLL_RAW {"success":true,"status":"OK","command":"POLL","info":{}}
#1177 [2026-09-12T16:04:19.707Z] (330588ms) POLL_RAW {"success":true,"status":"OK","command":"POLL","info":{}}
#1178 [2026-09-12T16:04:19.866Z] (330747ms) POLL_RAW {"success":true,"status":"OK","command":"POLL","info":{}}
#1179 [2026-09-12T16:04:20.027Z] (330908ms) POLL_RAW {"success":true,"status":"OK","command":"POLL","info":{}}
#1180 [2026-09-12T16:04:20.187Z] (331068ms) POLL_RAW {"success":true,"status":"OK","command":"POLL","info":{}}
#1181 [2026-09-12T16:04:20.347Z] (331228ms) POLL_RAW {"success":true,"status":"OK","command":"POLL","info":{}}
#1182 [2026-09-12T16:04:20.507Z] (331388ms) POLL_RAW {"success":true,"status":"OK","command":"POLL","info":{}}
#1183 [2026-09-12T16:04:20.667Z] (331547ms) POLL_RAW {"success":true,"status":"OK","command":"POLL","info":{}}
#1184 [2026-09-12T16:04:20.827Z] (331708ms) POLL_RAW {"success":true,"status":"OK","command":"POLL","info":{}}
#1185 [2026-09-12T16:04:20.985Z] (331866ms) POLL_RAW {"success":true,"status":"OK","command":"POLL","info":{}}
#1186 [2026-09-12T16:04:21.146Z] (332027ms) POLL_RAW {"success":true,"status":"OK","command":"POLL","info":{}}
#1187 [2026-09-12T16:04:21.305Z] (332186ms) POLL_RAW {"success":true,"status":"OK","command":"POLL","info":{}}
#1188 [2026-09-12T16:04:21.465Z] (332346ms) POLL_RAW {"success":true,"status":"OK","command":"POLL","info":{}}
#1189 [2026-09-12T16:04:21.625Z] (332506ms) POLL_RAW {"success":true,"status":"OK","command":"POLL","info":{}}
#1190 [2026-09-12T16:04:21.785Z] (332666ms) POLL_RAW {"success":true,"status":"OK","command":"POLL","info":{}}
#1191 [2026-09-12T16:04:21.945Z] (332826ms) POLL_RAW {"success":true,"status":"OK","command":"POLL","info":{}}
#1192 [2026-09-12T16:04:22.105Z] (332986ms) POLL_RAW {"success":true,"status":"OK","command":"POLL","info":{}}
#1193 [2026-09-12T16:04:22.265Z] (333146ms) POLL_RAW {"success":true,"status":"OK","command":"POLL","info":{}}
#1194 [2026-09-12T16:04:22.425Z] (333306ms) POLL_RAW {"success":true,"status":"OK","command":"POLL","info":{}}
#1195 [2026-09-12T16:04:22.585Z] (333466ms) POLL_RAW {"success":true,"status":"OK","command":"POLL","info":{}}
#1196 [2026-09-12T16:04:22.745Z] (333626ms) POLL_RAW {"success":true,"status":"OK","command":"POLL","info":{}}
#1197 [2026-09-12T16:04:22.905Z] (333786ms) POLL_RAW {"success":true,"status":"OK","command":"POLL","info":{}}
#1198 [2026-09-12T16:04:23.066Z] (333946ms) POLL_RAW {"success":true,"status":"OK","command":"POLL","info":{}}
#1199 [2026-09-12T16:04:23.225Z] (334106ms) POLL_RAW {"success":true,"status":"OK","command":"POLL","info":{}}
#1200 [2026-09-12T16:04:23.385Z] (334266ms) POLL_RAW {"success":true,"status":"OK","command":"POLL","info":{}}
#1201 [2026-09-12T16:04:23.545Z] (334426ms) POLL_RAW {"success":true,"status":"OK","command":"POLL","info":{}}
#1202 [2026-09-12T16:04:23.705Z] (334586ms) POLL_RAW {"success":true,"status":"OK","command":"POLL","info":{}}
#1203 [2026-09-12T16:04:23.865Z] (334746ms) POLL_RAW {"success":true,"status":"OK","command":"POLL","info":{}}
#1204 [2026-09-12T16:04:24.024Z] (334905ms) POLL_RAW {"success":true,"status":"OK","command":"POLL","info":{}}
#1205 [2026-09-12T16:04:24.185Z] (335066ms) POLL_RAW {"success":true,"status":"OK","command":"POLL","info":{}}
#1206 [2026-09-12T16:04:24.344Z] (335225ms) POLL_RAW {"success":true,"status":"OK","command":"POLL","info":{}}
#1207 [2026-09-12T16:04:24.504Z] (335385ms) POLL_RAW {"success":true,"status":"OK","command":"POLL","info":{}}
#1208 [2026-09-12T16:04:24.664Z] (335545ms) POLL_RAW {"success":true,"status":"OK","command":"POLL","info":{}}
#1209 [2026-09-12T16:04:24.824Z] (335705ms) POLL_RAW {"success":true,"status":"OK","command":"POLL","info":{}}
#1210 [2026-09-12T16:04:24.984Z] (335865ms) POLL_RAW {"success":true,"status":"OK","command":"POLL","info":{}}
#1211 [2026-09-12T16:04:25.145Z] (336025ms) POLL_RAW {"success":true,"status":"OK","command":"POLL","info":{}}
#1212 [2026-09-12T16:04:25.305Z] (336185ms) POLL_RAW {"success":true,"status":"OK","command":"POLL","info":{}}
#1213 [2026-09-12T16:04:25.625Z] (336505ms) POLL_RAW {"success":true,"status":"OK","command":"POLL","info":{}}
#1214 [2026-09-12T16:04:25.784Z] (336665ms) POLL_RAW {"success":true,"status":"OK","command":"POLL","info":{}}
#1215 [2026-09-12T16:04:25.945Z] (336825ms) POLL_RAW {"success":true,"status":"OK","command":"POLL","info":{}}
#1216 [2026-09-12T16:04:26.329Z] (337209ms) POLL_RAW {"success":true,"status":"OK","command":"POLL","info":{}}
#1217 [2026-09-12T16:04:26.488Z] (337369ms) POLL_RAW {"success":true,"status":"OK","command":"POLL","info":{}}
#1218 [2026-09-12T16:04:26.824Z] (337705ms) POLL_RAW {"success":true,"status":"OK","command":"POLL","info":[{"code":218,"name":"DISPENSING","description":"The device is in the process of paying out a requested value. The value paid at the poll is given in the vent data.","value":[{"value":0,"country_code":"EUR"}]}]}
#1219 [2026-09-12T16:04:27.002Z] (337883ms) POLL_RAW {"success":true,"status":"OK","command":"POLL","info":[{"code":218,"name":"DISPENSING","description":"The device is in the process of paying out a requested value. The value paid at the poll is given in the vent data.","value":[{"value":0,"country_code":"EUR"}]}]}
#1220 [2026-09-12T16:04:27.176Z] (338056ms) POLL_RAW {"success":true,"status":"OK","command":"POLL","info":[{"code":218,"name":"DISPENSING","description":"The device is in the process of paying out a requested value. The value paid at the poll is given in the vent data.","value":[{"value":0,"country_code":"EUR"}]}]}
#1221 [2026-09-12T16:04:27.352Z] (338232ms) POLL_RAW {"success":true,"status":"OK","command":"POLL","info":[{"code":218,"name":"DISPENSING","description":"The device is in the process of paying out a requested value. The value paid at the poll is given in the vent data.","value":[{"value":200,"country_code":"EUR"}]}]}
#1222 [2026-09-12T16:04:27.528Z] (338408ms) POLL_RAW {"success":true,"status":"OK","command":"POLL","info":[{"code":218,"name":"DISPENSING","description":"The device is in the process of paying out a requested value. The value paid at the poll is given in the vent data.","value":[{"value":200,"country_code":"EUR"}]}]}
#1223 [2026-09-12T16:04:27.703Z] (338584ms) POLL_RAW {"success":true,"status":"OK","command":"POLL","info":[{"code":218,"name":"DISPENSING","description":"The device is in the process of paying out a requested value. The value paid at the poll is given in the vent data.","value":[{"value":200,"country_code":"EUR"}]}]}
#1224 [2026-09-12T16:04:27.880Z] (338760ms) POLL_RAW {"success":true,"status":"OK","command":"POLL","info":[{"code":218,"name":"DISPENSING","description":"The device is in the process of paying out a requested value. The value paid at the poll is given in the vent data.","value":[{"value":200,"country_code":"EUR"}]}]}
#1225 [2026-09-12T16:04:28.055Z] (338936ms) POLL_RAW {"success":true,"status":"OK","command":"POLL","info":[{"code":218,"name":"DISPENSING","description":"The device is in the process of paying out a requested value. The value paid at the poll is given in the vent data.","value":[{"value":200,"country_code":"EUR"}]}]}
#1226 [2026-09-12T16:04:28.232Z] (339112ms) POLL_RAW {"success":true,"status":"OK","command":"POLL","info":[{"code":218,"name":"DISPENSING","description":"The device is in the process of paying out a requested value. The value paid at the poll is given in the vent data.","value":[{"value":400,"country_code":"EUR"}]}]}
#1227 [2026-09-12T16:04:28.408Z] (339288ms) POLL_RAW {"success":true,"status":"OK","command":"POLL","info":[{"code":218,"name":"DISPENSING","description":"The device is in the process of paying out a requested value. The value paid at the poll is given in the vent data.","value":[{"value":600,"country_code":"EUR"}]}]}
#1228 [2026-09-12T16:04:28.584Z] (339464ms) POLL_RAW {"success":true,"status":"OK","command":"POLL","info":[{"code":218,"name":"DISPENSING","description":"The device is in the process of paying out a requested value. The value paid at the poll is given in the vent data.","value":[{"value":600,"country_code":"EUR"}]}]}
#1229 [2026-09-12T16:04:28.760Z] (339640ms) POLL_RAW {"success":true,"status":"OK","command":"POLL","info":[{"code":218,"name":"DISPENSING","description":"The device is in the process of paying out a requested value. The value paid at the poll is given in the vent data.","value":[{"value":800,"country_code":"EUR"}]},{"code":210,"name":"DISPENSED","description":"The device has completed its pay-out request.","amount":800,"currency":"EUR"}]}
#1230 [2026-09-12T16:04:28.920Z] (339801ms) POLL_RAW {"success":true,"status":"OK","command":"POLL","info":{}}
#1231 [2026-09-12T16:04:29.080Z] (339960ms) POLL_RAW {"success":true,"status":"OK","command":"POLL","info":{}}
#1232 [2026-09-12T16:04:29.240Z] (340121ms) POLL_RAW {"success":true,"status":"OK","command":"POLL","info":{}}
#1233 [2026-09-12T16:04:29.400Z] (340280ms) POLL_RAW {"success":true,"status":"OK","command":"POLL","info":{}}
#1234 [2026-09-12T16:04:29.560Z] (340440ms) POLL_RAW {"success":true,"status":"OK","command":"POLL","info":{}}
#1235 [2026-09-12T16:04:29.928Z] (340808ms) POLL_RAW {"success":true,"status":"OK","command":"POLL","info":{}}
#1236 [2026-09-12T16:04:30.087Z] (340968ms) POLL_RAW {"success":true,"status":"OK","command":"POLL","info":{}}
#1237 [2026-09-12T16:04:30.247Z] (341128ms) POLL_RAW {"success":true,"status":"OK","command":"POLL","info":{}}
#1238 [2026-09-12T16:04:30.408Z] (341289ms) POLL_RAW {"success":true,"status":"OK","command":"POLL","info":{}}
#1239 [2026-09-12T16:04:30.566Z] (341447ms) POLL_RAW {"success":true,"status":"OK","command":"POLL","info":{}}
#1240 [2026-09-12T16:04:30.727Z] (341608ms) POLL_RAW {"success":true,"status":"OK","command":"POLL","info":{}}
#1241 [2026-09-12T16:04:30.887Z] (341767ms) POLL_RAW {"success":true,"status":"OK","command":"POLL","info":{}}
#1242 [2026-09-12T16:04:31.047Z] (341927ms) POLL_RAW {"success":true,"status":"OK","command":"POLL","info":{}}
#1243 [2026-09-12T16:04:31.208Z] (342089ms) POLL_RAW {"success":true,"status":"OK","command":"POLL","info":{}}
#1244 [2026-09-12T16:04:31.366Z] (342247ms) POLL_RAW {"success":true,"status":"OK","command":"POLL","info":{}}
#1245 [2026-09-12T16:04:31.527Z] (342408ms) POLL_RAW {"success":true,"status":"OK","command":"POLL","info":{}}
#1246 [2026-09-12T16:04:31.687Z] (342568ms) POLL_RAW {"success":true,"status":"OK","command":"POLL","info":{}}
#1247 [2026-09-12T16:04:31.846Z] (342727ms) POLL_RAW {"success":true,"status":"OK","command":"POLL","info":{}}
#1248 [2026-09-12T16:04:32.008Z] (342889ms) POLL_RAW {"success":true,"status":"OK","command":"POLL","info":{}}
#1249 [2026-09-12T16:04:32.167Z] (343047ms) POLL_RAW {"success":true,"status":"OK","command":"POLL","info":{}}
#1250 [2026-09-12T16:04:32.327Z] (343208ms) POLL_RAW {"success":true,"status":"OK","command":"POLL","info":{}}
#1251 [2026-09-12T16:04:32.487Z] (343367ms) POLL_RAW {"success":true,"status":"OK","command":"POLL","info":{}}
#1252 [2026-09-12T16:04:32.646Z] (343527ms) POLL_RAW {"success":true,"status":"OK","command":"POLL","info":{}}
#1253 [2026-09-12T16:04:32.808Z] (343688ms) POLL_RAW {"success":true,"status":"OK","command":"POLL","info":{}}
#1254 [2026-09-12T16:04:32.967Z] (343847ms) POLL_RAW {"success":true,"status":"OK","command":"POLL","info":{}}
#1255 [2026-09-12T16:04:33.127Z] (344007ms) POLL_RAW {"success":true,"status":"OK","command":"POLL","info":{}}
#1256 [2026-09-12T16:04:33.287Z] (344167ms) POLL_RAW {"success":true,"status":"OK","command":"POLL","info":{}}
#1257 [2026-09-12T16:04:33.447Z] (344328ms) POLL_RAW {"success":true,"status":"OK","command":"POLL","info":{}}
#1258 [2026-09-12T16:04:33.608Z] (344488ms) POLL_RAW {"success":true,"status":"OK","command":"POLL","info":{}}
#1259 [2026-09-12T16:04:33.766Z] (344647ms) POLL_RAW {"success":true,"status":"OK","command":"POLL","info":{}}
#1260 [2026-09-12T16:04:33.926Z] (344807ms) POLL_RAW {"success":true,"status":"OK","command":"POLL","info":{}}
#1261 [2026-09-12T16:04:34.086Z] (344967ms) POLL_RAW {"success":true,"status":"OK","command":"POLL","info":{}}
#1262 [2026-09-12T16:04:34.246Z] (345126ms) POLL_RAW {"success":true,"status":"OK","command":"POLL","info":{}}
#1263 [2026-09-12T16:04:34.407Z] (345288ms) POLL_RAW {"success":true,"status":"OK","command":"POLL","info":{}}
#1264 [2026-09-12T16:04:34.566Z] (345447ms) POLL_RAW {"success":true,"status":"OK","command":"POLL","info":{}}
#1265 [2026-09-12T16:04:34.726Z] (345607ms) POLL_RAW {"success":true,"status":"OK","command":"POLL","info":{}}
#1266 [2026-09-12T16:04:34.886Z] (345767ms) POLL_RAW {"success":true,"status":"OK","command":"POLL","info":{}}
#1267 [2026-09-12T16:04:35.046Z] (345927ms) POLL_RAW {"success":true,"status":"OK","command":"POLL","info":{}}
#1268 [2026-09-12T16:04:35.207Z] (346088ms) POLL_RAW {"success":true,"status":"OK","command":"POLL","info":{}}
#1269 [2026-09-12T16:04:35.367Z] (346248ms) POLL_RAW {"success":true,"status":"OK","command":"POLL","info":{}}
#1270 [2026-09-12T16:04:35.527Z] (346408ms) POLL_RAW {"success":true,"status":"OK","command":"POLL","info":{}}
#1271 [2026-09-12T16:04:35.686Z] (346567ms) POLL_RAW {"success":true,"status":"OK","command":"POLL","info":{}}
#1272 [2026-09-12T16:04:35.847Z] (346728ms) POLL_RAW {"success":true,"status":"OK","command":"POLL","info":{}}
#1273 [2026-09-12T16:04:36.008Z] (346889ms) POLL_RAW {"success":true,"status":"OK","command":"POLL","info":{}}
#1274 [2026-09-12T16:04:36.167Z] (347047ms) POLL_RAW {"success":true,"status":"OK","command":"POLL","info":{}}
#1275 [2026-09-12T16:04:36.326Z] (347207ms) POLL_RAW {"success":true,"status":"OK","command":"POLL","info":{}}
#1276 [2026-09-12T16:04:36.486Z] (347367ms) POLL_RAW {"success":true,"status":"OK","command":"POLL","info":{}}
#1277 [2026-09-12T16:04:36.646Z] (347527ms) POLL_RAW {"success":true,"status":"OK","command":"POLL","info":{}}
#1278 [2026-09-12T16:04:36.806Z] (347687ms) POLL_RAW {"success":true,"status":"OK","command":"POLL","info":{}}
#1279 [2026-09-12T16:04:36.966Z] (347846ms) POLL_RAW {"success":true,"status":"OK","command":"POLL","info":{}}
#1280 [2026-09-12T16:04:37.125Z] (348006ms) POLL_RAW {"success":true,"status":"OK","command":"POLL","info":{}}
#1281 [2026-09-12T16:04:37.445Z] (348326ms) POLL_RAW {"success":true,"status":"OK","command":"POLL","info":[{"code":232,"name":"DISABLED","description":"The device is not active and unavailable for normal validation functions."}]}
#1282 [2026-09-12T16:04:37.606Z] (348486ms) POLL_RAW {"success":true,"status":"OK","command":"POLL","info":[{"code":232,"name":"DISABLED","description":"The device is not active and unavailable for normal validation functions."}]}
#1283 [2026-09-12T16:05:07.262Z] (378143ms) POLL_RAW {"success":true,"status":"OK","command":"POLL","info":{}}
#1284 [2026-09-12T16:05:07.423Z] (378303ms) POLL_RAW {"success":true,"status":"OK","command":"POLL","info":{}}
#1285 [2026-09-12T16:05:07.581Z] (378461ms) POLL_RAW {"success":true,"status":"OK","command":"POLL","info":{}}
#1286 [2026-09-12T16:05:07.741Z] (378621ms) POLL_RAW {"success":true,"status":"OK","command":"POLL","info":{}}
#1287 [2026-09-12T16:05:07.901Z] (378781ms) POLL_RAW {"success":true,"status":"OK","command":"POLL","info":{}}
#1288 [2026-09-12T16:05:08.061Z] (378941ms) POLL_RAW {"success":true,"status":"OK","command":"POLL","info":{}}
#1289 [2026-09-12T16:05:08.221Z] (379101ms) POLL_RAW {"success":true,"status":"OK","command":"POLL","info":{}}
#1290 [2026-09-12T16:05:08.381Z] (379262ms) POLL_RAW {"success":true,"status":"OK","command":"POLL","info":{}}
#1291 [2026-09-12T16:05:08.542Z] (379422ms) POLL_RAW {"success":true,"status":"OK","command":"POLL","info":{}}
#1292 [2026-09-12T16:05:08.701Z] (379582ms) POLL_RAW {"success":true,"status":"OK","command":"POLL","info":{}}
#1293 [2026-09-12T16:05:08.861Z] (379742ms) POLL_RAW {"success":true,"status":"OK","command":"POLL","info":{}}
#1294 [2026-09-12T16:05:09.021Z] (379901ms) POLL_RAW {"success":true,"status":"OK","command":"POLL","info":{}}
#1295 [2026-09-12T16:05:09.181Z] (380062ms) POLL_RAW {"success":true,"status":"OK","command":"POLL","info":{}}
#1296 [2026-09-12T16:05:09.341Z] (380222ms) POLL_RAW {"success":true,"status":"OK","command":"POLL","info":{}}
#1297 [2026-09-12T16:05:09.501Z] (380382ms) POLL_RAW {"success":true,"status":"OK","command":"POLL","info":{}}
#1298 [2026-09-12T16:05:09.662Z] (380543ms) POLL_RAW {"success":true,"status":"OK","command":"POLL","info":{}}
#1299 [2026-09-12T16:05:09.821Z] (380702ms) POLL_RAW {"success":true,"status":"OK","command":"POLL","info":{}}
#1300 [2026-09-12T16:05:09.981Z] (380861ms) POLL_RAW {"success":true,"status":"OK","command":"POLL","info":{}}
#1301 [2026-09-12T16:05:10.142Z] (381023ms) POLL_RAW {"success":true,"status":"OK","command":"POLL","info":{}}
#1302 [2026-09-12T16:05:10.302Z] (381183ms) POLL_RAW {"success":true,"status":"OK","command":"POLL","info":{}}
#1303 [2026-09-12T16:05:10.461Z] (381342ms) POLL_RAW {"success":true,"status":"OK","command":"POLL","info":{}}
#1304 [2026-09-12T16:05:10.620Z] (381501ms) POLL_RAW {"success":true,"status":"OK","command":"POLL","info":{}}
#1305 [2026-09-12T16:05:10.781Z] (381662ms) POLL_RAW {"success":true,"status":"OK","command":"POLL","info":{}}
#1306 [2026-09-12T16:05:10.941Z] (381822ms) POLL_RAW {"success":true,"status":"OK","command":"POLL","info":{}}
#1307 [2026-09-12T16:05:11.100Z] (381981ms) POLL_RAW {"success":true,"status":"OK","command":"POLL","info":{}}
#1308 [2026-09-12T16:05:11.260Z] (382141ms) POLL_RAW {"success":true,"status":"OK","command":"POLL","info":{}}
#1309 [2026-09-12T16:05:11.422Z] (382303ms) POLL_RAW {"success":true,"status":"OK","command":"POLL","info":{}}
#1310 [2026-09-12T16:05:11.581Z] (382462ms) POLL_RAW {"success":true,"status":"OK","command":"POLL","info":{}}
#1311 [2026-09-12T16:05:11.740Z] (382621ms) POLL_RAW {"success":true,"status":"OK","command":"POLL","info":{}}
#1312 [2026-09-12T16:05:11.900Z] (382781ms) POLL_RAW {"success":true,"status":"OK","command":"POLL","info":{}}
#1313 [2026-09-12T16:05:12.060Z] (382941ms) POLL_RAW {"success":true,"status":"OK","command":"POLL","info":{}}
#1314 [2026-09-12T16:05:12.220Z] (383101ms) POLL_RAW {"success":true,"status":"OK","command":"POLL","info":{}}
#1315 [2026-09-12T16:05:12.381Z] (383262ms) POLL_RAW {"success":true,"status":"OK","command":"POLL","info":{}}
#1316 [2026-09-12T16:05:12.540Z] (383421ms) POLL_RAW {"success":true,"status":"OK","command":"POLL","info":{}}
#1317 [2026-09-12T16:05:12.700Z] (383581ms) POLL_RAW {"success":true,"status":"OK","command":"POLL","info":{}}
#1318 [2026-09-12T16:05:12.860Z] (383741ms) POLL_RAW {"success":true,"status":"OK","command":"POLL","info":{}}
#1319 [2026-09-12T16:05:13.020Z] (383901ms) POLL_RAW {"success":true,"status":"OK","command":"POLL","info":{}}
#1320 [2026-09-12T16:05:13.180Z] (384061ms) POLL_RAW {"success":true,"status":"OK","command":"POLL","info":{}}
#1321 [2026-09-12T16:05:13.547Z] (384428ms) POLL_RAW {"success":true,"status":"OK","command":"POLL","info":{}}
#1322 [2026-09-12T16:05:13.707Z] (384588ms) POLL_RAW {"success":true,"status":"OK","command":"POLL","info":{}}
#1323 [2026-09-12T16:05:14.043Z] (384924ms) POLL_RAW {"success":true,"status":"OK","command":"POLL","info":[{"code":218,"name":"DISPENSING","description":"The device is in the process of paying out a requested value. The value paid at the poll is given in the vent data.","value":[{"value":0,"country_code":"EUR"}]}]}
#1324 [2026-09-12T16:05:14.220Z] (385101ms) POLL_RAW {"success":true,"status":"OK","command":"POLL","info":[{"code":218,"name":"DISPENSING","description":"The device is in the process of paying out a requested value. The value paid at the poll is given in the vent data.","value":[{"value":0,"country_code":"EUR"}]}]}
#1325 [2026-09-12T16:05:14.395Z] (385276ms) POLL_RAW {"success":true,"status":"OK","command":"POLL","info":[{"code":218,"name":"DISPENSING","description":"The device is in the process of paying out a requested value. The value paid at the poll is given in the vent data.","value":[{"value":0,"country_code":"EUR"}]}]}
#1326 [2026-09-12T16:05:14.572Z] (385452ms) POLL_RAW {"success":true,"status":"OK","command":"POLL","info":[{"code":218,"name":"DISPENSING","description":"The device is in the process of paying out a requested value. The value paid at the poll is given in the vent data.","value":[{"value":200,"country_code":"EUR"}]}]}
#1327 [2026-09-12T16:05:14.748Z] (385629ms) POLL_RAW {"success":true,"status":"OK","command":"POLL","info":[{"code":218,"name":"DISPENSING","description":"The device is in the process of paying out a requested value. The value paid at the poll is given in the vent data.","value":[{"value":200,"country_code":"EUR"}]}]}
#1328 [2026-09-12T16:05:14.925Z] (385806ms) POLL_RAW {"success":true,"status":"OK","command":"POLL","info":[{"code":218,"name":"DISPENSING","description":"The device is in the process of paying out a requested value. The value paid at the poll is given in the vent data.","value":[{"value":400,"country_code":"EUR"}]}]}
#1329 [2026-09-12T16:05:15.099Z] (385980ms) POLL_RAW {"success":true,"status":"OK","command":"POLL","info":[{"code":218,"name":"DISPENSING","description":"The device is in the process of paying out a requested value. The value paid at the poll is given in the vent data.","value":[{"value":600,"country_code":"EUR"}]}]}
#1330 [2026-09-12T16:05:15.276Z] (386156ms) POLL_RAW {"success":true,"status":"OK","command":"POLL","info":[{"code":218,"name":"DISPENSING","description":"The device is in the process of paying out a requested value. The value paid at the poll is given in the vent data.","value":[{"value":800,"country_code":"EUR"}]},{"code":210,"name":"DISPENSED","description":"The device has completed its pay-out request.","amount":800,"currency":"EUR"}]}
#1331 [2026-09-12T16:05:15.435Z] (386316ms) POLL_RAW {"success":true,"status":"OK","command":"POLL","info":{}}
#1332 [2026-09-12T16:05:15.597Z] (386477ms) POLL_RAW {"success":true,"status":"OK","command":"POLL","info":{}}
#1333 [2026-09-12T16:05:15.755Z] (386636ms) POLL_RAW {"success":true,"status":"OK","command":"POLL","info":{}}
#1334 [2026-09-12T16:05:15.916Z] (386796ms) POLL_RAW {"success":true,"status":"OK","command":"POLL","info":{}}
#1335 [2026-09-12T16:05:16.075Z] (386956ms) POLL_RAW {"success":true,"status":"OK","command":"POLL","info":{}}
#1336 [2026-09-12T16:05:16.235Z] (387116ms) POLL_RAW {"success":true,"status":"OK","command":"POLL","info":{}}
#1337 [2026-09-12T16:05:16.603Z] (387484ms) POLL_RAW {"success":true,"status":"OK","command":"POLL","info":{}}
#1338 [2026-09-12T16:05:16.763Z] (387644ms) POLL_RAW {"success":true,"status":"OK","command":"POLL","info":{}}
#1339 [2026-09-12T16:05:16.923Z] (387803ms) POLL_RAW {"success":true,"status":"OK","command":"POLL","info":{}}
#1340 [2026-09-12T16:05:17.082Z] (387963ms) POLL_RAW {"success":true,"status":"OK","command":"POLL","info":{}}
#1341 [2026-09-12T16:05:17.243Z] (388123ms) POLL_RAW {"success":true,"status":"OK","command":"POLL","info":{}}
#1342 [2026-09-12T16:05:17.403Z] (388283ms) POLL_RAW {"success":true,"status":"OK","command":"POLL","info":{}}
#1343 [2026-09-12T16:05:17.562Z] (388443ms) POLL_RAW {"success":true,"status":"OK","command":"POLL","info":{}}
#1344 [2026-09-12T16:05:17.722Z] (388603ms) POLL_RAW {"success":true,"status":"OK","command":"POLL","info":{}}
#1345 [2026-09-12T16:05:17.883Z] (388763ms) POLL_RAW {"success":true,"status":"OK","command":"POLL","info":{}}
#1346 [2026-09-12T16:05:18.042Z] (388923ms) POLL_RAW {"success":true,"status":"OK","command":"POLL","info":{}}
#1347 [2026-09-12T16:05:18.203Z] (389083ms) POLL_RAW {"success":true,"status":"OK","command":"POLL","info":{}}
#1348 [2026-09-12T16:05:18.363Z] (389244ms) POLL_RAW {"success":true,"status":"OK","command":"POLL","info":{}}
#1349 [2026-09-12T16:05:18.523Z] (389403ms) POLL_RAW {"success":true,"status":"OK","command":"POLL","info":{}}
#1350 [2026-09-12T16:05:18.683Z] (389563ms) POLL_RAW {"success":true,"status":"OK","command":"POLL","info":{}}
#1351 [2026-09-12T16:05:18.843Z] (389724ms) POLL_RAW {"success":true,"status":"OK","command":"POLL","info":{}}
#1352 [2026-09-12T16:05:19.003Z] (389883ms) POLL_RAW {"success":true,"status":"OK","command":"POLL","info":{}}
#1353 [2026-09-12T16:05:19.162Z] (390043ms) POLL_RAW {"success":true,"status":"OK","command":"POLL","info":{}}
#1354 [2026-09-12T16:05:19.323Z] (390203ms) POLL_RAW {"success":true,"status":"OK","command":"POLL","info":{}}
#1355 [2026-09-12T16:05:19.483Z] (390363ms) POLL_RAW {"success":true,"status":"OK","command":"POLL","info":{}}
#1356 [2026-09-12T16:05:19.644Z] (390524ms) POLL_RAW {"success":true,"status":"OK","command":"POLL","info":{}}
#1357 [2026-09-12T16:05:19.802Z] (390682ms) POLL_RAW {"success":true,"status":"OK","command":"POLL","info":{}}
#1358 [2026-09-12T16:05:19.962Z] (390842ms) POLL_RAW {"success":true,"status":"OK","command":"POLL","info":{}}
#1359 [2026-09-12T16:05:20.122Z] (391003ms) POLL_RAW {"success":true,"status":"OK","command":"POLL","info":{}}
#1360 [2026-09-12T16:05:20.282Z] (391163ms) POLL_RAW {"success":true,"status":"OK","command":"POLL","info":{}}
#1361 [2026-09-12T16:05:20.444Z] (391325ms) POLL_RAW {"success":true,"status":"OK","command":"POLL","info":{}}
#1362 [2026-09-12T16:05:20.603Z] (391483ms) POLL_RAW {"success":true,"status":"OK","command":"POLL","info":{}}
#1363 [2026-09-12T16:05:20.763Z] (391643ms) POLL_RAW {"success":true,"status":"OK","command":"POLL","info":{}}
#1364 [2026-09-12T16:05:20.922Z] (391802ms) POLL_RAW {"success":true,"status":"OK","command":"POLL","info":{}}
#1365 [2026-09-12T16:05:21.082Z] (391962ms) POLL_RAW {"success":true,"status":"OK","command":"POLL","info":{}}
#1366 [2026-09-12T16:05:21.242Z] (392123ms) POLL_RAW {"success":true,"status":"OK","command":"POLL","info":{}}
#1367 [2026-09-12T16:05:21.401Z] (392282ms) POLL_RAW {"success":true,"status":"OK","command":"POLL","info":{}}
#1368 [2026-09-12T16:05:21.566Z] (392447ms) POLL_RAW {"success":true,"status":"OK","command":"POLL","info":{}}
#1369 [2026-09-12T16:05:21.881Z] (392762ms) POLL_RAW {"success":true,"status":"OK","command":"POLL","info":[{"code":232,"name":"DISABLED","description":"The device is not active and unavailable for normal validation functions."}]}
#1370 [2026-09-12T16:05:22.042Z] (392922ms) POLL_RAW {"success":true,"status":"OK","command":"POLL","info":[{"code":232,"name":"DISABLED","description":"The device is not active and unavailable for normal validation functions."}]}
#1371 [2026-09-12T16:05:27.400Z] (398281ms) POLL_RAW {"success":true,"status":"OK","command":"POLL","info":{}}
#1372 [2026-09-12T16:05:27.560Z] (398441ms) POLL_RAW {"success":true,"status":"OK","command":"POLL","info":{}}
#1373 [2026-09-12T16:05:27.720Z] (398601ms) POLL_RAW {"success":true,"status":"OK","command":"POLL","info":{}}
#1374 [2026-09-12T16:05:27.881Z] (398761ms) POLL_RAW {"success":true,"status":"OK","command":"POLL","info":{}}
#1375 [2026-09-12T16:05:28.040Z] (398921ms) POLL_RAW {"success":true,"status":"OK","command":"POLL","info":{}}
#1376 [2026-09-12T16:05:28.200Z] (399081ms) POLL_RAW {"success":true,"status":"OK","command":"POLL","info":{}}
#1377 [2026-09-12T16:05:28.360Z] (399241ms) POLL_RAW {"success":true,"status":"OK","command":"POLL","info":{}}
#1378 [2026-09-12T16:05:28.520Z] (399401ms) POLL_RAW {"success":true,"status":"OK","command":"POLL","info":{}}
#1379 [2026-09-12T16:05:28.681Z] (399561ms) POLL_RAW {"success":true,"status":"OK","command":"POLL","info":{}}
#1380 [2026-09-12T16:05:28.839Z] (399720ms) POLL_RAW {"success":true,"status":"OK","command":"POLL","info":{}}
#1381 [2026-09-12T16:05:29.000Z] (399880ms) POLL_RAW {"success":true,"status":"OK","command":"POLL","info":{}}
#1382 [2026-09-12T16:05:29.159Z] (400040ms) POLL_RAW {"success":true,"status":"OK","command":"POLL","info":{}}
#1383 [2026-09-12T16:05:29.319Z] (400200ms) POLL_RAW {"success":true,"status":"OK","command":"POLL","info":{}}
#1384 [2026-09-12T16:05:29.479Z] (400360ms) POLL_RAW {"success":true,"status":"OK","command":"POLL","info":{}}
#1385 [2026-09-12T16:05:29.640Z] (400520ms) POLL_RAW {"success":true,"status":"OK","command":"POLL","info":{}}
#1386 [2026-09-12T16:05:29.800Z] (400681ms) POLL_RAW {"success":true,"status":"OK","command":"POLL","info":{}}
#1387 [2026-09-12T16:05:29.960Z] (400840ms) POLL_RAW {"success":true,"status":"OK","command":"POLL","info":{}}
#1388 [2026-09-12T16:05:30.120Z] (401001ms) POLL_RAW {"success":true,"status":"OK","command":"POLL","info":{}}
#1389 [2026-09-12T16:05:30.279Z] (401160ms) POLL_RAW {"success":true,"status":"OK","command":"POLL","info":{}}
#1390 [2026-09-12T16:05:30.439Z] (401320ms) POLL_RAW {"success":true,"status":"OK","command":"POLL","info":{}}
#1391 [2026-09-12T16:05:30.600Z] (401480ms) POLL_RAW {"success":true,"status":"OK","command":"POLL","info":{}}
#1392 [2026-09-12T16:05:30.760Z] (401640ms) POLL_RAW {"success":true,"status":"OK","command":"POLL","info":{}}
#1393 [2026-09-12T16:05:30.920Z] (401800ms) POLL_RAW {"success":true,"status":"OK","command":"POLL","info":{}}
#1394 [2026-09-12T16:05:31.079Z] (401960ms) POLL_RAW {"success":true,"status":"OK","command":"POLL","info":{}}
#1395 [2026-09-12T16:05:31.239Z] (402120ms) POLL_RAW {"success":true,"status":"OK","command":"POLL","info":{}}
#1396 [2026-09-12T16:05:31.400Z] (402280ms) POLL_RAW {"success":true,"status":"OK","command":"POLL","info":{}}
#1397 [2026-09-12T16:05:31.559Z] (402440ms) POLL_RAW {"success":true,"status":"OK","command":"POLL","info":{}}
#1398 [2026-09-12T16:05:31.720Z] (402600ms) POLL_RAW {"success":true,"status":"OK","command":"POLL","info":{}}
#1399 [2026-09-12T16:05:31.879Z] (402759ms) POLL_RAW {"success":true,"status":"OK","command":"POLL","info":{}}
#1400 [2026-09-12T16:05:32.039Z] (402919ms) POLL_RAW {"success":true,"status":"OK","command":"POLL","info":{}}
#1401 [2026-09-12T16:05:32.199Z] (403080ms) POLL_RAW {"success":true,"status":"OK","command":"POLL","info":{}}
#1402 [2026-09-12T16:05:32.359Z] (403239ms) POLL_RAW {"success":true,"status":"OK","command":"POLL","info":{}}
#1403 [2026-09-12T16:05:32.519Z] (403399ms) POLL_RAW {"success":true,"status":"OK","command":"POLL","info":{}}
#1404 [2026-09-12T16:05:32.679Z] (403559ms) POLL_RAW {"success":true,"status":"OK","command":"POLL","info":{}}
#1405 [2026-09-12T16:05:32.838Z] (403719ms) POLL_RAW {"success":true,"status":"OK","command":"POLL","info":{}}
#1406 [2026-09-12T16:05:32.999Z] (403880ms) POLL_RAW {"success":true,"status":"OK","command":"POLL","info":{}}
#1407 [2026-09-12T16:05:33.159Z] (404039ms) POLL_RAW {"success":true,"status":"OK","command":"POLL","info":{}}
#1408 [2026-09-12T16:05:33.318Z] (404199ms) POLL_RAW {"success":true,"status":"OK","command":"POLL","info":{}}
#1409 [2026-09-12T16:05:33.478Z] (404359ms) POLL_RAW {"success":true,"status":"OK","command":"POLL","info":{}}
#1410 [2026-09-12T16:05:33.846Z] (404727ms) POLL_RAW {"success":true,"status":"OK","command":"POLL","info":{}}
#1411 [2026-09-12T16:05:34.007Z] (404887ms) POLL_RAW {"success":true,"status":"OK","command":"POLL","info":{}}
#1412 [2026-09-12T16:05:34.342Z] (405223ms) POLL_RAW {"success":true,"status":"OK","command":"POLL","info":[{"code":218,"name":"DISPENSING","description":"The device is in the process of paying out a requested value. The value paid at the poll is given in the vent data.","value":[{"value":0,"country_code":"EUR"}]}]}
#1413 [2026-09-12T16:05:34.520Z] (405400ms) POLL_RAW {"success":true,"status":"OK","command":"POLL","info":[{"code":218,"name":"DISPENSING","description":"The device is in the process of paying out a requested value. The value paid at the poll is given in the vent data.","value":[{"value":0,"country_code":"EUR"}]}]}
#1414 [2026-09-12T16:05:34.695Z] (405575ms) POLL_RAW {"success":true,"status":"OK","command":"POLL","info":[{"code":218,"name":"DISPENSING","description":"The device is in the process of paying out a requested value. The value paid at the poll is given in the vent data.","value":[{"value":0,"country_code":"EUR"}]}]}
#1415 [2026-09-12T16:05:34.871Z] (405752ms) POLL_RAW {"success":true,"status":"OK","command":"POLL","info":[{"code":218,"name":"DISPENSING","description":"The device is in the process of paying out a requested value. The value paid at the poll is given in the vent data.","value":[{"value":0,"country_code":"EUR"}]}]}
#1416 [2026-09-12T16:05:35.046Z] (405927ms) POLL_RAW {"success":true,"status":"OK","command":"POLL","info":[{"code":218,"name":"DISPENSING","description":"The device is in the process of paying out a requested value. The value paid at the poll is given in the vent data.","value":[{"value":200,"country_code":"EUR"}]}]}
#1417 [2026-09-12T16:05:35.223Z] (406104ms) POLL_RAW {"success":true,"status":"OK","command":"POLL","info":[{"code":218,"name":"DISPENSING","description":"The device is in the process of paying out a requested value. The value paid at the poll is given in the vent data.","value":[{"value":200,"country_code":"EUR"}]}]}
#1418 [2026-09-12T16:05:35.398Z] (406278ms) POLL_RAW {"success":true,"status":"OK","command":"POLL","info":[{"code":218,"name":"DISPENSING","description":"The device is in the process of paying out a requested value. The value paid at the poll is given in the vent data.","value":[{"value":200,"country_code":"EUR"}]}]}
#1419 [2026-09-12T16:05:35.575Z] (406455ms) POLL_RAW {"success":true,"status":"OK","command":"POLL","info":[{"code":218,"name":"DISPENSING","description":"The device is in the process of paying out a requested value. The value paid at the poll is given in the vent data.","value":[{"value":400,"country_code":"EUR"}]}]}
#1420 [2026-09-12T16:05:35.750Z] (406630ms) POLL_RAW {"success":true,"status":"OK","command":"POLL","info":[{"code":218,"name":"DISPENSING","description":"The device is in the process of paying out a requested value. The value paid at the poll is given in the vent data.","value":[{"value":600,"country_code":"EUR"}]}]}
#1421 [2026-09-12T16:05:35.926Z] (406807ms) POLL_RAW {"success":true,"status":"OK","command":"POLL","info":[{"code":218,"name":"DISPENSING","description":"The device is in the process of paying out a requested value. The value paid at the poll is given in the vent data.","value":[{"value":600,"country_code":"EUR"}]}]}
#1422 [2026-09-12T16:05:36.102Z] (406982ms) POLL_RAW {"success":true,"status":"OK","command":"POLL","info":[{"code":218,"name":"DISPENSING","description":"The device is in the process of paying out a requested value. The value paid at the poll is given in the vent data.","value":[{"value":600,"country_code":"EUR"}]}]}
#1423 [2026-09-12T16:05:36.279Z] (407159ms) POLL_RAW {"success":true,"status":"OK","command":"POLL","info":[{"code":218,"name":"DISPENSING","description":"The device is in the process of paying out a requested value. The value paid at the poll is given in the vent data.","value":[{"value":800,"country_code":"EUR"}]},{"code":210,"name":"DISPENSED","description":"The device has completed its pay-out request.","amount":800,"currency":"EUR"}]}
#1424 [2026-09-12T16:05:36.439Z] (407320ms) POLL_RAW {"success":true,"status":"OK","command":"POLL","info":{}}
#1425 [2026-09-12T16:05:36.599Z] (407479ms) POLL_RAW {"success":true,"status":"OK","command":"POLL","info":{}}
#1426 [2026-09-12T16:05:36.759Z] (407640ms) POLL_RAW {"success":true,"status":"OK","command":"POLL","info":{}}
#1427 [2026-09-12T16:05:36.918Z] (407798ms) POLL_RAW {"success":true,"status":"OK","command":"POLL","info":{}}
#1428 [2026-09-12T16:05:37.077Z] (407958ms) POLL_RAW {"success":true,"status":"OK","command":"POLL","info":{}}
#1429 [2026-09-12T16:05:37.238Z] (408119ms) POLL_RAW {"success":true,"status":"OK","command":"POLL","info":{}}
#1430 [2026-09-12T16:05:37.606Z] (408487ms) POLL_RAW {"success":true,"status":"OK","command":"POLL","info":{}}
#1431 [2026-09-12T16:05:37.766Z] (408647ms) POLL_RAW {"success":true,"status":"OK","command":"POLL","info":{}}
#1432 [2026-09-12T16:05:37.926Z] (408806ms) POLL_RAW {"success":true,"status":"OK","command":"POLL","info":{}}
#1433 [2026-09-12T16:05:38.086Z] (408967ms) POLL_RAW {"success":true,"status":"OK","command":"POLL","info":{}}
#1434 [2026-09-12T16:05:38.246Z] (409127ms) POLL_RAW {"success":true,"status":"OK","command":"POLL","info":{}}
#1435 [2026-09-12T16:05:38.406Z] (409287ms) POLL_RAW {"success":true,"status":"OK","command":"POLL","info":{}}
#1436 [2026-09-12T16:05:38.564Z] (409445ms) POLL_RAW {"success":true,"status":"OK","command":"POLL","info":{}}
#1437 [2026-09-12T16:05:38.725Z] (409606ms) POLL_RAW {"success":true,"status":"OK","command":"POLL","info":{}}
#1438 [2026-09-12T16:05:38.885Z] (409766ms) POLL_RAW {"success":true,"status":"OK","command":"POLL","info":{}}
#1439 [2026-09-12T16:05:39.046Z] (409927ms) POLL_RAW {"success":true,"status":"OK","command":"POLL","info":{}}
#1440 [2026-09-12T16:05:39.205Z] (410086ms) POLL_RAW {"success":true,"status":"OK","command":"POLL","info":{}}
#1441 [2026-09-12T16:05:39.365Z] (410246ms) POLL_RAW {"success":true,"status":"OK","command":"POLL","info":{}}
#1442 [2026-09-12T16:05:39.526Z] (410407ms) POLL_RAW {"success":true,"status":"OK","command":"POLL","info":{}}
#1443 [2026-09-12T16:05:39.685Z] (410566ms) POLL_RAW {"success":true,"status":"OK","command":"POLL","info":{}}
#1444 [2026-09-12T16:05:39.846Z] (410727ms) POLL_RAW {"success":true,"status":"OK","command":"POLL","info":{}}
#1445 [2026-09-12T16:05:40.005Z] (410886ms) POLL_RAW {"success":true,"status":"OK","command":"POLL","info":{}}
#1446 [2026-09-12T16:05:40.165Z] (411046ms) POLL_RAW {"success":true,"status":"OK","command":"POLL","info":{}}
#1447 [2026-09-12T16:05:40.326Z] (411207ms) POLL_RAW {"success":true,"status":"OK","command":"POLL","info":{}}
#1448 [2026-09-12T16:05:40.485Z] (411366ms) POLL_RAW {"success":true,"status":"OK","command":"POLL","info":{}}
#1449 [2026-09-12T16:05:40.646Z] (411526ms) POLL_RAW {"success":true,"status":"OK","command":"POLL","info":{}}
#1450 [2026-09-12T16:05:40.805Z] (411686ms) POLL_RAW {"success":true,"status":"OK","command":"POLL","info":{}}
#1451 [2026-09-12T16:05:40.965Z] (411846ms) POLL_RAW {"success":true,"status":"OK","command":"POLL","info":{}}
#1452 [2026-09-12T16:05:41.125Z] (412006ms) POLL_RAW {"success":true,"status":"OK","command":"POLL","info":{}}
#1453 [2026-09-12T16:05:41.285Z] (412166ms) POLL_RAW {"success":true,"status":"OK","command":"POLL","info":{}}
#1454 [2026-09-12T16:05:41.445Z] (412326ms) POLL_RAW {"success":true,"status":"OK","command":"POLL","info":{}}
#1455 [2026-09-12T16:05:41.604Z] (412485ms) POLL_RAW {"success":true,"status":"OK","command":"POLL","info":{}}
#1456 [2026-09-12T16:05:41.764Z] (412645ms) POLL_RAW {"success":true,"status":"OK","command":"POLL","info":{}}
#1457 [2026-09-12T16:05:41.925Z] (412806ms) POLL_RAW {"success":true,"status":"OK","command":"POLL","info":{}}
#1458 [2026-09-12T16:05:42.085Z] (412966ms) POLL_RAW {"success":true,"status":"OK","command":"POLL","info":{}}
#1459 [2026-09-12T16:05:42.245Z] (413126ms) POLL_RAW {"success":true,"status":"OK","command":"POLL","info":{}}
#1460 [2026-09-12T16:05:42.405Z] (413286ms) POLL_RAW {"success":true,"status":"OK","command":"POLL","info":{}}
#1461 [2026-09-12T16:05:42.565Z] (413446ms) POLL_RAW {"success":true,"status":"OK","command":"POLL","info":{}}
#1462 [2026-09-12T16:05:42.885Z] (413765ms) POLL_RAW {"success":true,"status":"OK","command":"POLL","info":[{"code":232,"name":"DISABLED","description":"The device is not active and unavailable for normal validation functions."}]}
#1463 [2026-09-12T16:05:43.044Z] (413925ms) POLL_RAW {"success":true,"status":"OK","command":"POLL","info":[{"code":232,"name":"DISABLED","description":"The device is not active and unavailable for normal validation functions."}]}
#1464 [2026-09-12T16:06:11.678Z] (442558ms) POLL_RAW {"success":true,"status":"OK","command":"POLL","info":{}}
#1465 [2026-09-12T16:06:11.837Z] (442718ms) POLL_RAW {"success":true,"status":"OK","command":"POLL","info":{}}
#1466 [2026-09-12T16:06:11.997Z] (442878ms) POLL_RAW {"success":true,"status":"OK","command":"POLL","info":{}}
#1467 [2026-09-12T16:06:12.157Z] (443038ms) POLL_RAW {"success":true,"status":"OK","command":"POLL","info":{}}
#1468 [2026-09-12T16:06:12.316Z] (443197ms) POLL_RAW {"success":true,"status":"OK","command":"POLL","info":{}}
#1469 [2026-09-12T16:06:12.477Z] (443358ms) POLL_RAW {"success":true,"status":"OK","command":"POLL","info":{}}
#1470 [2026-09-12T16:06:12.636Z] (443517ms) POLL_RAW {"success":true,"status":"OK","command":"POLL","info":{}}
#1471 [2026-09-12T16:06:12.796Z] (443677ms) POLL_RAW {"success":true,"status":"OK","command":"POLL","info":{}}
#1472 [2026-09-12T16:06:12.957Z] (443838ms) POLL_RAW {"success":true,"status":"OK","command":"POLL","info":{}}
#1473 [2026-09-12T16:06:13.116Z] (443997ms) POLL_RAW {"success":true,"status":"OK","command":"POLL","info":{}}
#1474 [2026-09-12T16:06:13.276Z] (444157ms) POLL_RAW {"success":true,"status":"OK","command":"POLL","info":{}}
#1475 [2026-09-12T16:06:13.437Z] (444318ms) POLL_RAW {"success":true,"status":"OK","command":"POLL","info":{}}
#1476 [2026-09-12T16:06:13.596Z] (444477ms) POLL_RAW {"success":true,"status":"OK","command":"POLL","info":{}}
#1477 [2026-09-12T16:06:13.756Z] (444637ms) POLL_RAW {"success":true,"status":"OK","command":"POLL","info":{}}
#1478 [2026-09-12T16:06:13.916Z] (444797ms) POLL_RAW {"success":true,"status":"OK","command":"POLL","info":[{"code":223,"name":"COIN_CREDIT","description":"A coin has been detected as added to the system via the attached coin mechanism. The value of the coin detected is given in the event data.","value":[{"value":200,"country_code":"EUR"}]}]}
#1479 [2026-09-12T16:06:13.916Z] (444797ms) COIN_CREDIT {"code":223,"name":"COIN_CREDIT","description":"A coin has been detected as added to the system via the attached coin mechanism. The value of the coin detected is given in the event data.","value":[{"value":200,"country_code":"EUR"}]}
#1480 [2026-09-12T16:06:14.079Z] (444960ms) POLL_RAW {"success":true,"status":"OK","command":"POLL","info":{}}
#1481 [2026-09-12T16:06:14.236Z] (445117ms) POLL_RAW {"success":true,"status":"OK","command":"POLL","info":{}}
#1482 [2026-09-12T16:06:14.396Z] (445277ms) POLL_RAW {"success":true,"status":"OK","command":"POLL","info":{}}
#1483 [2026-09-12T16:06:14.556Z] (445437ms) POLL_RAW {"success":true,"status":"OK","command":"POLL","info":{}}
#1484 [2026-09-12T16:06:14.716Z] (445597ms) POLL_RAW {"success":true,"status":"OK","command":"POLL","info":{}}
#1485 [2026-09-12T16:06:14.877Z] (445757ms) POLL_RAW {"success":true,"status":"OK","command":"POLL","info":{}}
#1486 [2026-09-12T16:06:15.036Z] (445917ms) POLL_RAW {"success":true,"status":"OK","command":"POLL","info":{}}
#1487 [2026-09-12T16:06:15.196Z] (446077ms) POLL_RAW {"success":true,"status":"OK","command":"POLL","info":{}}
#1488 [2026-09-12T16:06:15.356Z] (446237ms) POLL_RAW {"success":true,"status":"OK","command":"POLL","info":{}}
#1489 [2026-09-12T16:06:15.515Z] (446396ms) POLL_RAW {"success":true,"status":"OK","command":"POLL","info":{}}
#1490 [2026-09-12T16:06:15.675Z] (446556ms) POLL_RAW {"success":true,"status":"OK","command":"POLL","info":{}}
#1491 [2026-09-12T16:06:15.835Z] (446716ms) POLL_RAW {"success":true,"status":"OK","command":"POLL","info":[{"code":223,"name":"COIN_CREDIT","description":"A coin has been detected as added to the system via the attached coin mechanism. The value of the coin detected is given in the event data.","value":[{"value":200,"country_code":"EUR"}]}]}
#1492 [2026-09-12T16:06:15.835Z] (446716ms) COIN_CREDIT {"code":223,"name":"COIN_CREDIT","description":"A coin has been detected as added to the system via the attached coin mechanism. The value of the coin detected is given in the event data.","value":[{"value":200,"country_code":"EUR"}]}
#1493 [2026-09-12T16:06:15.995Z] (446876ms) POLL_RAW {"success":true,"status":"OK","command":"POLL","info":{}}
#1494 [2026-09-12T16:06:16.155Z] (447036ms) POLL_RAW {"success":true,"status":"OK","command":"POLL","info":{}}
#1495 [2026-09-12T16:06:16.315Z] (447196ms) POLL_RAW {"success":true,"status":"OK","command":"POLL","info":{}}
#1496 [2026-09-12T16:06:16.475Z] (447356ms) POLL_RAW {"success":true,"status":"OK","command":"POLL","info":{}}
#1497 [2026-09-12T16:06:16.635Z] (447516ms) POLL_RAW {"success":true,"status":"OK","command":"POLL","info":{}}
#1498 [2026-09-12T16:06:16.795Z] (447676ms) POLL_RAW {"success":true,"status":"OK","command":"POLL","info":{}}
#1499 [2026-09-12T16:06:16.956Z] (447836ms) POLL_RAW {"success":true,"status":"OK","command":"POLL","info":{}}
#1500 [2026-09-12T16:06:17.115Z] (447996ms) POLL_RAW {"success":true,"status":"OK","command":"POLL","info":{}}
#1501 [2026-09-12T16:06:17.275Z] (448156ms) POLL_RAW {"success":true,"status":"OK","command":"POLL","info":{}}
#1502 [2026-09-12T16:06:17.436Z] (448316ms) POLL_RAW {"success":true,"status":"OK","command":"POLL","info":{}}
#1503 [2026-09-12T16:06:17.595Z] (448476ms) POLL_RAW {"success":true,"status":"OK","command":"POLL","info":{}}
#1504 [2026-09-12T16:06:17.755Z] (448636ms) POLL_RAW {"success":true,"status":"OK","command":"POLL","info":{}}
#1505 [2026-09-12T16:06:17.915Z] (448796ms) POLL_RAW {"success":true,"status":"OK","command":"POLL","info":{}}
#1506 [2026-09-12T16:06:18.075Z] (448956ms) POLL_RAW {"success":true,"status":"OK","command":"POLL","info":{}}
#1507 [2026-09-12T16:06:18.235Z] (449116ms) POLL_RAW {"success":true,"status":"OK","command":"POLL","info":{}}
#1508 [2026-09-12T16:06:18.395Z] (449276ms) POLL_RAW {"success":true,"status":"OK","command":"POLL","info":{}}
#1509 [2026-09-12T16:06:18.554Z] (449435ms) POLL_RAW {"success":true,"status":"OK","command":"POLL","info":{}}
#1510 [2026-09-12T16:06:18.715Z] (449595ms) POLL_RAW {"success":true,"status":"OK","command":"POLL","info":{}}
#1511 [2026-09-12T16:06:18.875Z] (449755ms) POLL_RAW {"success":true,"status":"OK","command":"POLL","info":[{"code":223,"name":"COIN_CREDIT","description":"A coin has been detected as added to the system via the attached coin mechanism. The value of the coin detected is given in the event data.","value":[{"value":200,"country_code":"EUR"}]}]}
#1512 [2026-09-12T16:06:18.875Z] (449755ms) COIN_CREDIT {"code":223,"name":"COIN_CREDIT","description":"A coin has been detected as added to the system via the attached coin mechanism. The value of the coin detected is given in the event data.","value":[{"value":200,"country_code":"EUR"}]}
#1513 [2026-09-12T16:06:19.036Z] (449916ms) POLL_RAW {"success":true,"status":"OK","command":"POLL","info":{}}
#1514 [2026-09-12T16:06:19.194Z] (450075ms) POLL_RAW {"success":true,"status":"OK","command":"POLL","info":{}}
#1515 [2026-09-12T16:06:19.354Z] (450235ms) POLL_RAW {"success":true,"status":"OK","command":"POLL","info":{}}
#1516 [2026-09-12T16:06:19.514Z] (450395ms) POLL_RAW {"success":true,"status":"OK","command":"POLL","info":{}}
#1517 [2026-09-12T16:06:19.674Z] (450555ms) POLL_RAW {"success":true,"status":"OK","command":"POLL","info":{}}
#1518 [2026-09-12T16:06:19.834Z] (450715ms) POLL_RAW {"success":true,"status":"OK","command":"POLL","info":{}}
#1519 [2026-09-12T16:06:19.995Z] (450875ms) POLL_RAW {"success":true,"status":"OK","command":"POLL","info":{}}
#1520 [2026-09-12T16:06:20.155Z] (451035ms) POLL_RAW {"success":true,"status":"OK","command":"POLL","info":{}}
#1521 [2026-09-12T16:06:20.315Z] (451195ms) POLL_RAW {"success":true,"status":"OK","command":"POLL","info":{}}
#1522 [2026-09-12T16:06:20.475Z] (451355ms) POLL_RAW {"success":true,"status":"OK","command":"POLL","info":{}}
#1523 [2026-09-12T16:06:20.634Z] (451515ms) POLL_RAW {"success":true,"status":"OK","command":"POLL","info":{}}
#1524 [2026-09-12T16:06:20.795Z] (451675ms) POLL_RAW {"success":true,"status":"OK","command":"POLL","info":{}}
#1525 [2026-09-12T16:06:20.955Z] (451835ms) POLL_RAW {"success":true,"status":"OK","command":"POLL","info":{}}
#1526 [2026-09-12T16:06:21.115Z] (451995ms) POLL_RAW {"success":true,"status":"OK","command":"POLL","info":[{"code":223,"name":"COIN_CREDIT","description":"A coin has been detected as added to the system via the attached coin mechanism. The value of the coin detected is given in the event data.","value":[{"value":200,"country_code":"EUR"}]}]}
#1527 [2026-09-12T16:06:21.115Z] (451995ms) COIN_CREDIT {"code":223,"name":"COIN_CREDIT","description":"A coin has been detected as added to the system via the attached coin mechanism. The value of the coin detected is given in the event data.","value":[{"value":200,"country_code":"EUR"}]}
#1528 [2026-09-12T16:06:21.275Z] (452155ms) POLL_RAW {"success":true,"status":"OK","command":"POLL","info":{}}
#1529 [2026-09-12T16:06:21.434Z] (452315ms) POLL_RAW {"success":true,"status":"OK","command":"POLL","info":{}}
#1530 [2026-09-12T16:06:21.595Z] (452475ms) POLL_RAW {"success":true,"status":"OK","command":"POLL","info":{}}
#1531 [2026-09-12T16:06:21.754Z] (452634ms) POLL_RAW {"success":true,"status":"OK","command":"POLL","info":{}}
#1532 [2026-09-12T16:06:21.914Z] (452794ms) POLL_RAW {"success":true,"status":"OK","command":"POLL","info":{}}
#1533 [2026-09-12T16:06:22.074Z] (452954ms) POLL_RAW {"success":true,"status":"OK","command":"POLL","info":{}}
#1534 [2026-09-12T16:06:22.234Z] (453114ms) POLL_RAW {"success":true,"status":"OK","command":"POLL","info":{}}
#1535 [2026-09-12T16:06:22.394Z] (453275ms) POLL_RAW {"success":true,"status":"OK","command":"POLL","info":{}}
#1536 [2026-09-12T16:06:22.554Z] (453434ms) POLL_RAW {"success":true,"status":"OK","command":"POLL","info":{}}
#1537 [2026-09-12T16:06:22.715Z] (453595ms) POLL_RAW {"success":true,"status":"OK","command":"POLL","info":{}}
#1538 [2026-09-12T16:06:22.874Z] (453754ms) POLL_RAW {"success":true,"status":"OK","command":"POLL","info":{}}
#1539 [2026-09-12T16:06:23.034Z] (453914ms) POLL_RAW {"success":true,"status":"OK","command":"POLL","info":{}}
#1540 [2026-09-12T16:06:23.194Z] (454074ms) POLL_RAW {"success":true,"status":"OK","command":"POLL","info":{}}
#1541 [2026-09-12T16:06:23.354Z] (454235ms) POLL_RAW {"success":true,"status":"OK","command":"POLL","info":[{"code":223,"name":"COIN_CREDIT","description":"A coin has been detected as added to the system via the attached coin mechanism. The value of the coin detected is given in the event data.","value":[{"value":200,"country_code":"EUR"}]}]}
#1542 [2026-09-12T16:06:23.355Z] (454235ms) COIN_CREDIT {"code":223,"name":"COIN_CREDIT","description":"A coin has been detected as added to the system via the attached coin mechanism. The value of the coin detected is given in the event data.","value":[{"value":200,"country_code":"EUR"}]}
#1543 [2026-09-12T16:06:23.515Z] (454396ms) POLL_RAW {"success":true,"status":"OK","command":"POLL","info":{}}
#1544 [2026-09-12T16:06:23.675Z] (454555ms) POLL_RAW {"success":true,"status":"OK","command":"POLL","info":{}}
#1545 [2026-09-12T16:06:23.834Z] (454715ms) POLL_RAW {"success":true,"status":"OK","command":"POLL","info":{}}
#1546 [2026-09-12T16:06:23.994Z] (454875ms) POLL_RAW {"success":true,"status":"OK","command":"POLL","info":{}}
#1547 [2026-09-12T16:06:24.154Z] (455034ms) POLL_RAW {"success":true,"status":"OK","command":"POLL","info":{}}
#1548 [2026-09-12T16:06:24.314Z] (455195ms) POLL_RAW {"success":true,"status":"OK","command":"POLL","info":{}}
#1549 [2026-09-12T16:06:24.474Z] (455355ms) POLL_RAW {"success":true,"status":"OK","command":"POLL","info":{}}
#1550 [2026-09-12T16:06:24.634Z] (455514ms) POLL_RAW {"success":true,"status":"OK","command":"POLL","info":{}}
#1551 [2026-09-12T16:06:24.794Z] (455675ms) POLL_RAW {"success":true,"status":"OK","command":"POLL","info":[{"code":223,"name":"COIN_CREDIT","description":"A coin has been detected as added to the system via the attached coin mechanism. The value of the coin detected is given in the event data.","value":[{"value":200,"country_code":"EUR"}]}]}
#1552 [2026-09-12T16:06:24.794Z] (455675ms) COIN_CREDIT {"code":223,"name":"COIN_CREDIT","description":"A coin has been detected as added to the system via the attached coin mechanism. The value of the coin detected is given in the event data.","value":[{"value":200,"country_code":"EUR"}]}
#1553 [2026-09-12T16:06:24.955Z] (455836ms) POLL_RAW {"success":true,"status":"OK","command":"POLL","info":{}}
#1554 [2026-09-12T16:06:25.113Z] (455994ms) POLL_RAW {"success":true,"status":"OK","command":"POLL","info":{}}
#1555 [2026-09-12T16:06:25.273Z] (456154ms) POLL_RAW {"success":true,"status":"OK","command":"POLL","info":{}}
#1556 [2026-09-12T16:06:25.433Z] (456313ms) POLL_RAW {"success":true,"status":"OK","command":"POLL","info":{}}
#1557 [2026-09-12T16:06:25.594Z] (456475ms) POLL_RAW {"success":true,"status":"OK","command":"POLL","info":{}}
#1558 [2026-09-12T16:06:25.753Z] (456634ms) POLL_RAW {"success":true,"status":"OK","command":"POLL","info":{}}
#1559 [2026-09-12T16:06:25.914Z] (456795ms) POLL_RAW {"success":true,"status":"OK","command":"POLL","info":{}}
#1560 [2026-09-12T16:06:26.073Z] (456954ms) POLL_RAW {"success":true,"status":"OK","command":"POLL","info":{}}
#1561 [2026-09-12T16:06:26.234Z] (457115ms) POLL_RAW {"success":true,"status":"OK","command":"POLL","info":{}}
#1562 [2026-09-12T16:06:26.393Z] (457274ms) POLL_RAW {"success":true,"status":"OK","command":"POLL","info":{}}
#1563 [2026-09-12T16:06:26.553Z] (457434ms) POLL_RAW {"success":true,"status":"OK","command":"POLL","info":{}}
#1564 [2026-09-12T16:06:26.714Z] (457595ms) POLL_RAW {"success":true,"status":"OK","command":"POLL","info":{}}
#1565 [2026-09-12T16:06:26.872Z] (457753ms) POLL_RAW {"success":true,"status":"OK","command":"POLL","info":{}}
#1566 [2026-09-12T16:06:27.033Z] (457914ms) POLL_RAW {"success":true,"status":"OK","command":"POLL","info":{}}
#1567 [2026-09-12T16:06:27.193Z] (458074ms) POLL_RAW {"success":true,"status":"OK","command":"POLL","info":{}}
#1568 [2026-09-12T16:06:27.353Z] (458234ms) POLL_RAW {"success":true,"status":"OK","command":"POLL","info":{}}
#1569 [2026-09-12T16:06:27.513Z] (458394ms) POLL_RAW {"success":true,"status":"OK","command":"POLL","info":{}}
#1570 [2026-09-12T16:06:27.673Z] (458554ms) POLL_RAW {"success":true,"status":"OK","command":"POLL","info":{}}
#1571 [2026-09-12T16:06:27.833Z] (458714ms) POLL_RAW {"success":true,"status":"OK","command":"POLL","info":{}}
#1572 [2026-09-12T16:06:27.993Z] (458874ms) POLL_RAW {"success":true,"status":"OK","command":"POLL","info":{}}
#1573 [2026-09-12T16:06:28.153Z] (459034ms) POLL_RAW {"success":true,"status":"OK","command":"POLL","info":{}}
#1574 [2026-09-12T16:06:28.312Z] (459193ms) POLL_RAW {"success":true,"status":"OK","command":"POLL","info":{}}
#1575 [2026-09-12T16:06:28.473Z] (459354ms) POLL_RAW {"success":true,"status":"OK","command":"POLL","info":{}}
#1576 [2026-09-12T16:06:28.632Z] (459513ms) POLL_RAW {"success":true,"status":"OK","command":"POLL","info":{}}
#1577 [2026-09-12T16:06:28.793Z] (459674ms) POLL_RAW {"success":true,"status":"OK","command":"POLL","info":{}}
#1578 [2026-09-12T16:06:28.952Z] (459833ms) POLL_RAW {"success":true,"status":"OK","command":"POLL","info":{}}
#1579 [2026-09-12T16:06:29.112Z] (459993ms) POLL_RAW {"success":true,"status":"OK","command":"POLL","info":{}}
#1580 [2026-09-12T16:06:29.272Z] (460153ms) POLL_RAW {"success":true,"status":"OK","command":"POLL","info":{}}
#1581 [2026-09-12T16:06:29.432Z] (460313ms) POLL_RAW {"success":true,"status":"OK","command":"POLL","info":{}}
#1582 [2026-09-12T16:06:29.592Z] (460473ms) POLL_RAW {"success":true,"status":"OK","command":"POLL","info":{}}
#1583 [2026-09-12T16:06:29.752Z] (460633ms) POLL_RAW {"success":true,"status":"OK","command":"POLL","info":{}}
#1584 [2026-09-12T16:06:29.912Z] (460793ms) POLL_RAW {"success":true,"status":"OK","command":"POLL","info":{}}
#1585 [2026-09-12T16:06:30.072Z] (460953ms) POLL_RAW {"success":true,"status":"OK","command":"POLL","info":{}}
#1586 [2026-09-12T16:06:30.232Z] (461113ms) POLL_RAW {"success":true,"status":"OK","command":"POLL","info":{}}
#1587 [2026-09-12T16:06:30.392Z] (461273ms) POLL_RAW {"success":true,"status":"OK","command":"POLL","info":{}}
#1588 [2026-09-12T16:06:30.552Z] (461433ms) POLL_RAW {"success":true,"status":"OK","command":"POLL","info":{}}
#1589 [2026-09-12T16:06:30.711Z] (461592ms) POLL_RAW {"success":true,"status":"OK","command":"POLL","info":{}}
#1590 [2026-09-12T16:06:30.871Z] (461752ms) POLL_RAW {"success":true,"status":"OK","command":"POLL","info":{}}
#1591 [2026-09-12T16:06:31.031Z] (461912ms) POLL_RAW {"success":true,"status":"OK","command":"POLL","info":{}}
#1592 [2026-09-12T16:06:31.191Z] (462072ms) POLL_RAW {"success":true,"status":"OK","command":"POLL","info":{}}
#1593 [2026-09-12T16:06:31.351Z] (462232ms) POLL_RAW {"success":true,"status":"OK","command":"POLL","info":{}}
#1594 [2026-09-12T16:06:31.511Z] (462392ms) POLL_RAW {"success":true,"status":"OK","command":"POLL","info":{}}
#1595 [2026-09-12T16:06:31.671Z] (462552ms) POLL_RAW {"success":true,"status":"OK","command":"POLL","info":{}}
#1596 [2026-09-12T16:06:31.831Z] (462712ms) POLL_RAW {"success":true,"status":"OK","command":"POLL","info":{}}
#1597 [2026-09-12T16:06:31.991Z] (462872ms) POLL_RAW {"success":true,"status":"OK","command":"POLL","info":{}}
#1598 [2026-09-12T16:06:32.151Z] (463032ms) POLL_RAW {"success":true,"status":"OK","command":"POLL","info":{}}
#1599 [2026-09-12T16:06:32.311Z] (463192ms) POLL_RAW {"success":true,"status":"OK","command":"POLL","info":{}}
#1600 [2026-09-12T16:06:32.471Z] (463352ms) POLL_RAW {"success":true,"status":"OK","command":"POLL","info":{}}
#1601 [2026-09-12T16:06:32.632Z] (463512ms) POLL_RAW {"success":true,"status":"OK","command":"POLL","info":{}}
#1602 [2026-09-12T16:06:32.791Z] (463672ms) POLL_RAW {"success":true,"status":"OK","command":"POLL","info":{}}
#1603 [2026-09-12T16:06:32.952Z] (463832ms) POLL_RAW {"success":true,"status":"OK","command":"POLL","info":{}}
#1604 [2026-09-12T16:06:33.111Z] (463992ms) POLL_RAW {"success":true,"status":"OK","command":"POLL","info":{}}
#1605 [2026-09-12T16:06:33.272Z] (464152ms) POLL_RAW {"success":true,"status":"OK","command":"POLL","info":{}}
#1606 [2026-09-12T16:06:33.432Z] (464312ms) POLL_RAW {"success":true,"status":"OK","command":"POLL","info":{}}
#1607 [2026-09-12T16:06:33.592Z] (464473ms) POLL_RAW {"success":true,"status":"OK","command":"POLL","info":{}}
#1608 [2026-09-12T16:06:33.752Z] (464632ms) POLL_RAW {"success":true,"status":"OK","command":"POLL","info":{}}
#1609 [2026-09-12T16:06:33.911Z] (464791ms) POLL_RAW {"success":true,"status":"OK","command":"POLL","info":{}}
#1610 [2026-09-12T16:06:34.071Z] (464951ms) POLL_RAW {"success":true,"status":"OK","command":"POLL","info":{}}
#1611 [2026-09-12T16:06:34.231Z] (465111ms) POLL_RAW {"success":true,"status":"OK","command":"POLL","info":{}}
#1612 [2026-09-12T16:06:34.391Z] (465271ms) POLL_RAW {"success":true,"status":"OK","command":"POLL","info":{}}
#1613 [2026-09-12T16:06:34.550Z] (465431ms) POLL_RAW {"success":true,"status":"OK","command":"POLL","info":{}}
#1614 [2026-09-12T16:06:34.711Z] (465591ms) POLL_RAW {"success":true,"status":"OK","command":"POLL","info":{}}
#1615 [2026-09-12T16:06:34.871Z] (465751ms) POLL_RAW {"success":true,"status":"OK","command":"POLL","info":{}}
#1616 [2026-09-12T16:06:35.031Z] (465911ms) POLL_RAW {"success":true,"status":"OK","command":"POLL","info":{}}
#1617 [2026-09-12T16:06:35.191Z] (466071ms) POLL_RAW {"success":true,"status":"OK","command":"POLL","info":{}}
#1618 [2026-09-12T16:06:35.351Z] (466231ms) POLL_RAW {"success":true,"status":"OK","command":"POLL","info":{}}
#1619 [2026-09-12T16:06:35.511Z] (466391ms) POLL_RAW {"success":true,"status":"OK","command":"POLL","info":{}}
#1620 [2026-09-12T16:06:35.671Z] (466551ms) POLL_RAW {"success":true,"status":"OK","command":"POLL","info":{}}
#1621 [2026-09-12T16:06:35.831Z] (466711ms) POLL_RAW {"success":true,"status":"OK","command":"POLL","info":{}}
#1622 [2026-09-12T16:06:35.991Z] (466871ms) POLL_RAW {"success":true,"status":"OK","command":"POLL","info":{}}
#1623 [2026-09-12T16:06:36.151Z] (467031ms) POLL_RAW {"success":true,"status":"OK","command":"POLL","info":{}}
#1624 [2026-09-12T16:06:36.311Z] (467191ms) POLL_RAW {"success":true,"status":"OK","command":"POLL","info":{}}
#1625 [2026-09-12T16:06:36.471Z] (467351ms) POLL_RAW {"success":true,"status":"OK","command":"POLL","info":{}}
#1626 [2026-09-12T16:06:36.631Z] (467512ms) POLL_RAW {"success":true,"status":"OK","command":"POLL","info":{}}
#1627 [2026-09-12T16:06:36.790Z] (467670ms) POLL_RAW {"success":true,"status":"OK","command":"POLL","info":{}}
#1628 [2026-09-12T16:06:36.950Z] (467830ms) POLL_RAW {"success":true,"status":"OK","command":"POLL","info":{}}
#1629 [2026-09-12T16:06:37.110Z] (467990ms) POLL_RAW {"success":true,"status":"OK","command":"POLL","info":{}}
#1630 [2026-09-12T16:06:37.270Z] (468150ms) POLL_RAW {"success":true,"status":"OK","command":"POLL","info":{}}
#1631 [2026-09-12T16:06:37.430Z] (468310ms) POLL_RAW {"success":true,"status":"OK","command":"POLL","info":{}}
#1632 [2026-09-12T16:06:37.590Z] (468470ms) POLL_RAW {"success":true,"status":"OK","command":"POLL","info":{}}
#1633 [2026-09-12T16:06:37.750Z] (468630ms) POLL_RAW {"success":true,"status":"OK","command":"POLL","info":[{"code":223,"name":"COIN_CREDIT","description":"A coin has been detected as added to the system via the attached coin mechanism. The value of the coin detected is given in the event data.","value":[{"value":200,"country_code":"EUR"}]}]}
#1634 [2026-09-12T16:06:37.750Z] (468630ms) COIN_CREDIT {"code":223,"name":"COIN_CREDIT","description":"A coin has been detected as added to the system via the attached coin mechanism. The value of the coin detected is given in the event data.","value":[{"value":200,"country_code":"EUR"}]}
#1635 [2026-09-12T16:06:37.911Z] (468791ms) POLL_RAW {"success":true,"status":"OK","command":"POLL","info":{}}
#1636 [2026-09-12T16:06:38.070Z] (468950ms) POLL_RAW {"success":true,"status":"OK","command":"POLL","info":{}}
#1637 [2026-09-12T16:06:38.229Z] (469110ms) POLL_RAW {"success":true,"status":"OK","command":"POLL","info":{}}
#1638 [2026-09-12T16:06:38.390Z] (469271ms) POLL_RAW {"success":true,"status":"OK","command":"POLL","info":{}}
#1639 [2026-09-12T16:06:38.550Z] (469431ms) POLL_RAW {"success":true,"status":"OK","command":"POLL","info":{}}
#1640 [2026-09-12T16:06:38.709Z] (469590ms) POLL_RAW {"success":true,"status":"OK","command":"POLL","info":{}}
#1641 [2026-09-12T16:06:38.870Z] (469751ms) POLL_RAW {"success":true,"status":"OK","command":"POLL","info":{}}
#1642 [2026-09-12T16:06:39.030Z] (469911ms) POLL_RAW {"success":true,"status":"OK","command":"POLL","info":{}}
#1643 [2026-09-12T16:06:39.190Z] (470071ms) POLL_RAW {"success":true,"status":"OK","command":"POLL","info":{}}
#1644 [2026-09-12T16:06:39.350Z] (470231ms) POLL_RAW {"success":true,"status":"OK","command":"POLL","info":{}}
#1645 [2026-09-12T16:06:39.511Z] (470392ms) POLL_RAW {"success":true,"status":"OK","command":"POLL","info":{}}
#1646 [2026-09-12T16:06:39.670Z] (470550ms) POLL_RAW {"success":true,"status":"OK","command":"POLL","info":{}}
#1647 [2026-09-12T16:06:39.830Z] (470710ms) POLL_RAW {"success":true,"status":"OK","command":"POLL","info":{}}
#1648 [2026-09-12T16:06:39.990Z] (470870ms) POLL_RAW {"success":true,"status":"OK","command":"POLL","info":{}}
#1649 [2026-09-12T16:06:40.150Z] (471030ms) POLL_RAW {"success":true,"status":"OK","command":"POLL","info":{}}
#1650 [2026-09-12T16:06:40.310Z] (471191ms) POLL_RAW {"success":true,"status":"OK","command":"POLL","info":{}}
#1651 [2026-09-12T16:06:40.469Z] (471350ms) POLL_RAW {"success":true,"status":"OK","command":"POLL","info":{}}
#1652 [2026-09-12T16:06:40.629Z] (471510ms) POLL_RAW {"success":true,"status":"OK","command":"POLL","info":{}}
#1653 [2026-09-12T16:06:40.789Z] (471670ms) POLL_RAW {"success":true,"status":"OK","command":"POLL","info":{}}
#1654 [2026-09-12T16:06:40.949Z] (471830ms) POLL_RAW {"success":true,"status":"OK","command":"POLL","info":{}}
#1655 [2026-09-12T16:06:41.109Z] (471990ms) POLL_RAW {"success":true,"status":"OK","command":"POLL","info":{}}
#1656 [2026-09-12T16:06:41.269Z] (472150ms) POLL_RAW {"success":true,"status":"OK","command":"POLL","info":{}}
#1657 [2026-09-12T16:06:41.428Z] (472309ms) POLL_RAW {"success":true,"status":"OK","command":"POLL","info":{}}
#1658 [2026-09-12T16:06:41.588Z] (472469ms) POLL_RAW {"success":true,"status":"OK","command":"POLL","info":[{"code":223,"name":"COIN_CREDIT","description":"A coin has been detected as added to the system via the attached coin mechanism. The value of the coin detected is given in the event data.","value":[{"value":200,"country_code":"EUR"}]}]}
#1659 [2026-09-12T16:06:41.588Z] (472469ms) COIN_CREDIT {"code":223,"name":"COIN_CREDIT","description":"A coin has been detected as added to the system via the attached coin mechanism. The value of the coin detected is given in the event data.","value":[{"value":200,"country_code":"EUR"}]}
#1660 [2026-09-12T16:06:41.751Z] (472632ms) POLL_RAW {"success":true,"status":"OK","command":"POLL","info":{}}
#1661 [2026-09-12T16:06:41.909Z] (472790ms) POLL_RAW {"success":true,"status":"OK","command":"POLL","info":{}}
#1662 [2026-09-12T16:06:42.069Z] (472950ms) POLL_RAW {"success":true,"status":"OK","command":"POLL","info":{}}
#1663 [2026-09-12T16:06:42.228Z] (473109ms) POLL_RAW {"success":true,"status":"OK","command":"POLL","info":{}}
#1664 [2026-09-12T16:06:42.388Z] (473269ms) POLL_RAW {"success":true,"status":"OK","command":"POLL","info":{}}
#1665 [2026-09-12T16:06:42.549Z] (473430ms) POLL_RAW {"success":true,"status":"OK","command":"POLL","info":{}}
#1666 [2026-09-12T16:06:42.709Z] (473590ms) POLL_RAW {"success":true,"status":"OK","command":"POLL","info":{}}
#1667 [2026-09-12T16:06:42.869Z] (473750ms) POLL_RAW {"success":true,"status":"OK","command":"POLL","info":{}}
#1668 [2026-09-12T16:06:43.029Z] (473910ms) POLL_RAW {"success":true,"status":"OK","command":"POLL","info":{}}
#1669 [2026-09-12T16:06:43.188Z] (474069ms) POLL_RAW {"success":true,"status":"OK","command":"POLL","info":{}}
#1670 [2026-09-12T16:06:43.348Z] (474229ms) POLL_RAW {"success":true,"status":"OK","command":"POLL","info":{}}
#1671 [2026-09-12T16:06:43.509Z] (474390ms) POLL_RAW {"success":true,"status":"OK","command":"POLL","info":{}}
#1672 [2026-09-12T16:06:43.668Z] (474549ms) POLL_RAW {"success":true,"status":"OK","command":"POLL","info":{}}
#1673 [2026-09-12T16:06:43.828Z] (474709ms) POLL_RAW {"success":true,"status":"OK","command":"POLL","info":{}}
#1674 [2026-09-12T16:06:43.988Z] (474869ms) POLL_RAW {"success":true,"status":"OK","command":"POLL","info":{}}
#1675 [2026-09-12T16:06:44.148Z] (475029ms) POLL_RAW {"success":true,"status":"OK","command":"POLL","info":[{"code":223,"name":"COIN_CREDIT","description":"A coin has been detected as added to the system via the attached coin mechanism. The value of the coin detected is given in the event data.","value":[{"value":200,"country_code":"EUR"}]}]}
#1676 [2026-09-12T16:06:44.148Z] (475029ms) COIN_CREDIT {"code":223,"name":"COIN_CREDIT","description":"A coin has been detected as added to the system via the attached coin mechanism. The value of the coin detected is given in the event data.","value":[{"value":200,"country_code":"EUR"}]}
#1677 [2026-09-12T16:06:44.308Z] (475189ms) POLL_RAW {"success":true,"status":"OK","command":"POLL","info":{}}
#1678 [2026-09-12T16:06:44.468Z] (475349ms) POLL_RAW {"success":true,"status":"OK","command":"POLL","info":{}}
#1679 [2026-09-12T16:06:44.628Z] (475509ms) POLL_RAW {"success":true,"status":"OK","command":"POLL","info":{}}
#1680 [2026-09-12T16:06:44.788Z] (475669ms) POLL_RAW {"success":true,"status":"OK","command":"POLL","info":{}}
#1681 [2026-09-12T16:06:44.948Z] (475829ms) POLL_RAW {"success":true,"status":"OK","command":"POLL","info":{}}
#1682 [2026-09-12T16:06:45.108Z] (475989ms) POLL_RAW {"success":true,"status":"OK","command":"POLL","info":{}}
#1683 [2026-09-12T16:06:45.268Z] (476149ms) POLL_RAW {"success":true,"status":"OK","command":"POLL","info":{}}
#1684 [2026-09-12T16:06:45.428Z] (476309ms) POLL_RAW {"success":true,"status":"OK","command":"POLL","info":{}}
#1685 [2026-09-12T16:06:45.588Z] (476469ms) POLL_RAW {"success":true,"status":"OK","command":"POLL","info":{}}
#1686 [2026-09-12T16:06:45.748Z] (476629ms) POLL_RAW {"success":true,"status":"OK","command":"POLL","info":{}}
#1687 [2026-09-12T16:06:45.908Z] (476789ms) POLL_RAW {"success":true,"status":"OK","command":"POLL","info":{}}
#1688 [2026-09-12T16:06:46.068Z] (476949ms) POLL_RAW {"success":true,"status":"OK","command":"POLL","info":{}}
#1689 [2026-09-12T16:06:46.228Z] (477109ms) POLL_RAW {"success":true,"status":"OK","command":"POLL","info":{}}
#1690 [2026-09-12T16:06:46.387Z] (477268ms) POLL_RAW {"success":true,"status":"OK","command":"POLL","info":{}}
#1691 [2026-09-12T16:06:46.547Z] (477428ms) POLL_RAW {"success":true,"status":"OK","command":"POLL","info":{}}
#1692 [2026-09-12T16:06:46.707Z] (477588ms) POLL_RAW {"success":true,"status":"OK","command":"POLL","info":[{"code":223,"name":"COIN_CREDIT","description":"A coin has been detected as added to the system via the attached coin mechanism. The value of the coin detected is given in the event data.","value":[{"value":200,"country_code":"EUR"}]}]}
#1693 [2026-09-12T16:06:46.707Z] (477588ms) COIN_CREDIT {"code":223,"name":"COIN_CREDIT","description":"A coin has been detected as added to the system via the attached coin mechanism. The value of the coin detected is given in the event data.","value":[{"value":200,"country_code":"EUR"}]}
#1694 [2026-09-12T16:06:46.868Z] (477749ms) POLL_RAW {"success":true,"status":"OK","command":"POLL","info":{}}
#1695 [2026-09-12T16:06:47.028Z] (477909ms) POLL_RAW {"success":true,"status":"OK","command":"POLL","info":{}}
#1696 [2026-09-12T16:06:47.187Z] (478068ms) POLL_RAW {"success":true,"status":"OK","command":"POLL","info":{}}
#1697 [2026-09-12T16:06:47.348Z] (478228ms) POLL_RAW {"success":true,"status":"OK","command":"POLL","info":{}}
#1698 [2026-09-12T16:06:47.508Z] (478388ms) POLL_RAW {"success":true,"status":"OK","command":"POLL","info":{}}
#1699 [2026-09-12T16:06:47.668Z] (478549ms) POLL_RAW {"success":true,"status":"OK","command":"POLL","info":{}}
#1700 [2026-09-12T16:06:47.828Z] (478708ms) POLL_RAW {"success":true,"status":"OK","command":"POLL","info":{}}
#1701 [2026-09-12T16:06:47.987Z] (478868ms) POLL_RAW {"success":true,"status":"OK","command":"POLL","info":{}}
#1702 [2026-09-12T16:06:48.148Z] (479028ms) POLL_RAW {"success":true,"status":"OK","command":"POLL","info":{}}
#1703 [2026-09-12T16:06:48.308Z] (479188ms) POLL_RAW {"success":true,"status":"OK","command":"POLL","info":{}}
#1704 [2026-09-12T16:06:48.468Z] (479348ms) POLL_RAW {"success":true,"status":"OK","command":"POLL","info":{}}
#1705 [2026-09-12T16:06:48.628Z] (479509ms) POLL_RAW {"success":true,"status":"OK","command":"POLL","info":{}}
#1706 [2026-09-12T16:06:48.788Z] (479668ms) POLL_RAW {"success":true,"status":"OK","command":"POLL","info":{}}
#1707 [2026-09-12T16:06:48.948Z] (479828ms) POLL_RAW {"success":true,"status":"OK","command":"POLL","info":{}}
#1708 [2026-09-12T16:06:49.108Z] (479988ms) POLL_RAW {"success":true,"status":"OK","command":"POLL","info":{}}
#1709 [2026-09-12T16:06:49.267Z] (480148ms) POLL_RAW {"success":true,"status":"OK","command":"POLL","info":{}}
#1710 [2026-09-12T16:06:49.427Z] (480308ms) POLL_RAW {"success":true,"status":"OK","command":"POLL","info":{}}
#1711 [2026-09-12T16:06:49.587Z] (480467ms) POLL_RAW {"success":true,"status":"OK","command":"POLL","info":{}}
#1712 [2026-09-12T16:06:49.747Z] (480627ms) POLL_RAW {"success":true,"status":"OK","command":"POLL","info":{}}
#1713 [2026-09-12T16:06:49.906Z] (480787ms) POLL_RAW {"success":true,"status":"OK","command":"POLL","info":{}}
#1714 [2026-09-12T16:06:50.067Z] (480948ms) POLL_RAW {"success":true,"status":"OK","command":"POLL","info":{}}
#1715 [2026-09-12T16:06:50.227Z] (481108ms) POLL_RAW {"success":true,"status":"OK","command":"POLL","info":{}}
#1716 [2026-09-12T16:06:50.387Z] (481267ms) POLL_RAW {"success":true,"status":"OK","command":"POLL","info":{}}
#1717 [2026-09-12T16:06:50.547Z] (481427ms) POLL_RAW {"success":true,"status":"OK","command":"POLL","info":{}}
#1718 [2026-09-12T16:06:50.707Z] (481588ms) POLL_RAW {"success":true,"status":"OK","command":"POLL","info":{}}
#1719 [2026-09-12T16:06:50.867Z] (481747ms) POLL_RAW {"success":true,"status":"OK","command":"POLL","info":{}}
#1720 [2026-09-12T16:06:51.028Z] (481909ms) POLL_RAW {"success":true,"status":"OK","command":"POLL","info":{}}
#1721 [2026-09-12T16:06:51.187Z] (482068ms) POLL_RAW {"success":true,"status":"OK","command":"POLL","info":{}}
#1722 [2026-09-12T16:06:51.347Z] (482228ms) POLL_RAW {"success":true,"status":"OK","command":"POLL","info":{}}
#1723 [2026-09-12T16:06:51.507Z] (482388ms) POLL_RAW {"success":true,"status":"OK","command":"POLL","info":{}}
#1724 [2026-09-12T16:06:51.667Z] (482548ms) POLL_RAW {"success":true,"status":"OK","command":"POLL","info":{}}
#1725 [2026-09-12T16:06:51.827Z] (482708ms) POLL_RAW {"success":true,"status":"OK","command":"POLL","info":{}}
#1726 [2026-09-12T16:06:51.987Z] (482868ms) POLL_RAW {"success":true,"status":"OK","command":"POLL","info":{}}
#1727 [2026-09-12T16:06:52.147Z] (483028ms) POLL_RAW {"success":true,"status":"OK","command":"POLL","info":{}}
#1728 [2026-09-12T16:06:52.307Z] (483188ms) POLL_RAW {"success":true,"status":"OK","command":"POLL","info":{}}
#1729 [2026-09-12T16:06:52.466Z] (483347ms) POLL_RAW {"success":true,"status":"OK","command":"POLL","info":{}}
#1730 [2026-09-12T16:06:52.626Z] (483507ms) POLL_RAW {"success":true,"status":"OK","command":"POLL","info":{}}
#1731 [2026-09-12T16:06:52.786Z] (483667ms) POLL_RAW {"success":true,"status":"OK","command":"POLL","info":{}}
#1732 [2026-09-12T16:06:52.945Z] (483826ms) POLL_RAW {"success":true,"status":"OK","command":"POLL","info":{}}
#1733 [2026-09-12T16:06:53.265Z] (484146ms) POLL_RAW {"success":true,"status":"OK","command":"POLL","info":[{"code":232,"name":"DISABLED","description":"The device is not active and unavailable for normal validation functions."}]}
#1734 [2026-09-12T16:06:53.425Z] (484306ms) POLL_RAW {"success":true,"status":"OK","command":"POLL","info":[{"code":232,"name":"DISABLED","description":"The device is not active and unavailable for normal validation functions."}]}
#1735 [2026-09-12T18:45:54.186Z] (10025066ms) POLL_RAW {"success":true,"status":"OK","command":"POLL","info":{}}
#1736 [2026-09-12T18:45:54.345Z] (10025226ms) POLL_RAW {"success":true,"status":"OK","command":"POLL","info":{}}
#1737 [2026-09-12T18:45:54.505Z] (10025386ms) POLL_RAW {"success":true,"status":"OK","command":"POLL","info":{}}
#1738 [2026-09-12T18:45:54.665Z] (10025546ms) POLL_RAW {"success":true,"status":"OK","command":"POLL","info":{}}
#1739 [2026-09-12T18:45:54.825Z] (10025706ms) POLL_RAW {"success":true,"status":"OK","command":"POLL","info":{}}
#1740 [2026-09-12T18:45:54.985Z] (10025866ms) POLL_RAW {"success":true,"status":"OK","command":"POLL","info":{}}
#1741 [2026-09-12T18:45:55.145Z] (10026026ms) POLL_RAW {"success":true,"status":"OK","command":"POLL","info":{}}
#1742 [2026-09-12T18:45:55.305Z] (10026186ms) POLL_RAW {"success":true,"status":"OK","command":"POLL","info":{}}
#1743 [2026-09-12T18:45:55.465Z] (10026346ms) POLL_RAW {"success":true,"status":"OK","command":"POLL","info":{}}
#1744 [2026-09-12T18:45:55.625Z] (10026506ms) POLL_RAW {"success":true,"status":"OK","command":"POLL","info":{}}
#1745 [2026-09-12T18:45:55.785Z] (10026666ms) POLL_RAW {"success":true,"status":"OK","command":"POLL","info":{}}
#1746 [2026-09-12T18:45:55.945Z] (10026826ms) POLL_RAW {"success":true,"status":"OK","command":"POLL","info":{}}
#1747 [2026-09-12T18:45:56.106Z] (10026986ms) POLL_RAW {"success":true,"status":"OK","command":"POLL","info":{}}
#1748 [2026-09-12T18:45:56.265Z] (10027146ms) POLL_RAW {"success":true,"status":"OK","command":"POLL","info":{}}
#1749 [2026-09-12T18:45:56.425Z] (10027306ms) POLL_RAW {"success":true,"status":"OK","command":"POLL","info":{}}
#1750 [2026-09-12T18:45:56.585Z] (10027466ms) POLL_RAW {"success":true,"status":"OK","command":"POLL","info":[{"code":223,"name":"COIN_CREDIT","description":"A coin has been detected as added to the system via the attached coin mechanism. The value of the coin detected is given in the event data.","value":[{"value":200,"country_code":"EUR"}]}]}
#1751 [2026-09-12T18:45:56.586Z] (10027466ms) COIN_CREDIT {"code":223,"name":"COIN_CREDIT","description":"A coin has been detected as added to the system via the attached coin mechanism. The value of the coin detected is given in the event data.","value":[{"value":200,"country_code":"EUR"}]}
#1752 [2026-09-12T18:45:56.748Z] (10027628ms) POLL_RAW {"success":true,"status":"OK","command":"POLL","info":{}}
#1753 [2026-09-12T18:45:56.904Z] (10027785ms) POLL_RAW {"success":true,"status":"OK","command":"POLL","info":{}}
#1754 [2026-09-12T18:45:57.064Z] (10027945ms) POLL_RAW {"success":true,"status":"OK","command":"POLL","info":{}}
#1755 [2026-09-12T18:45:57.224Z] (10028105ms) POLL_RAW {"success":true,"status":"OK","command":"POLL","info":{}}
#1756 [2026-09-12T18:45:57.384Z] (10028265ms) POLL_RAW {"success":true,"status":"OK","command":"POLL","info":{}}
#1757 [2026-09-12T18:45:57.544Z] (10028425ms) POLL_RAW {"success":true,"status":"OK","command":"POLL","info":{}}
#1758 [2026-09-12T18:45:57.705Z] (10028585ms) POLL_RAW {"success":true,"status":"OK","command":"POLL","info":{}}
#1759 [2026-09-12T18:45:57.865Z] (10028745ms) POLL_RAW {"success":true,"status":"OK","command":"POLL","info":{}}
#1760 [2026-09-12T18:45:58.025Z] (10028905ms) POLL_RAW {"success":true,"status":"OK","command":"POLL","info":{}}
#1761 [2026-09-12T18:45:58.185Z] (10029065ms) POLL_RAW {"success":true,"status":"OK","command":"POLL","info":{}}
#1762 [2026-09-12T18:45:58.345Z] (10029225ms) POLL_RAW {"success":true,"status":"OK","command":"POLL","info":{}}
#1763 [2026-09-12T18:45:58.505Z] (10029385ms) POLL_RAW {"success":true,"status":"OK","command":"POLL","info":{}}
#1764 [2026-09-12T18:45:58.666Z] (10029546ms) POLL_RAW {"success":true,"status":"OK","command":"POLL","info":{}}
#1765 [2026-09-12T18:45:58.825Z] (10029705ms) POLL_RAW {"success":true,"status":"OK","command":"POLL","info":{}}
#1766 [2026-09-12T18:45:58.985Z] (10029865ms) POLL_RAW {"success":true,"status":"OK","command":"POLL","info":{}}
#1767 [2026-09-12T18:45:59.145Z] (10030025ms) POLL_RAW {"success":true,"status":"OK","command":"POLL","info":[{"code":223,"name":"COIN_CREDIT","description":"A coin has been detected as added to the system via the attached coin mechanism. The value of the coin detected is given in the event data.","value":[{"value":200,"country_code":"EUR"}]}]}
#1768 [2026-09-12T18:45:59.145Z] (10030025ms) COIN_CREDIT {"code":223,"name":"COIN_CREDIT","description":"A coin has been detected as added to the system via the attached coin mechanism. The value of the coin detected is given in the event data.","value":[{"value":200,"country_code":"EUR"}]}
#1769 [2026-09-12T18:45:59.307Z] (10030188ms) POLL_RAW {"success":true,"status":"OK","command":"POLL","info":{}}
#1770 [2026-09-12T18:45:59.467Z] (10030347ms) POLL_RAW {"success":true,"status":"OK","command":"POLL","info":{}}
#1771 [2026-09-12T18:45:59.624Z] (10030505ms) POLL_RAW {"success":true,"status":"OK","command":"POLL","info":{}}
#1772 [2026-09-12T18:45:59.785Z] (10030665ms) POLL_RAW {"success":true,"status":"OK","command":"POLL","info":{}}
#1773 [2026-09-12T18:45:59.944Z] (10030824ms) POLL_RAW {"success":true,"status":"OK","command":"POLL","info":{}}
#1774 [2026-09-12T18:46:00.104Z] (10030984ms) POLL_RAW {"success":true,"status":"OK","command":"POLL","info":{}}
#1775 [2026-09-12T18:46:00.264Z] (10031144ms) POLL_RAW {"success":true,"status":"OK","command":"POLL","info":{}}
#1776 [2026-09-12T18:46:00.424Z] (10031304ms) POLL_RAW {"success":true,"status":"OK","command":"POLL","info":{}}
#1777 [2026-09-12T18:46:00.584Z] (10031464ms) POLL_RAW {"success":true,"status":"OK","command":"POLL","info":{}}
#1778 [2026-09-12T18:46:00.745Z] (10031625ms) POLL_RAW {"success":true,"status":"OK","command":"POLL","info":{}}
#1779 [2026-09-12T18:46:00.904Z] (10031784ms) POLL_RAW {"success":true,"status":"OK","command":"POLL","info":{}}
#1780 [2026-09-12T18:46:01.064Z] (10031945ms) POLL_RAW {"success":true,"status":"OK","command":"POLL","info":{}}
#1781 [2026-09-12T18:46:01.224Z] (10032104ms) POLL_RAW {"success":true,"status":"OK","command":"POLL","info":{}}
#1782 [2026-09-12T18:46:01.384Z] (10032264ms) POLL_RAW {"success":true,"status":"OK","command":"POLL","info":{}}
#1783 [2026-09-12T18:46:01.544Z] (10032424ms) POLL_RAW {"success":true,"status":"OK","command":"POLL","info":{}}
#1784 [2026-09-12T18:46:01.704Z] (10032584ms) POLL_RAW {"success":true,"status":"OK","command":"POLL","info":{}}
#1785 [2026-09-12T18:46:01.864Z] (10032744ms) POLL_RAW {"success":true,"status":"OK","command":"POLL","info":{}}
#1786 [2026-09-12T18:46:02.023Z] (10032904ms) POLL_RAW {"success":true,"status":"OK","command":"POLL","info":{}}
#1787 [2026-09-12T18:46:02.184Z] (10033065ms) POLL_RAW {"success":true,"status":"OK","command":"POLL","info":{}}
#1788 [2026-09-12T18:46:02.345Z] (10033225ms) POLL_RAW {"success":true,"status":"OK","command":"POLL","info":{}}
#1789 [2026-09-12T18:46:02.504Z] (10033384ms) POLL_RAW {"success":true,"status":"OK","command":"POLL","info":{}}
#1790 [2026-09-12T18:46:02.664Z] (10033545ms) POLL_RAW {"success":true,"status":"OK","command":"POLL","info":{}}
#1791 [2026-09-12T18:46:02.823Z] (10033704ms) POLL_RAW {"success":true,"status":"OK","command":"POLL","info":{}}
#1792 [2026-09-12T18:46:02.983Z] (10033863ms) POLL_RAW {"success":true,"status":"OK","command":"POLL","info":{}}
#1793 [2026-09-12T18:46:03.143Z] (10034024ms) POLL_RAW {"success":true,"status":"OK","command":"POLL","info":{}}
#1794 [2026-09-12T18:46:03.302Z] (10034183ms) POLL_RAW {"success":true,"status":"OK","command":"POLL","info":{}}
#1795 [2026-09-12T18:46:03.463Z] (10034344ms) POLL_RAW {"success":true,"status":"OK","command":"POLL","info":{}}
#1796 [2026-09-12T18:46:03.623Z] (10034503ms) POLL_RAW {"success":true,"status":"OK","command":"POLL","info":{}}
#1797 [2026-09-12T18:46:03.783Z] (10034663ms) POLL_RAW {"success":true,"status":"OK","command":"POLL","info":{}}
#1798 [2026-09-12T18:46:03.943Z] (10034823ms) POLL_RAW {"success":true,"status":"OK","command":"POLL","info":{}}
#1799 [2026-09-12T18:46:04.103Z] (10034983ms) POLL_RAW {"success":true,"status":"OK","command":"POLL","info":{}}
#1800 [2026-09-12T18:46:04.262Z] (10035143ms) POLL_RAW {"success":true,"status":"OK","command":"POLL","info":{}}
#1801 [2026-09-12T18:46:04.423Z] (10035303ms) POLL_RAW {"success":true,"status":"OK","command":"POLL","info":{}}
#1802 [2026-09-12T18:46:04.583Z] (10035464ms) POLL_RAW {"success":true,"status":"OK","command":"POLL","info":{}}
#1803 [2026-09-12T18:46:04.743Z] (10035624ms) POLL_RAW {"success":true,"status":"OK","command":"POLL","info":{}}
#1804 [2026-09-12T18:46:04.903Z] (10035783ms) POLL_RAW {"success":true,"status":"OK","command":"POLL","info":{}}
#1805 [2026-09-12T18:46:05.063Z] (10035944ms) POLL_RAW {"success":true,"status":"OK","command":"POLL","info":{}}
#1806 [2026-09-12T18:46:05.223Z] (10036103ms) POLL_RAW {"success":true,"status":"OK","command":"POLL","info":{}}
#1807 [2026-09-12T18:46:05.383Z] (10036264ms) POLL_RAW {"success":true,"status":"OK","command":"POLL","info":{}}
#1808 [2026-09-12T18:46:05.543Z] (10036424ms) POLL_RAW {"success":true,"status":"OK","command":"POLL","info":{}}
#1809 [2026-09-12T18:46:05.863Z] (10036744ms) POLL_RAW {"success":true,"status":"OK","command":"POLL","info":[{"code":232,"name":"DISABLED","description":"The device is not active and unavailable for normal validation functions."}]}
#1810 [2026-09-12T18:46:06.022Z] (10036903ms) POLL_RAW {"success":true,"status":"OK","command":"POLL","info":[{"code":232,"name":"DISABLED","description":"The device is not active and unavailable for normal validation functions."}]}
#1 [2026-09-13T12:53:25.572Z] (129577ms) POLL_RAW {"success":true,"status":"OK","command":"POLL","info":[{"code":241,"name":"SLAVE_RESET","description":"The device has undergone a power reset."}]}
#2 [2026-09-13T12:53:25.732Z] (129737ms) POLL_RAW {"success":true,"status":"OK","command":"POLL","info":{}}
#3 [2026-09-13T12:53:25.890Z] (129895ms) POLL_RAW {"success":true,"status":"OK","command":"POLL","info":{}}
#4 [2026-09-13T12:53:26.051Z] (130056ms) POLL_RAW {"success":true,"status":"OK","command":"POLL","info":{}}
#5 [2026-09-13T12:53:26.212Z] (130217ms) POLL_RAW {"success":true,"status":"OK","command":"POLL","info":{}}
#6 [2026-09-13T12:53:26.372Z] (130377ms) POLL_RAW {"success":true,"status":"OK","command":"POLL","info":{}}
#7 [2026-09-13T12:53:26.533Z] (130537ms) POLL_RAW {"success":true,"status":"OK","command":"POLL","info":{}}
#8 [2026-09-13T12:53:26.693Z] (130698ms) POLL_RAW {"success":true,"status":"OK","command":"POLL","info":{}}
#9 [2026-09-13T12:53:26.851Z] (130856ms) POLL_RAW {"success":true,"status":"OK","command":"POLL","info":{}}
#10 [2026-09-13T12:53:27.011Z] (131016ms) POLL_RAW {"success":true,"status":"OK","command":"POLL","info":{}}
#11 [2026-09-13T12:53:27.171Z] (131176ms) POLL_RAW {"success":true,"status":"OK","command":"POLL","info":{}}
#12 [2026-09-13T12:53:27.331Z] (131336ms) POLL_RAW {"success":true,"status":"OK","command":"POLL","info":{}}
#13 [2026-09-13T12:53:27.490Z] (131495ms) POLL_RAW {"success":true,"status":"OK","command":"POLL","info":{}}
#14 [2026-09-13T12:53:27.650Z] (131655ms) POLL_RAW {"success":true,"status":"OK","command":"POLL","info":{}}
#15 [2026-09-13T12:53:27.810Z] (131815ms) POLL_RAW {"success":true,"status":"OK","command":"POLL","info":{}}
#16 [2026-09-13T12:53:27.971Z] (131976ms) POLL_RAW {"success":true,"status":"OK","command":"POLL","info":{}}
#17 [2026-09-13T12:53:28.130Z] (132135ms) POLL_RAW {"success":true,"status":"OK","command":"POLL","info":{}}
#18 [2026-09-13T12:53:28.290Z] (132295ms) POLL_RAW {"success":true,"status":"OK","command":"POLL","info":{}}
#19 [2026-09-13T12:53:28.450Z] (132455ms) POLL_RAW {"success":true,"status":"OK","command":"POLL","info":{}}
#20 [2026-09-13T12:53:28.611Z] (132615ms) POLL_RAW {"success":true,"status":"OK","command":"POLL","info":{}}
#21 [2026-09-13T12:53:28.770Z] (132775ms) POLL_RAW {"success":true,"status":"OK","command":"POLL","info":{}}
#22 [2026-09-13T12:53:28.931Z] (132936ms) POLL_RAW {"success":true,"status":"OK","command":"POLL","info":{}}
#23 [2026-09-13T12:53:29.091Z] (133096ms) POLL_RAW {"success":true,"status":"OK","command":"POLL","info":{}}
#24 [2026-09-13T12:53:29.251Z] (133256ms) POLL_RAW {"success":true,"status":"OK","command":"POLL","info":{}}
#25 [2026-09-13T12:53:29.410Z] (133415ms) POLL_RAW {"success":true,"status":"OK","command":"POLL","info":{}}
#26 [2026-09-13T12:53:29.570Z] (133575ms) POLL_RAW {"success":true,"status":"OK","command":"POLL","info":{}}
#27 [2026-09-13T12:53:29.730Z] (133735ms) POLL_RAW {"success":true,"status":"OK","command":"POLL","info":{}}
#28 [2026-09-13T12:53:29.890Z] (133895ms) POLL_RAW {"success":true,"status":"OK","command":"POLL","info":{}}
#29 [2026-09-13T12:53:30.051Z] (134056ms) POLL_RAW {"success":true,"status":"OK","command":"POLL","info":{}}
#30 [2026-09-13T12:53:30.212Z] (134217ms) POLL_RAW {"success":true,"status":"OK","command":"POLL","info":{}}
#31 [2026-09-13T12:53:30.371Z] (134375ms) POLL_RAW {"success":true,"status":"OK","command":"POLL","info":{}}
#32 [2026-09-13T12:53:30.530Z] (134535ms) POLL_RAW {"success":true,"status":"OK","command":"POLL","info":{}}
#33 [2026-09-13T12:53:30.690Z] (134695ms) POLL_RAW {"success":true,"status":"OK","command":"POLL","info":{}}
#34 [2026-09-13T12:53:30.850Z] (134854ms) POLL_RAW {"success":true,"status":"OK","command":"POLL","info":{}}
#35 [2026-09-13T12:53:31.009Z] (135014ms) POLL_RAW {"success":true,"status":"OK","command":"POLL","info":{}}
#36 [2026-09-13T12:53:31.169Z] (135174ms) POLL_RAW {"success":true,"status":"OK","command":"POLL","info":{}}
#37 [2026-09-13T12:53:31.331Z] (135335ms) POLL_RAW {"success":true,"status":"OK","command":"POLL","info":{}}
#38 [2026-09-13T12:53:31.490Z] (135495ms) POLL_RAW {"success":true,"status":"OK","command":"POLL","info":{}}
#39 [2026-09-13T12:53:31.650Z] (135654ms) POLL_RAW {"success":true,"status":"OK","command":"POLL","info":{}}
#40 [2026-09-13T12:53:31.810Z] (135814ms) POLL_RAW {"success":true,"status":"OK","command":"POLL","info":{}}
#41 [2026-09-13T12:53:31.970Z] (135974ms) POLL_RAW {"success":true,"status":"OK","command":"POLL","info":{}}
#42 [2026-09-13T12:53:32.130Z] (136135ms) POLL_RAW {"success":true,"status":"OK","command":"POLL","info":{}}
#43 [2026-09-13T12:53:32.290Z] (136294ms) POLL_RAW {"success":true,"status":"OK","command":"POLL","info":{}}
#44 [2026-09-13T12:53:32.450Z] (136454ms) POLL_RAW {"success":true,"status":"OK","command":"POLL","info":{}}
#45 [2026-09-13T12:53:32.609Z] (136614ms) POLL_RAW {"success":true,"status":"OK","command":"POLL","info":{}}
#46 [2026-09-13T12:53:32.770Z] (136774ms) POLL_RAW {"success":true,"status":"OK","command":"POLL","info":{}}
#47 [2026-09-13T12:53:32.930Z] (136935ms) POLL_RAW {"success":true,"status":"OK","command":"POLL","info":{}}
#48 [2026-09-13T12:53:33.090Z] (137094ms) POLL_RAW {"success":true,"status":"OK","command":"POLL","info":{}}
#49 [2026-09-13T12:53:33.249Z] (137254ms) POLL_RAW {"success":true,"status":"OK","command":"POLL","info":{}}
#50 [2026-09-13T12:53:33.409Z] (137414ms) POLL_RAW {"success":true,"status":"OK","command":"POLL","info":{}}
#51 [2026-09-13T12:53:33.571Z] (137576ms) POLL_RAW {"success":true,"status":"OK","command":"POLL","info":{}}
#52 [2026-09-13T12:53:33.729Z] (137733ms) POLL_RAW {"success":true,"status":"OK","command":"POLL","info":{}}
#53 [2026-09-13T12:53:33.890Z] (137894ms) POLL_RAW {"success":true,"status":"OK","command":"POLL","info":{}}
#54 [2026-09-13T12:53:34.048Z] (138053ms) POLL_RAW {"success":true,"status":"OK","command":"POLL","info":{}}
#55 [2026-09-13T12:53:34.208Z] (138213ms) POLL_RAW {"success":true,"status":"OK","command":"POLL","info":{}}
#56 [2026-09-13T12:53:34.368Z] (138373ms) POLL_RAW {"success":true,"status":"OK","command":"POLL","info":{}}
#57 [2026-09-13T12:53:34.528Z] (138533ms) POLL_RAW {"success":true,"status":"OK","command":"POLL","info":{}}
#58 [2026-09-13T12:53:34.688Z] (138693ms) POLL_RAW {"success":true,"status":"OK","command":"POLL","info":{}}
#59 [2026-09-13T12:53:34.848Z] (138853ms) POLL_RAW {"success":true,"status":"OK","command":"POLL","info":{}}
#60 [2026-09-13T12:53:35.008Z] (139013ms) POLL_RAW {"success":true,"status":"OK","command":"POLL","info":{}}
#61 [2026-09-13T12:53:35.168Z] (139173ms) POLL_RAW {"success":true,"status":"OK","command":"POLL","info":{}}
#62 [2026-09-13T12:53:35.328Z] (139333ms) POLL_RAW {"success":true,"status":"OK","command":"POLL","info":{}}
#63 [2026-09-13T12:53:35.488Z] (139493ms) POLL_RAW {"success":true,"status":"OK","command":"POLL","info":{}}
#64 [2026-09-13T12:53:35.648Z] (139653ms) POLL_RAW {"success":true,"status":"OK","command":"POLL","info":{}}
#65 [2026-09-13T12:53:35.808Z] (139813ms) POLL_RAW {"success":true,"status":"OK","command":"POLL","info":{}}
#66 [2026-09-13T12:53:35.968Z] (139973ms) POLL_RAW {"success":true,"status":"OK","command":"POLL","info":{}}
#67 [2026-09-13T12:53:36.129Z] (140133ms) POLL_RAW {"success":true,"status":"OK","command":"POLL","info":{}}
#68 [2026-09-13T12:53:36.288Z] (140293ms) POLL_RAW {"success":true,"status":"OK","command":"POLL","info":{}}
#69 [2026-09-13T12:53:36.448Z] (140453ms) POLL_RAW {"success":true,"status":"OK","command":"POLL","info":{}}
#70 [2026-09-13T12:53:36.609Z] (140613ms) POLL_RAW {"success":true,"status":"OK","command":"POLL","info":{}}
#71 [2026-09-13T12:53:36.768Z] (140773ms) POLL_RAW {"success":true,"status":"OK","command":"POLL","info":{}}
#72 [2026-09-13T12:53:36.929Z] (140933ms) POLL_RAW {"success":true,"status":"OK","command":"POLL","info":{}}
#73 [2026-09-13T12:53:35.593Z] (141093ms) POLL_RAW {"success":true,"status":"OK","command":"POLL","info":{}}
#74 [2026-09-13T12:53:35.752Z] (141252ms) POLL_RAW {"success":true,"status":"OK","command":"POLL","info":{}}
#75 [2026-09-13T12:53:35.912Z] (141412ms) POLL_RAW {"success":true,"status":"OK","command":"POLL","info":{}}
#76 [2026-09-13T12:53:36.072Z] (141573ms) POLL_RAW {"success":true,"status":"OK","command":"POLL","info":{}}
#77 [2026-09-13T12:53:36.234Z] (141734ms) POLL_RAW {"success":true,"status":"OK","command":"POLL","info":{}}
#78 [2026-09-13T12:53:36.392Z] (141893ms) POLL_RAW {"success":true,"status":"OK","command":"POLL","info":{}}
#79 [2026-09-13T12:53:36.552Z] (142053ms) POLL_RAW {"success":true,"status":"OK","command":"POLL","info":{}}
#80 [2026-09-13T12:53:36.712Z] (142212ms) POLL_RAW {"success":true,"status":"OK","command":"POLL","info":{}}
#81 [2026-09-13T12:53:36.873Z] (142373ms) POLL_RAW {"success":true,"status":"OK","command":"POLL","info":{}}
#82 [2026-09-13T12:53:37.033Z] (142533ms) POLL_RAW {"success":true,"status":"OK","command":"POLL","info":{}}
#83 [2026-09-13T12:53:37.194Z] (142694ms) POLL_RAW {"success":true,"status":"OK","command":"POLL","info":{}}
#84 [2026-09-13T12:53:37.353Z] (142853ms) POLL_RAW {"success":true,"status":"OK","command":"POLL","info":{}}
#85 [2026-09-13T12:53:37.513Z] (143013ms) POLL_RAW {"success":true,"status":"OK","command":"POLL","info":{}}
#86 [2026-09-13T12:53:37.674Z] (143174ms) POLL_RAW {"success":true,"status":"OK","command":"POLL","info":{}}
#87 [2026-09-13T12:53:37.834Z] (143334ms) POLL_RAW {"success":true,"status":"OK","command":"POLL","info":{}}
#88 [2026-09-13T12:53:37.994Z] (143494ms) POLL_RAW {"success":true,"status":"OK","command":"POLL","info":{}}
#89 [2026-09-13T12:53:38.154Z] (143654ms) POLL_RAW {"success":true,"status":"OK","command":"POLL","info":{}}
#90 [2026-09-13T12:53:38.313Z] (143813ms) POLL_RAW {"success":true,"status":"OK","command":"POLL","info":{}}
#91 [2026-09-13T12:53:38.473Z] (143973ms) POLL_RAW {"success":true,"status":"OK","command":"POLL","info":{}}
#92 [2026-09-13T12:53:38.634Z] (144134ms) POLL_RAW {"success":true,"status":"OK","command":"POLL","info":{}}
#93 [2026-09-13T12:53:38.792Z] (144292ms) POLL_RAW {"success":true,"status":"OK","command":"POLL","info":{}}
#94 [2026-09-13T12:53:38.952Z] (144452ms) POLL_RAW {"success":true,"status":"OK","command":"POLL","info":{}}
#95 [2026-09-13T12:53:39.113Z] (144613ms) POLL_RAW {"success":true,"status":"OK","command":"POLL","info":{}}
#96 [2026-09-13T12:53:39.272Z] (144772ms) POLL_RAW {"success":true,"status":"OK","command":"POLL","info":{}}
#97 [2026-09-13T12:53:39.433Z] (144933ms) POLL_RAW {"success":true,"status":"OK","command":"POLL","info":{}}
#98 [2026-09-13T12:53:39.592Z] (145092ms) POLL_RAW {"success":true,"status":"OK","command":"POLL","info":{}}
#99 [2026-09-13T12:53:39.752Z] (145252ms) POLL_RAW {"success":true,"status":"OK","command":"POLL","info":{}}
#100 [2026-09-13T12:53:39.912Z] (145412ms) POLL_RAW {"success":true,"status":"OK","command":"POLL","info":{}}
#101 [2026-09-13T12:53:40.072Z] (145572ms) POLL_RAW {"success":true,"status":"OK","command":"POLL","info":{}}
#102 [2026-09-13T12:53:40.232Z] (145732ms) POLL_RAW {"success":true,"status":"OK","command":"POLL","info":{}}
#103 [2026-09-13T12:53:40.392Z] (145892ms) POLL_RAW {"success":true,"status":"OK","command":"POLL","info":{}}
#104 [2026-09-13T12:53:40.553Z] (146053ms) POLL_RAW {"success":true,"status":"OK","command":"POLL","info":{}}
#105 [2026-09-13T12:53:40.713Z] (146213ms) POLL_RAW {"success":true,"status":"OK","command":"POLL","info":{}}
#106 [2026-09-13T12:53:40.872Z] (146372ms) POLL_RAW {"success":true,"status":"OK","command":"POLL","info":{}}
#107 [2026-09-13T12:53:41.033Z] (146533ms) POLL_RAW {"success":true,"status":"OK","command":"POLL","info":{}}
#108 [2026-09-13T12:53:41.193Z] (146693ms) POLL_RAW {"success":true,"status":"OK","command":"POLL","info":{}}
#109 [2026-09-13T12:53:41.353Z] (146853ms) POLL_RAW {"success":true,"status":"OK","command":"POLL","info":{}}
#110 [2026-09-13T12:53:41.511Z] (147011ms) POLL_RAW {"success":true,"status":"OK","command":"POLL","info":{}}
#111 [2026-09-13T12:53:41.672Z] (147172ms) POLL_RAW {"success":true,"status":"OK","command":"POLL","info":{}}
#112 [2026-09-13T12:53:41.831Z] (147332ms) POLL_RAW {"success":true,"status":"OK","command":"POLL","info":{}}
#113 [2026-09-13T12:53:41.991Z] (147491ms) POLL_RAW {"success":true,"status":"OK","command":"POLL","info":{}}
#114 [2026-09-13T12:53:42.151Z] (147651ms) POLL_RAW {"success":true,"status":"OK","command":"POLL","info":{}}
#115 [2026-09-13T12:53:42.311Z] (147811ms) POLL_RAW {"success":true,"status":"OK","command":"POLL","info":{}}
#116 [2026-09-13T12:53:42.471Z] (147971ms) POLL_RAW {"success":true,"status":"OK","command":"POLL","info":{}}
#117 [2026-09-13T12:53:42.631Z] (148131ms) POLL_RAW {"success":true,"status":"OK","command":"POLL","info":{}}
#118 [2026-09-13T12:53:42.791Z] (148291ms) POLL_RAW {"success":true,"status":"OK","command":"POLL","info":{}}
#119 [2026-09-13T12:53:42.951Z] (148451ms) POLL_RAW {"success":true,"status":"OK","command":"POLL","info":{}}
#120 [2026-09-13T12:53:43.111Z] (148611ms) POLL_RAW {"success":true,"status":"OK","command":"POLL","info":{}}
#121 [2026-09-13T12:53:43.271Z] (148771ms) POLL_RAW {"success":true,"status":"OK","command":"POLL","info":{}}
#122 [2026-09-13T12:53:43.431Z] (148931ms) POLL_RAW {"success":true,"status":"OK","command":"POLL","info":{}}
#123 [2026-09-13T12:53:43.591Z] (149091ms) POLL_RAW {"success":true,"status":"OK","command":"POLL","info":{}}
#124 [2026-09-13T12:53:43.751Z] (149251ms) POLL_RAW {"success":true,"status":"OK","command":"POLL","info":{}}
#125 [2026-09-13T12:53:43.911Z] (149412ms) POLL_RAW {"success":true,"status":"OK","command":"POLL","info":{}}
#126 [2026-09-13T12:53:44.071Z] (149571ms) POLL_RAW {"success":true,"status":"OK","command":"POLL","info":{}}
#127 [2026-09-13T12:53:44.231Z] (149731ms) POLL_RAW {"success":true,"status":"OK","command":"POLL","info":{}}
#128 [2026-09-13T12:53:44.391Z] (149891ms) POLL_RAW {"success":true,"status":"OK","command":"POLL","info":{}}
#129 [2026-09-13T12:53:44.551Z] (150051ms) POLL_RAW {"success":true,"status":"OK","command":"POLL","info":{}}
#130 [2026-09-13T12:53:44.711Z] (150211ms) POLL_RAW {"success":true,"status":"OK","command":"POLL","info":{}}
#131 [2026-09-13T12:53:44.870Z] (150370ms) POLL_RAW {"success":true,"status":"OK","command":"POLL","info":{}}
#132 [2026-09-13T12:53:45.030Z] (150530ms) POLL_RAW {"success":true,"status":"OK","command":"POLL","info":{}}
#133 [2026-09-13T12:53:45.190Z] (150690ms) POLL_RAW {"success":true,"status":"OK","command":"POLL","info":{}}
#134 [2026-09-13T12:53:45.351Z] (150851ms) POLL_RAW {"success":true,"status":"OK","command":"POLL","info":{}}
#135 [2026-09-13T12:53:45.510Z] (151010ms) POLL_RAW {"success":true,"status":"OK","command":"POLL","info":{}}
#136 [2026-09-13T12:53:45.670Z] (151171ms) POLL_RAW {"success":true,"status":"OK","command":"POLL","info":{}}
#137 [2026-09-13T12:53:45.830Z] (151331ms) POLL_RAW {"success":true,"status":"OK","command":"POLL","info":{}}
#138 [2026-09-13T12:53:45.990Z] (151490ms) POLL_RAW {"success":true,"status":"OK","command":"POLL","info":{}}
#139 [2026-09-13T12:53:46.152Z] (151652ms) POLL_RAW {"success":true,"status":"OK","command":"POLL","info":{}}
#140 [2026-09-13T12:53:46.310Z] (151810ms) POLL_RAW {"success":true,"status":"OK","command":"POLL","info":{}}
#141 [2026-09-13T12:53:46.470Z] (151970ms) POLL_RAW {"success":true,"status":"OK","command":"POLL","info":{}}
#142 [2026-09-13T12:53:46.630Z] (152130ms) POLL_RAW {"success":true,"status":"OK","command":"POLL","info":{}}
#143 [2026-09-13T12:53:46.790Z] (152290ms) POLL_RAW {"success":true,"status":"OK","command":"POLL","info":{}}
#144 [2026-09-13T12:53:46.950Z] (152450ms) POLL_RAW {"success":true,"status":"OK","command":"POLL","info":{}}
#145 [2026-09-13T12:53:47.110Z] (152610ms) POLL_RAW {"success":true,"status":"OK","command":"POLL","info":{}}
#146 [2026-09-13T12:53:47.270Z] (152770ms) POLL_RAW {"success":true,"status":"OK","command":"POLL","info":{}}
#147 [2026-09-13T12:53:47.430Z] (152931ms) POLL_RAW {"success":true,"status":"OK","command":"POLL","info":{}}
#148 [2026-09-13T12:53:47.590Z] (153090ms) POLL_RAW {"success":true,"status":"OK","command":"POLL","info":{}}
#149 [2026-09-13T12:53:47.750Z] (153250ms) POLL_RAW {"success":true,"status":"OK","command":"POLL","info":{}}
#150 [2026-09-13T12:53:47.909Z] (153409ms) POLL_RAW {"success":true,"status":"OK","command":"POLL","info":{}}
#151 [2026-09-13T12:53:48.069Z] (153569ms) POLL_RAW {"success":true,"status":"OK","command":"POLL","info":{}}
#152 [2026-09-13T12:53:48.229Z] (153730ms) POLL_RAW {"success":true,"status":"OK","command":"POLL","info":{}}
#153 [2026-09-13T12:53:48.389Z] (153889ms) POLL_RAW {"success":true,"status":"OK","command":"POLL","info":{}}
#154 [2026-09-13T12:53:48.549Z] (154049ms) POLL_RAW {"success":true,"status":"OK","command":"POLL","info":{}}
#155 [2026-09-13T12:53:48.710Z] (154210ms) POLL_RAW {"success":true,"status":"OK","command":"POLL","info":{}}
#156 [2026-09-13T12:53:48.869Z] (154369ms) POLL_RAW {"success":true,"status":"OK","command":"POLL","info":{}}
#157 [2026-09-13T12:53:49.029Z] (154529ms) POLL_RAW {"success":true,"status":"OK","command":"POLL","info":{}}
#158 [2026-09-13T12:53:49.189Z] (154689ms) POLL_RAW {"success":true,"status":"OK","command":"POLL","info":{}}
#159 [2026-09-13T12:53:49.350Z] (154850ms) POLL_RAW {"success":true,"status":"OK","command":"POLL","info":{}}
#160 [2026-09-13T12:53:49.510Z] (155010ms) POLL_RAW {"success":true,"status":"OK","command":"POLL","info":{}}
#161 [2026-09-13T12:53:49.669Z] (155169ms) POLL_RAW {"success":true,"status":"OK","command":"POLL","info":{}}
#162 [2026-09-13T12:53:49.829Z] (155329ms) POLL_RAW {"success":true,"status":"OK","command":"POLL","info":{}}
#163 [2026-09-13T12:53:49.989Z] (155489ms) POLL_RAW {"success":true,"status":"OK","command":"POLL","info":{}}
#164 [2026-09-13T12:53:50.150Z] (155651ms) POLL_RAW {"success":true,"status":"OK","command":"POLL","info":{}}
#165 [2026-09-13T12:53:50.309Z] (155809ms) POLL_RAW {"success":true,"status":"OK","command":"POLL","info":{}}
#166 [2026-09-13T12:53:50.469Z] (155969ms) POLL_RAW {"success":true,"status":"OK","command":"POLL","info":{}}
#167 [2026-09-13T12:53:50.629Z] (156129ms) POLL_RAW {"success":true,"status":"OK","command":"POLL","info":{}}
#168 [2026-09-13T12:53:50.789Z] (156289ms) POLL_RAW {"success":true,"status":"OK","command":"POLL","info":{}}
#169 [2026-09-13T12:53:50.948Z] (156448ms) POLL_RAW {"success":true,"status":"OK","command":"POLL","info":{}}
#170 [2026-09-13T12:53:51.108Z] (156608ms) POLL_RAW {"success":true,"status":"OK","command":"POLL","info":{}}
#171 [2026-09-13T12:53:51.269Z] (156769ms) POLL_RAW {"success":true,"status":"OK","command":"POLL","info":{}}
#172 [2026-09-13T12:53:51.428Z] (156929ms) POLL_RAW {"success":true,"status":"OK","command":"POLL","info":{}}
#173 [2026-09-13T12:53:51.588Z] (157088ms) POLL_RAW {"success":true,"status":"OK","command":"POLL","info":{}}
#174 [2026-09-13T12:53:51.748Z] (157248ms) POLL_RAW {"success":true,"status":"OK","command":"POLL","info":{}}
#175 [2026-09-13T12:53:51.908Z] (157408ms) POLL_RAW {"success":true,"status":"OK","command":"POLL","info":{}}
#176 [2026-09-13T12:53:52.069Z] (157570ms) POLL_RAW {"success":true,"status":"OK","command":"POLL","info":{}}
#177 [2026-09-13T12:53:52.228Z] (157729ms) POLL_RAW {"success":true,"status":"OK","command":"POLL","info":{}}
#178 [2026-09-13T12:53:52.388Z] (157889ms) POLL_RAW {"success":true,"status":"OK","command":"POLL","info":{}}
#179 [2026-09-13T12:53:52.548Z] (158048ms) POLL_RAW {"success":true,"status":"OK","command":"POLL","info":{}}
#180 [2026-09-13T12:53:52.708Z] (158209ms) POLL_RAW {"success":true,"status":"OK","command":"POLL","info":{}}
#181 [2026-09-13T12:53:52.868Z] (158368ms) POLL_RAW {"success":true,"status":"OK","command":"POLL","info":{}}
#182 [2026-09-13T12:53:53.028Z] (158529ms) POLL_RAW {"success":true,"status":"OK","command":"POLL","info":{}}
#183 [2026-09-13T12:53:53.189Z] (158689ms) POLL_RAW {"success":true,"status":"OK","command":"POLL","info":{}}
#184 [2026-09-13T12:53:53.349Z] (158849ms) POLL_RAW {"success":true,"status":"OK","command":"POLL","info":{}}
#185 [2026-09-13T12:53:53.509Z] (159009ms) POLL_RAW {"success":true,"status":"OK","command":"POLL","info":{}}
#186 [2026-09-13T12:53:53.669Z] (159170ms) POLL_RAW {"success":true,"status":"OK","command":"POLL","info":{}}
#187 [2026-09-13T12:53:53.829Z] (159329ms) POLL_RAW {"success":true,"status":"OK","command":"POLL","info":{}}
#188 [2026-09-13T12:53:53.988Z] (159489ms) POLL_RAW {"success":true,"status":"OK","command":"POLL","info":{}}
#189 [2026-09-13T12:53:54.149Z] (159649ms) POLL_RAW {"success":true,"status":"OK","command":"POLL","info":{}}
#190 [2026-09-13T12:53:54.309Z] (159809ms) POLL_RAW {"success":true,"status":"OK","command":"POLL","info":{}}
#191 [2026-09-13T12:53:54.469Z] (159969ms) POLL_RAW {"success":true,"status":"OK","command":"POLL","info":{}}
#192 [2026-09-13T12:53:54.629Z] (160129ms) POLL_RAW {"success":true,"status":"OK","command":"POLL","info":{}}
#193 [2026-09-13T12:53:54.789Z] (160289ms) POLL_RAW {"success":true,"status":"OK","command":"POLL","info":{}}
#194 [2026-09-13T12:53:54.948Z] (160448ms) POLL_RAW {"success":true,"status":"OK","command":"POLL","info":{}}
#195 [2026-09-13T12:53:55.107Z] (160607ms) POLL_RAW {"success":true,"status":"OK","command":"POLL","info":{}}
#196 [2026-09-13T12:53:55.269Z] (160769ms) POLL_RAW {"success":true,"status":"OK","command":"POLL","info":{}}
#197 [2026-09-13T12:53:55.428Z] (160928ms) POLL_RAW {"success":true,"status":"OK","command":"POLL","info":{}}
#198 [2026-09-13T12:53:55.589Z] (161089ms) POLL_RAW {"success":true,"status":"OK","command":"POLL","info":{}}
#199 [2026-09-13T12:53:55.748Z] (161248ms) POLL_RAW {"success":true,"status":"OK","command":"POLL","info":{}}
#200 [2026-09-13T12:53:55.908Z] (161408ms) POLL_RAW {"success":true,"status":"OK","command":"POLL","info":{}}
#201 [2026-09-13T12:53:56.069Z] (161569ms) POLL_RAW {"success":true,"status":"OK","command":"POLL","info":{}}
#202 [2026-09-13T12:53:56.228Z] (161728ms) POLL_RAW {"success":true,"status":"OK","command":"POLL","info":{}}
#203 [2026-09-13T12:53:56.389Z] (161889ms) POLL_RAW {"success":true,"status":"OK","command":"POLL","info":{}}
#204 [2026-09-13T12:53:56.548Z] (162048ms) POLL_RAW {"success":true,"status":"OK","command":"POLL","info":{}}
#205 [2026-09-13T12:53:56.708Z] (162208ms) POLL_RAW {"success":true,"status":"OK","command":"POLL","info":{}}
#206 [2026-09-13T12:53:56.869Z] (162369ms) POLL_RAW {"success":true,"status":"OK","command":"POLL","info":{}}
#207 [2026-09-13T12:53:57.027Z] (162527ms) POLL_RAW {"success":true,"status":"OK","command":"POLL","info":{}}
#208 [2026-09-13T12:53:57.187Z] (162687ms) POLL_RAW {"success":true,"status":"OK","command":"POLL","info":{}}
#209 [2026-09-13T12:53:57.347Z] (162847ms) POLL_RAW {"success":true,"status":"OK","command":"POLL","info":{}}
#210 [2026-09-13T12:53:57.507Z] (163007ms) POLL_RAW {"success":true,"status":"OK","command":"POLL","info":{}}
#211 [2026-09-13T12:53:57.670Z] (163170ms) POLL_RAW {"success":true,"status":"OK","command":"POLL","info":{}}
#212 [2026-09-13T12:53:57.827Z] (163327ms) POLL_RAW {"success":true,"status":"OK","command":"POLL","info":{}}
#213 [2026-09-13T12:53:57.988Z] (163488ms) POLL_RAW {"success":true,"status":"OK","command":"POLL","info":{}}
#214 [2026-09-13T12:53:58.148Z] (163648ms) POLL_RAW {"success":true,"status":"OK","command":"POLL","info":{}}
#215 [2026-09-13T12:53:58.307Z] (163807ms) POLL_RAW {"success":true,"status":"OK","command":"POLL","info":{}}
#216 [2026-09-13T12:53:58.468Z] (163968ms) POLL_RAW {"success":true,"status":"OK","command":"POLL","info":{}}
#217 [2026-09-13T12:53:58.627Z] (164127ms) POLL_RAW {"success":true,"status":"OK","command":"POLL","info":{}}
#218 [2026-09-13T12:53:58.787Z] (164287ms) POLL_RAW {"success":true,"status":"OK","command":"POLL","info":{}}
#219 [2026-09-13T12:53:58.947Z] (164447ms) POLL_RAW {"success":true,"status":"OK","command":"POLL","info":{}}
#220 [2026-09-13T12:53:59.107Z] (164607ms) POLL_RAW {"success":true,"status":"OK","command":"POLL","info":{}}
#221 [2026-09-13T12:53:59.268Z] (164768ms) POLL_RAW {"success":true,"status":"OK","command":"POLL","info":{}}
#222 [2026-09-13T12:53:59.427Z] (164927ms) POLL_RAW {"success":true,"status":"OK","command":"POLL","info":{}}
#223 [2026-09-13T12:53:59.587Z] (165088ms) POLL_RAW {"success":true,"status":"OK","command":"POLL","info":{}}
#224 [2026-09-13T12:53:59.747Z] (165247ms) POLL_RAW {"success":true,"status":"OK","command":"POLL","info":{}}
#225 [2026-09-13T12:53:59.907Z] (165407ms) POLL_RAW {"success":true,"status":"OK","command":"POLL","info":{}}
#226 [2026-09-13T12:54:00.066Z] (165567ms) POLL_RAW {"success":true,"status":"OK","command":"POLL","info":{}}
#227 [2026-09-13T12:54:00.226Z] (165726ms) POLL_RAW {"success":true,"status":"OK","command":"POLL","info":{}}
#228 [2026-09-13T12:54:00.388Z] (165888ms) POLL_RAW {"success":true,"status":"OK","command":"POLL","info":{}}
#229 [2026-09-13T12:54:00.546Z] (166046ms) POLL_RAW {"success":true,"status":"OK","command":"POLL","info":{}}
#230 [2026-09-13T12:54:00.706Z] (166206ms) POLL_RAW {"success":true,"status":"OK","command":"POLL","info":{}}
#231 [2026-09-13T12:54:00.867Z] (166367ms) POLL_RAW {"success":true,"status":"OK","command":"POLL","info":{}}
#232 [2026-09-13T12:54:01.026Z] (166526ms) POLL_RAW {"success":true,"status":"OK","command":"POLL","info":{}}
#233 [2026-09-13T12:54:01.186Z] (166686ms) POLL_RAW {"success":true,"status":"OK","command":"POLL","info":{}}
#234 [2026-09-13T12:54:01.346Z] (166846ms) POLL_RAW {"success":true,"status":"OK","command":"POLL","info":{}}
#235 [2026-09-13T12:54:01.506Z] (167006ms) POLL_RAW {"success":true,"status":"OK","command":"POLL","info":{}}
#236 [2026-09-13T12:54:01.666Z] (167166ms) POLL_RAW {"success":true,"status":"OK","command":"POLL","info":{}}
#237 [2026-09-13T12:54:01.826Z] (167326ms) POLL_RAW {"success":true,"status":"OK","command":"POLL","info":{}}
#238 [2026-09-13T12:54:01.987Z] (167487ms) POLL_RAW {"success":true,"status":"OK","command":"POLL","info":{}}
#239 [2026-09-13T12:54:02.146Z] (167647ms) POLL_RAW {"success":true,"status":"OK","command":"POLL","info":{}}
#240 [2026-09-13T12:54:02.306Z] (167807ms) POLL_RAW {"success":true,"status":"OK","command":"POLL","info":{}}
#241 [2026-09-13T12:54:02.467Z] (167967ms) POLL_RAW {"success":true,"status":"OK","command":"POLL","info":{}}
#242 [2026-09-13T12:54:02.627Z] (168127ms) POLL_RAW {"success":true,"status":"OK","command":"POLL","info":{}}
#243 [2026-09-13T12:54:02.786Z] (168287ms) POLL_RAW {"success":true,"status":"OK","command":"POLL","info":{}}
#244 [2026-09-13T12:54:02.946Z] (168446ms) POLL_RAW {"success":true,"status":"OK","command":"POLL","info":{}}
#245 [2026-09-13T12:54:03.109Z] (168609ms) POLL_RAW {"success":true,"status":"OK","command":"POLL","info":{}}
#246 [2026-09-13T12:54:03.426Z] (168926ms) POLL_RAW {"success":true,"status":"OK","command":"POLL","info":[{"code":232,"name":"DISABLED","description":"The device is not active and unavailable for normal validation functions."}]}
#247 [2026-09-13T12:54:03.586Z] (169086ms) POLL_RAW {"success":true,"status":"OK","command":"POLL","info":[{"code":232,"name":"DISABLED","description":"The device is not active and unavailable for normal validation functions."}]}
#248 [2026-09-13T12:55:02.116Z] (227616ms) POLL_RAW {"success":true,"status":"OK","command":"POLL","info":{}}
#249 [2026-09-13T12:55:02.275Z] (227776ms) POLL_RAW {"success":true,"status":"OK","command":"POLL","info":{}}
#250 [2026-09-13T12:55:02.434Z] (227934ms) POLL_RAW {"success":true,"status":"OK","command":"POLL","info":{}}
#251 [2026-09-13T12:55:02.596Z] (228096ms) POLL_RAW {"success":true,"status":"OK","command":"POLL","info":{}}
#252 [2026-09-13T12:55:02.754Z] (228255ms) POLL_RAW {"success":true,"status":"OK","command":"POLL","info":{}}
#253 [2026-09-13T12:55:02.914Z] (228414ms) POLL_RAW {"success":true,"status":"OK","command":"POLL","info":{}}
#254 [2026-09-13T12:55:03.074Z] (228574ms) POLL_RAW {"success":true,"status":"OK","command":"POLL","info":{}}
#255 [2026-09-13T12:55:03.235Z] (228735ms) POLL_RAW {"success":true,"status":"OK","command":"POLL","info":{}}
#256 [2026-09-13T12:55:03.394Z] (228894ms) POLL_RAW {"success":true,"status":"OK","command":"POLL","info":{}}
#257 [2026-09-13T12:55:03.553Z] (229053ms) POLL_RAW {"success":true,"status":"OK","command":"POLL","info":{}}
#258 [2026-09-13T12:55:03.714Z] (229214ms) POLL_RAW {"success":true,"status":"OK","command":"POLL","info":{}}
#259 [2026-09-13T12:55:03.874Z] (229374ms) POLL_RAW {"success":true,"status":"OK","command":"POLL","info":{}}
#260 [2026-09-13T12:55:04.036Z] (229536ms) POLL_RAW {"success":true,"status":"OK","command":"POLL","info":{}}
#261 [2026-09-13T12:55:04.194Z] (229694ms) POLL_RAW {"success":true,"status":"OK","command":"POLL","info":{}}
#262 [2026-09-13T12:55:04.354Z] (229854ms) POLL_RAW {"success":true,"status":"OK","command":"POLL","info":{}}
#263 [2026-09-13T12:55:04.514Z] (230014ms) POLL_RAW {"success":true,"status":"OK","command":"POLL","info":{}}
#264 [2026-09-13T12:55:04.674Z] (230174ms) POLL_RAW {"success":true,"status":"OK","command":"POLL","info":{}}
#265 [2026-09-13T12:55:04.834Z] (230334ms) POLL_RAW {"success":true,"status":"OK","command":"POLL","info":{}}
#266 [2026-09-13T12:55:04.994Z] (230494ms) POLL_RAW {"success":true,"status":"OK","command":"POLL","info":{}}
#267 [2026-09-13T12:55:05.154Z] (230654ms) POLL_RAW {"success":true,"status":"OK","command":"POLL","info":{}}
#268 [2026-09-13T12:55:05.314Z] (230814ms) POLL_RAW {"success":true,"status":"OK","command":"POLL","info":{}}
#269 [2026-09-13T12:55:05.474Z] (230974ms) POLL_RAW {"success":true,"status":"OK","command":"POLL","info":{}}
#270 [2026-09-13T12:55:05.634Z] (231134ms) POLL_RAW {"success":true,"status":"OK","command":"POLL","info":{}}
#271 [2026-09-13T12:55:05.794Z] (231294ms) POLL_RAW {"success":true,"status":"OK","command":"POLL","info":{}}
#272 [2026-09-13T12:55:05.953Z] (231453ms) POLL_RAW {"success":true,"status":"OK","command":"POLL","info":{}}
#273 [2026-09-13T12:55:06.113Z] (231613ms) POLL_RAW {"success":true,"status":"OK","command":"POLL","info":{}}
#274 [2026-09-13T12:55:06.273Z] (231773ms) POLL_RAW {"success":true,"status":"OK","command":"POLL","info":{}}
#275 [2026-09-13T12:55:06.433Z] (231933ms) POLL_RAW {"success":true,"status":"OK","command":"POLL","info":{}}
#276 [2026-09-13T12:55:06.593Z] (232093ms) POLL_RAW {"success":true,"status":"OK","command":"POLL","info":{}}
#277 [2026-09-13T12:55:06.753Z] (232253ms) POLL_RAW {"success":true,"status":"OK","command":"POLL","info":{}}
#278 [2026-09-13T12:55:06.913Z] (232413ms) POLL_RAW {"success":true,"status":"OK","command":"POLL","info":{}}
#279 [2026-09-13T12:55:07.073Z] (232573ms) POLL_RAW {"success":true,"status":"OK","command":"POLL","info":{}}
#280 [2026-09-13T12:55:07.233Z] (232733ms) POLL_RAW {"success":true,"status":"OK","command":"POLL","info":{}}
#281 [2026-09-13T12:55:07.394Z] (232894ms) POLL_RAW {"success":true,"status":"OK","command":"POLL","info":{}}
#282 [2026-09-13T12:55:07.553Z] (233053ms) POLL_RAW {"success":true,"status":"OK","command":"POLL","info":{}}
#283 [2026-09-13T12:55:07.713Z] (233213ms) POLL_RAW {"success":true,"status":"OK","command":"POLL","info":{}}
#284 [2026-09-13T12:55:07.873Z] (233373ms) POLL_RAW {"success":true,"status":"OK","command":"POLL","info":{}}
#285 [2026-09-13T12:55:08.033Z] (233533ms) POLL_RAW {"success":true,"status":"OK","command":"POLL","info":{}}
#286 [2026-09-13T12:55:08.193Z] (233693ms) POLL_RAW {"success":true,"status":"OK","command":"POLL","info":{}}
#287 [2026-09-13T12:55:08.353Z] (233853ms) POLL_RAW {"success":true,"status":"OK","command":"POLL","info":{}}
#288 [2026-09-13T12:55:08.513Z] (234013ms) POLL_RAW {"success":true,"status":"OK","command":"POLL","info":{}}
#289 [2026-09-13T12:55:08.673Z] (234173ms) POLL_RAW {"success":true,"status":"OK","command":"POLL","info":{}}
#290 [2026-09-13T12:55:08.833Z] (234333ms) POLL_RAW {"success":true,"status":"OK","command":"POLL","info":{}}
#291 [2026-09-13T12:55:08.993Z] (234493ms) POLL_RAW {"success":true,"status":"OK","command":"POLL","info":{}}
#292 [2026-09-13T12:55:09.152Z] (234652ms) POLL_RAW {"success":true,"status":"OK","command":"POLL","info":{}}
#293 [2026-09-13T12:55:09.312Z] (234812ms) POLL_RAW {"success":true,"status":"OK","command":"POLL","info":{}}
#294 [2026-09-13T12:55:09.472Z] (234972ms) POLL_RAW {"success":true,"status":"OK","command":"POLL","info":{}}
#295 [2026-09-13T12:55:09.633Z] (235133ms) POLL_RAW {"success":true,"status":"OK","command":"POLL","info":{}}
#296 [2026-09-13T12:55:09.792Z] (235292ms) POLL_RAW {"success":true,"status":"OK","command":"POLL","info":{}}
#297 [2026-09-13T12:55:09.952Z] (235452ms) POLL_RAW {"success":true,"status":"OK","command":"POLL","info":{}}
#298 [2026-09-13T12:55:10.113Z] (235613ms) POLL_RAW {"success":true,"status":"OK","command":"POLL","info":{}}
#299 [2026-09-13T12:55:10.273Z] (235773ms) POLL_RAW {"success":true,"status":"OK","command":"POLL","info":{}}
#300 [2026-09-13T12:55:10.434Z] (235934ms) POLL_RAW {"success":true,"status":"OK","command":"POLL","info":{}}
#301 [2026-09-13T12:55:10.592Z] (236092ms) POLL_RAW {"success":true,"status":"OK","command":"POLL","info":{}}
#302 [2026-09-13T12:55:10.752Z] (236253ms) POLL_RAW {"success":true,"status":"OK","command":"POLL","info":{}}
#303 [2026-09-13T12:55:10.912Z] (236412ms) POLL_RAW {"success":true,"status":"OK","command":"POLL","info":{}}
#304 [2026-09-13T12:55:11.072Z] (236573ms) POLL_RAW {"success":true,"status":"OK","command":"POLL","info":{}}
#305 [2026-09-13T12:55:11.234Z] (236735ms) POLL_RAW {"success":true,"status":"OK","command":"POLL","info":{}}
#306 [2026-09-13T12:55:11.392Z] (236893ms) POLL_RAW {"success":true,"status":"OK","command":"POLL","info":{}}
#307 [2026-09-13T12:55:11.553Z] (237054ms) POLL_RAW {"success":true,"status":"OK","command":"POLL","info":{}}
#308 [2026-09-13T12:55:11.712Z] (237213ms) POLL_RAW {"success":true,"status":"OK","command":"POLL","info":{}}
#309 [2026-09-13T12:55:11.872Z] (237372ms) POLL_RAW {"success":true,"status":"OK","command":"POLL","info":{}}
#310 [2026-09-13T12:55:12.034Z] (237534ms) POLL_RAW {"success":true,"status":"OK","command":"POLL","info":{}}
#311 [2026-09-13T12:55:12.191Z] (237691ms) POLL_RAW {"success":true,"status":"OK","command":"POLL","info":{}}
#312 [2026-09-13T12:55:12.352Z] (237852ms) POLL_RAW {"success":true,"status":"OK","command":"POLL","info":{}}
#313 [2026-09-13T12:55:12.511Z] (238011ms) POLL_RAW {"success":true,"status":"OK","command":"POLL","info":{}}
#314 [2026-09-13T12:55:12.671Z] (238171ms) POLL_RAW {"success":true,"status":"OK","command":"POLL","info":{}}
#315 [2026-09-13T12:55:12.831Z] (238331ms) POLL_RAW {"success":true,"status":"OK","command":"POLL","info":{}}
#316 [2026-09-13T12:55:12.992Z] (238492ms) POLL_RAW {"success":true,"status":"OK","command":"POLL","info":{}}
#317 [2026-09-13T12:55:13.152Z] (238652ms) POLL_RAW {"success":true,"status":"OK","command":"POLL","info":{}}
#318 [2026-09-13T12:55:13.311Z] (238811ms) POLL_RAW {"success":true,"status":"OK","command":"POLL","info":{}}
#319 [2026-09-13T12:55:13.471Z] (238971ms) POLL_RAW {"success":true,"status":"OK","command":"POLL","info":{}}
#320 [2026-09-13T12:55:13.632Z] (239132ms) POLL_RAW {"success":true,"status":"OK","command":"POLL","info":{}}
#321 [2026-09-13T12:55:14.015Z] (239515ms) POLL_RAW {"success":true,"status":"OK","command":"POLL","info":{}}
#322 [2026-09-13T12:55:14.175Z] (239675ms) POLL_RAW {"success":true,"status":"OK","command":"POLL","info":{}}
#323 [2026-09-13T12:55:14.511Z] (240011ms) POLL_RAW {"success":true,"status":"OK","command":"POLL","info":[{"code":218,"name":"DISPENSING","description":"The device is in the process of paying out a requested value. The value paid at the poll is given in the vent data.","value":[{"value":0,"country_code":"EUR"}]}]}
#324 [2026-09-13T12:55:14.688Z] (240189ms) POLL_RAW {"success":true,"status":"OK","command":"POLL","info":[{"code":218,"name":"DISPENSING","description":"The device is in the process of paying out a requested value. The value paid at the poll is given in the vent data.","value":[{"value":0,"country_code":"EUR"}]}]}
#325 [2026-09-13T12:55:14.863Z] (240363ms) POLL_RAW {"success":true,"status":"OK","command":"POLL","info":[{"code":218,"name":"DISPENSING","description":"The device is in the process of paying out a requested value. The value paid at the poll is given in the vent data.","value":[{"value":0,"country_code":"EUR"}]}]}
#326 [2026-09-13T12:55:15.040Z] (240540ms) POLL_RAW {"success":true,"status":"OK","command":"POLL","info":[{"code":218,"name":"DISPENSING","description":"The device is in the process of paying out a requested value. The value paid at the poll is given in the vent data.","value":[{"value":0,"country_code":"EUR"}]}]}
#327 [2026-09-13T12:55:15.216Z] (240716ms) POLL_RAW {"success":true,"status":"OK","command":"POLL","info":[{"code":218,"name":"DISPENSING","description":"The device is in the process of paying out a requested value. The value paid at the poll is given in the vent data.","value":[{"value":200,"country_code":"EUR"}]}]}
#328 [2026-09-13T12:55:15.392Z] (240892ms) POLL_RAW {"success":true,"status":"OK","command":"POLL","info":[{"code":218,"name":"DISPENSING","description":"The device is in the process of paying out a requested value. The value paid at the poll is given in the vent data.","value":[{"value":400,"country_code":"EUR"}]}]}
#329 [2026-09-13T12:55:15.568Z] (241069ms) POLL_RAW {"success":true,"status":"OK","command":"POLL","info":[{"code":218,"name":"DISPENSING","description":"The device is in the process of paying out a requested value. The value paid at the poll is given in the vent data.","value":[{"value":600,"country_code":"EUR"}]}]}
#330 [2026-09-13T12:55:15.743Z] (241243ms) POLL_RAW {"success":true,"status":"OK","command":"POLL","info":[{"code":218,"name":"DISPENSING","description":"The device is in the process of paying out a requested value. The value paid at the poll is given in the vent data.","value":[{"value":800,"country_code":"EUR"}]},{"code":210,"name":"DISPENSED","description":"The device has completed its pay-out request.","amount":800,"currency":"EUR"}]}
#331 [2026-09-13T12:55:15.902Z] (241402ms) POLL_RAW {"success":true,"status":"OK","command":"POLL","info":{}}
#332 [2026-09-13T12:55:16.062Z] (241563ms) POLL_RAW {"success":true,"status":"OK","command":"POLL","info":{}}
#333 [2026-09-13T12:55:16.222Z] (241723ms) POLL_RAW {"success":true,"status":"OK","command":"POLL","info":{}}
#334 [2026-09-13T12:55:16.382Z] (241883ms) POLL_RAW {"success":true,"status":"OK","command":"POLL","info":{}}
#335 [2026-09-13T12:55:16.542Z] (242043ms) POLL_RAW {"success":true,"status":"OK","command":"POLL","info":{}}
#336 [2026-09-13T12:55:16.703Z] (242204ms) POLL_RAW {"success":true,"status":"OK","command":"POLL","info":{}}
#337 [2026-09-13T12:55:17.086Z] (242587ms) POLL_RAW {"success":true,"status":"OK","command":"POLL","info":{}}
#338 [2026-09-13T12:55:17.246Z] (242747ms) POLL_RAW {"success":true,"status":"OK","command":"POLL","info":{}}
#339 [2026-09-13T12:55:17.406Z] (242906ms) POLL_RAW {"success":true,"status":"OK","command":"POLL","info":{}}
#340 [2026-09-13T12:55:17.567Z] (243067ms) POLL_RAW {"success":true,"status":"OK","command":"POLL","info":{}}
#341 [2026-09-13T12:55:17.726Z] (243226ms) POLL_RAW {"success":true,"status":"OK","command":"POLL","info":{}}
#342 [2026-09-13T12:55:17.887Z] (243388ms) POLL_RAW {"success":true,"status":"OK","command":"POLL","info":{}}
#343 [2026-09-13T12:55:18.046Z] (243547ms) POLL_RAW {"success":true,"status":"OK","command":"POLL","info":{}}
#344 [2026-09-13T12:55:18.206Z] (243707ms) POLL_RAW {"success":true,"status":"OK","command":"POLL","info":{}}
#345 [2026-09-13T12:55:18.366Z] (243867ms) POLL_RAW {"success":true,"status":"OK","command":"POLL","info":{}}
#346 [2026-09-13T12:55:18.525Z] (244026ms) POLL_RAW {"success":true,"status":"OK","command":"POLL","info":{}}
#347 [2026-09-13T12:55:18.686Z] (244186ms) POLL_RAW {"success":true,"status":"OK","command":"POLL","info":{}}
#348 [2026-09-13T12:55:18.845Z] (244346ms) POLL_RAW {"success":true,"status":"OK","command":"POLL","info":{}}
#349 [2026-09-13T12:55:19.006Z] (244506ms) POLL_RAW {"success":true,"status":"OK","command":"POLL","info":{}}
#350 [2026-09-13T12:55:19.165Z] (244666ms) POLL_RAW {"success":true,"status":"OK","command":"POLL","info":{}}
#351 [2026-09-13T12:55:19.326Z] (244827ms) POLL_RAW {"success":true,"status":"OK","command":"POLL","info":{}}
#352 [2026-09-13T12:55:19.487Z] (244987ms) POLL_RAW {"success":true,"status":"OK","command":"POLL","info":{}}
#353 [2026-09-13T12:55:19.647Z] (245147ms) POLL_RAW {"success":true,"status":"OK","command":"POLL","info":{}}
#354 [2026-09-13T12:55:19.807Z] (245307ms) POLL_RAW {"success":true,"status":"OK","command":"POLL","info":{}}
#355 [2026-09-13T12:55:19.967Z] (245467ms) POLL_RAW {"success":true,"status":"OK","command":"POLL","info":{}}
#356 [2026-09-13T12:55:20.127Z] (245627ms) POLL_RAW {"success":true,"status":"OK","command":"POLL","info":{}}
#357 [2026-09-13T12:55:20.287Z] (245787ms) POLL_RAW {"success":true,"status":"OK","command":"POLL","info":{}}
#358 [2026-09-13T12:55:20.447Z] (245947ms) POLL_RAW {"success":true,"status":"OK","command":"POLL","info":{}}
#359 [2026-09-13T12:55:20.607Z] (246107ms) POLL_RAW {"success":true,"status":"OK","command":"POLL","info":{}}
#360 [2026-09-13T12:55:20.766Z] (246266ms) POLL_RAW {"success":true,"status":"OK","command":"POLL","info":{}}
#361 [2026-09-13T12:55:20.925Z] (246425ms) POLL_RAW {"success":true,"status":"OK","command":"POLL","info":{}}
#362 [2026-09-13T12:55:21.086Z] (246586ms) POLL_RAW {"success":true,"status":"OK","command":"POLL","info":{}}
#363 [2026-09-13T12:55:21.245Z] (246746ms) POLL_RAW {"success":true,"status":"OK","command":"POLL","info":{}}
#364 [2026-09-13T12:55:21.406Z] (246906ms) POLL_RAW {"success":true,"status":"OK","command":"POLL","info":{}}
#365 [2026-09-13T12:55:21.564Z] (247065ms) POLL_RAW {"success":true,"status":"OK","command":"POLL","info":{}}
#366 [2026-09-13T12:55:21.725Z] (247226ms) POLL_RAW {"success":true,"status":"OK","command":"POLL","info":{}}
#367 [2026-09-13T12:55:21.884Z] (247385ms) POLL_RAW {"success":true,"status":"OK","command":"POLL","info":{}}
#368 [2026-09-13T12:55:22.044Z] (247545ms) POLL_RAW {"success":true,"status":"OK","command":"POLL","info":{}}
#369 [2026-09-13T12:55:22.204Z] (247705ms) POLL_RAW {"success":true,"status":"OK","command":"POLL","info":{}}
#370 [2026-09-13T12:55:22.524Z] (248024ms) POLL_RAW {"success":true,"status":"OK","command":"POLL","info":[{"code":232,"name":"DISABLED","description":"The device is not active and unavailable for normal validation functions."}]}
#371 [2026-09-13T12:55:22.684Z] (248184ms) POLL_RAW {"success":true,"status":"OK","command":"POLL","info":[{"code":232,"name":"DISABLED","description":"The device is not active and unavailable for normal validation functions."}]}
#372 [2026-09-13T12:55:35.065Z] (260565ms) POLL_RAW {"success":true,"status":"OK","command":"POLL","info":{}}
#373 [2026-09-13T12:55:35.225Z] (260725ms) POLL_RAW {"success":true,"status":"OK","command":"POLL","info":{}}
#374 [2026-09-13T12:55:35.385Z] (260885ms) POLL_RAW {"success":true,"status":"OK","command":"POLL","info":{}}
#375 [2026-09-13T12:55:35.545Z] (261045ms) POLL_RAW {"success":true,"status":"OK","command":"POLL","info":{}}
#376 [2026-09-13T12:55:35.705Z] (261205ms) POLL_RAW {"success":true,"status":"OK","command":"POLL","info":{}}
#377 [2026-09-13T12:55:35.865Z] (261365ms) POLL_RAW {"success":true,"status":"OK","command":"POLL","info":{}}
#378 [2026-09-13T12:55:36.025Z] (261525ms) POLL_RAW {"success":true,"status":"OK","command":"POLL","info":{}}
#379 [2026-09-13T12:55:36.185Z] (261685ms) POLL_RAW {"success":true,"status":"OK","command":"POLL","info":{}}
#380 [2026-09-13T12:55:36.345Z] (261845ms) POLL_RAW {"success":true,"status":"OK","command":"POLL","info":{}}
#381 [2026-09-13T12:55:36.505Z] (262005ms) POLL_RAW {"success":true,"status":"OK","command":"POLL","info":{}}
#382 [2026-09-13T12:55:36.665Z] (262165ms) POLL_RAW {"success":true,"status":"OK","command":"POLL","info":{}}
#383 [2026-09-13T12:55:36.824Z] (262324ms) POLL_RAW {"success":true,"status":"OK","command":"POLL","info":{}}
#384 [2026-09-13T12:55:36.984Z] (262484ms) POLL_RAW {"success":true,"status":"OK","command":"POLL","info":{}}
#385 [2026-09-13T12:55:37.144Z] (262644ms) POLL_RAW {"success":true,"status":"OK","command":"POLL","info":{}}
#386 [2026-09-13T12:55:37.304Z] (262804ms) POLL_RAW {"success":true,"status":"OK","command":"POLL","info":{}}
#387 [2026-09-13T12:55:37.464Z] (262964ms) POLL_RAW {"success":true,"status":"OK","command":"POLL","info":{}}
#388 [2026-09-13T12:55:37.624Z] (263124ms) POLL_RAW {"success":true,"status":"OK","command":"POLL","info":{}}
#389 [2026-09-13T12:55:37.784Z] (263284ms) POLL_RAW {"success":true,"status":"OK","command":"POLL","info":{}}
#390 [2026-09-13T12:55:37.944Z] (263444ms) POLL_RAW {"success":true,"status":"OK","command":"POLL","info":{}}
#391 [2026-09-13T12:55:38.104Z] (263604ms) POLL_RAW {"success":true,"status":"OK","command":"POLL","info":{}}
#392 [2026-09-13T12:55:38.265Z] (263765ms) POLL_RAW {"success":true,"status":"OK","command":"POLL","info":{}}
#393 [2026-09-13T12:55:38.424Z] (263924ms) POLL_RAW {"success":true,"status":"OK","command":"POLL","info":{}}
#394 [2026-09-13T12:55:38.584Z] (264085ms) POLL_RAW {"success":true,"status":"OK","command":"POLL","info":{}}
#395 [2026-09-13T12:55:38.744Z] (264244ms) POLL_RAW {"success":true,"status":"OK","command":"POLL","info":{}}
#396 [2026-09-13T12:55:38.904Z] (264404ms) POLL_RAW {"success":true,"status":"OK","command":"POLL","info":{}}
#397 [2026-09-13T12:55:39.064Z] (264564ms) POLL_RAW {"success":true,"status":"OK","command":"POLL","info":{}}
#398 [2026-09-13T12:55:39.224Z] (264725ms) POLL_RAW {"success":true,"status":"OK","command":"POLL","info":{}}
#399 [2026-09-13T12:55:39.385Z] (264885ms) POLL_RAW {"success":true,"status":"OK","command":"POLL","info":{}}
#400 [2026-09-13T12:55:39.544Z] (265044ms) POLL_RAW {"success":true,"status":"OK","command":"POLL","info":{}}
#401 [2026-09-13T12:55:39.703Z] (265203ms) POLL_RAW {"success":true,"status":"OK","command":"POLL","info":{}}
#402 [2026-09-13T12:55:39.864Z] (265364ms) POLL_RAW {"success":true,"status":"OK","command":"POLL","info":{}}
#403 [2026-09-13T12:55:40.023Z] (265523ms) POLL_RAW {"success":true,"status":"OK","command":"POLL","info":{}}
#404 [2026-09-13T12:55:40.184Z] (265684ms) POLL_RAW {"success":true,"status":"OK","command":"POLL","info":{}}
#405 [2026-09-13T12:55:40.343Z] (265843ms) POLL_RAW {"success":true,"status":"OK","command":"POLL","info":{}}
#406 [2026-09-13T12:55:40.503Z] (266003ms) POLL_RAW {"success":true,"status":"OK","command":"POLL","info":{}}
#407 [2026-09-13T12:55:40.663Z] (266163ms) POLL_RAW {"success":true,"status":"OK","command":"POLL","info":{}}
#408 [2026-09-13T12:55:40.823Z] (266324ms) POLL_RAW {"success":true,"status":"OK","command":"POLL","info":{}}
#409 [2026-09-13T12:55:40.984Z] (266484ms) POLL_RAW {"success":true,"status":"OK","command":"POLL","info":{}}
#410 [2026-09-13T12:55:41.143Z] (266643ms) POLL_RAW {"success":true,"status":"OK","command":"POLL","info":{}}
#411 [2026-09-13T12:55:41.303Z] (266803ms) POLL_RAW {"success":true,"status":"OK","command":"POLL","info":{}}
#412 [2026-09-13T12:55:41.463Z] (266963ms) POLL_RAW {"success":true,"status":"OK","command":"POLL","info":{}}
#413 [2026-09-13T12:55:41.623Z] (267123ms) POLL_RAW {"success":true,"status":"OK","command":"POLL","info":{}}
#414 [2026-09-13T12:55:41.783Z] (267283ms) POLL_RAW {"success":true,"status":"OK","command":"POLL","info":{}}
#415 [2026-09-13T12:55:41.943Z] (267443ms) POLL_RAW {"success":true,"status":"OK","command":"POLL","info":{}}
#416 [2026-09-13T12:55:42.104Z] (267604ms) POLL_RAW {"success":true,"status":"OK","command":"POLL","info":{}}
#417 [2026-09-13T12:55:42.263Z] (267763ms) POLL_RAW {"success":true,"status":"OK","command":"POLL","info":{}}
#418 [2026-09-13T12:55:42.423Z] (267923ms) POLL_RAW {"success":true,"status":"OK","command":"POLL","info":{}}
#419 [2026-09-13T12:55:42.583Z] (268083ms) POLL_RAW {"success":true,"status":"OK","command":"POLL","info":{}}
#420 [2026-09-13T12:55:42.743Z] (268243ms) POLL_RAW {"success":true,"status":"OK","command":"POLL","info":{}}
#421 [2026-09-13T12:55:42.902Z] (268402ms) POLL_RAW {"success":true,"status":"OK","command":"POLL","info":{}}
#422 [2026-09-13T12:55:43.062Z] (268562ms) POLL_RAW {"success":true,"status":"OK","command":"POLL","info":{}}
#423 [2026-09-13T12:55:43.222Z] (268722ms) POLL_RAW {"success":true,"status":"OK","command":"POLL","info":{}}
#424 [2026-09-13T12:55:43.382Z] (268882ms) POLL_RAW {"success":true,"status":"OK","command":"POLL","info":{}}
#425 [2026-09-13T12:55:43.542Z] (269042ms) POLL_RAW {"success":true,"status":"OK","command":"POLL","info":{}}
#426 [2026-09-13T12:55:43.702Z] (269202ms) POLL_RAW {"success":true,"status":"OK","command":"POLL","info":{}}
#427 [2026-09-13T12:55:43.862Z] (269362ms) POLL_RAW {"success":true,"status":"OK","command":"POLL","info":{}}
#428 [2026-09-13T12:55:44.022Z] (269522ms) POLL_RAW {"success":true,"status":"OK","command":"POLL","info":{}}
#429 [2026-09-13T12:55:44.182Z] (269682ms) POLL_RAW {"success":true,"status":"OK","command":"POLL","info":{}}
#430 [2026-09-13T12:55:44.342Z] (269842ms) POLL_RAW {"success":true,"status":"OK","command":"POLL","info":{}}
#431 [2026-09-13T12:55:44.502Z] (270002ms) POLL_RAW {"success":true,"status":"OK","command":"POLL","info":{}}
#432 [2026-09-13T12:55:44.662Z] (270162ms) POLL_RAW {"success":true,"status":"OK","command":"POLL","info":{}}
#433 [2026-09-13T12:55:44.822Z] (270322ms) POLL_RAW {"success":true,"status":"OK","command":"POLL","info":{}}
#434 [2026-09-13T12:55:44.982Z] (270482ms) POLL_RAW {"success":true,"status":"OK","command":"POLL","info":{}}
#435 [2026-09-13T12:55:45.142Z] (270642ms) POLL_RAW {"success":true,"status":"OK","command":"POLL","info":{}}
#436 [2026-09-13T12:55:45.302Z] (270802ms) POLL_RAW {"success":true,"status":"OK","command":"POLL","info":{}}
#437 [2026-09-13T12:55:45.462Z] (270962ms) POLL_RAW {"success":true,"status":"OK","command":"POLL","info":{}}
#438 [2026-09-13T12:55:45.622Z] (271122ms) POLL_RAW {"success":true,"status":"OK","command":"POLL","info":{}}
#439 [2026-09-13T12:55:45.782Z] (271282ms) POLL_RAW {"success":true,"status":"OK","command":"POLL","info":{}}
#440 [2026-09-13T12:55:45.941Z] (271441ms) POLL_RAW {"success":true,"status":"OK","command":"POLL","info":{}}
#441 [2026-09-13T12:55:46.102Z] (271602ms) POLL_RAW {"success":true,"status":"OK","command":"POLL","info":{}}
#442 [2026-09-13T12:55:46.261Z] (271761ms) POLL_RAW {"success":true,"status":"OK","command":"POLL","info":{}}
#443 [2026-09-13T12:55:46.421Z] (271921ms) POLL_RAW {"success":true,"status":"OK","command":"POLL","info":{}}
#444 [2026-09-13T12:55:46.581Z] (272081ms) POLL_RAW {"success":true,"status":"OK","command":"POLL","info":{}}
#445 [2026-09-13T12:55:46.741Z] (272241ms) POLL_RAW {"success":true,"status":"OK","command":"POLL","info":{}}
#446 [2026-09-13T12:55:46.901Z] (272401ms) POLL_RAW {"success":true,"status":"OK","command":"POLL","info":{}}
#447 [2026-09-13T12:55:47.061Z] (272562ms) POLL_RAW {"success":true,"status":"OK","command":"POLL","info":{}}
#448 [2026-09-13T12:55:47.222Z] (272723ms) POLL_RAW {"success":true,"status":"OK","command":"POLL","info":{}}
#449 [2026-09-13T12:55:47.381Z] (272881ms) POLL_RAW {"success":true,"status":"OK","command":"POLL","info":{}}
#450 [2026-09-13T12:55:47.541Z] (273041ms) POLL_RAW {"success":true,"status":"OK","command":"POLL","info":{}}
#451 [2026-09-13T12:55:47.701Z] (273201ms) POLL_RAW {"success":true,"status":"OK","command":"POLL","info":{}}
#452 [2026-09-13T12:55:47.861Z] (273361ms) POLL_RAW {"success":true,"status":"OK","command":"POLL","info":{}}
#453 [2026-09-13T12:55:48.021Z] (273521ms) POLL_RAW {"success":true,"status":"OK","command":"POLL","info":{}}
#454 [2026-09-13T12:55:48.181Z] (273681ms) POLL_RAW {"success":true,"status":"OK","command":"POLL","info":{}}
#455 [2026-09-13T12:55:48.341Z] (273841ms) POLL_RAW {"success":true,"status":"OK","command":"POLL","info":{}}
#456 [2026-09-13T12:55:48.501Z] (274001ms) POLL_RAW {"success":true,"status":"OK","command":"POLL","info":{}}
#457 [2026-09-13T12:55:48.661Z] (274161ms) POLL_RAW {"success":true,"status":"OK","command":"POLL","info":{}}
#458 [2026-09-13T12:55:48.820Z] (274320ms) POLL_RAW {"success":true,"status":"OK","command":"POLL","info":{}}
#459 [2026-09-13T12:55:48.980Z] (274480ms) POLL_RAW {"success":true,"status":"OK","command":"POLL","info":{}}
#460 [2026-09-13T12:55:49.140Z] (274640ms) POLL_RAW {"success":true,"status":"OK","command":"POLL","info":{}}
#461 [2026-09-13T12:55:49.300Z] (274800ms) POLL_RAW {"success":true,"status":"OK","command":"POLL","info":{}}
#462 [2026-09-13T12:55:49.460Z] (274960ms) POLL_RAW {"success":true,"status":"OK","command":"POLL","info":{}}
#463 [2026-09-13T12:55:49.620Z] (275120ms) POLL_RAW {"success":true,"status":"OK","command":"POLL","info":{}}
#464 [2026-09-13T12:55:49.780Z] (275280ms) POLL_RAW {"success":true,"status":"OK","command":"POLL","info":{}}
#465 [2026-09-13T12:55:49.940Z] (275440ms) POLL_RAW {"success":true,"status":"OK","command":"POLL","info":{}}
#466 [2026-09-13T12:55:50.100Z] (275600ms) POLL_RAW {"success":true,"status":"OK","command":"POLL","info":{}}
#467 [2026-09-13T12:55:50.260Z] (275760ms) POLL_RAW {"success":true,"status":"OK","command":"POLL","info":{}}
#468 [2026-09-13T12:55:50.420Z] (275920ms) POLL_RAW {"success":true,"status":"OK","command":"POLL","info":{}}
#469 [2026-09-13T12:55:50.580Z] (276080ms) POLL_RAW {"success":true,"status":"OK","command":"POLL","info":{}}
#470 [2026-09-13T12:55:50.740Z] (276240ms) POLL_RAW {"success":true,"status":"OK","command":"POLL","info":{}}
#471 [2026-09-13T12:55:50.900Z] (276400ms) POLL_RAW {"success":true,"status":"OK","command":"POLL","info":{}}
#472 [2026-09-13T12:55:51.060Z] (276560ms) POLL_RAW {"success":true,"status":"OK","command":"POLL","info":{}}
#473 [2026-09-13T12:55:51.220Z] (276720ms) POLL_RAW {"success":true,"status":"OK","command":"POLL","info":{}}
#474 [2026-09-13T12:55:51.380Z] (276880ms) POLL_RAW {"success":true,"status":"OK","command":"POLL","info":{}}
#475 [2026-09-13T12:55:51.540Z] (277040ms) POLL_RAW {"success":true,"status":"OK","command":"POLL","info":{}}
#476 [2026-09-13T12:55:51.700Z] (277200ms) POLL_RAW {"success":true,"status":"OK","command":"POLL","info":{}}
#477 [2026-09-13T12:55:51.860Z] (277360ms) POLL_RAW {"success":true,"status":"OK","command":"POLL","info":{}}
#478 [2026-09-13T12:55:52.019Z] (277519ms) POLL_RAW {"success":true,"status":"OK","command":"POLL","info":{}}
#479 [2026-09-13T12:55:52.179Z] (277680ms) POLL_RAW {"success":true,"status":"OK","command":"POLL","info":{}}
#480 [2026-09-13T12:55:52.339Z] (277840ms) POLL_RAW {"success":true,"status":"OK","command":"POLL","info":{}}
#481 [2026-09-13T12:55:52.499Z] (277999ms) POLL_RAW {"success":true,"status":"OK","command":"POLL","info":{}}
#482 [2026-09-13T12:55:52.659Z] (278160ms) POLL_RAW {"success":true,"status":"OK","command":"POLL","info":{}}
#483 [2026-09-13T12:55:52.819Z] (278320ms) POLL_RAW {"success":true,"status":"OK","command":"POLL","info":{}}
#484 [2026-09-13T12:55:52.979Z] (278480ms) POLL_RAW {"success":true,"status":"OK","command":"POLL","info":{}}
#485 [2026-09-13T12:55:53.140Z] (278641ms) POLL_RAW {"success":true,"status":"OK","command":"POLL","info":{}}
#486 [2026-09-13T12:55:53.299Z] (278800ms) POLL_RAW {"success":true,"status":"OK","command":"POLL","info":{}}
#487 [2026-09-13T12:55:53.460Z] (278960ms) POLL_RAW {"success":true,"status":"OK","command":"POLL","info":{}}
#488 [2026-09-13T12:55:53.619Z] (279120ms) POLL_RAW {"success":true,"status":"OK","command":"POLL","info":{}}
#489 [2026-09-13T12:55:53.779Z] (279280ms) POLL_RAW {"success":true,"status":"OK","command":"POLL","info":{}}
#490 [2026-09-13T12:55:53.940Z] (279440ms) POLL_RAW {"success":true,"status":"OK","command":"POLL","info":{}}
#491 [2026-09-13T12:55:54.099Z] (279600ms) POLL_RAW {"success":true,"status":"OK","command":"POLL","info":{}}
#492 [2026-09-13T12:55:54.259Z] (279760ms) POLL_RAW {"success":true,"status":"OK","command":"POLL","info":{}}
#493 [2026-09-13T12:55:54.419Z] (279920ms) POLL_RAW {"success":true,"status":"OK","command":"POLL","info":{}}
#494 [2026-09-13T12:55:54.580Z] (280080ms) POLL_RAW {"success":true,"status":"OK","command":"POLL","info":{}}
#495 [2026-09-13T12:55:54.739Z] (280240ms) POLL_RAW {"success":true,"status":"OK","command":"POLL","info":{}}
#496 [2026-09-13T12:55:54.899Z] (280400ms) POLL_RAW {"success":true,"status":"OK","command":"POLL","info":{}}
#497 [2026-09-13T12:55:55.060Z] (280560ms) POLL_RAW {"success":true,"status":"OK","command":"POLL","info":{}}
#498 [2026-09-13T12:55:55.220Z] (280720ms) POLL_RAW {"success":true,"status":"OK","command":"POLL","info":{}}
#499 [2026-09-13T12:55:55.380Z] (280880ms) POLL_RAW {"success":true,"status":"OK","command":"POLL","info":{}}
#500 [2026-09-13T12:55:55.539Z] (281039ms) POLL_RAW {"success":true,"status":"OK","command":"POLL","info":{}}
#501 [2026-09-13T12:55:55.700Z] (281200ms) POLL_RAW {"success":true,"status":"OK","command":"POLL","info":{}}
#502 [2026-09-13T12:55:55.859Z] (281359ms) POLL_RAW {"success":true,"status":"OK","command":"POLL","info":{}}
#503 [2026-09-13T12:55:56.019Z] (281519ms) POLL_RAW {"success":true,"status":"OK","command":"POLL","info":{}}
#504 [2026-09-13T12:55:56.179Z] (281679ms) POLL_RAW {"success":true,"status":"OK","command":"POLL","info":{}}
#505 [2026-09-13T12:55:56.339Z] (281839ms) POLL_RAW {"success":true,"status":"OK","command":"POLL","info":{}}
#506 [2026-09-13T12:55:56.499Z] (281999ms) POLL_RAW {"success":true,"status":"OK","command":"POLL","info":{}}
#507 [2026-09-13T12:55:56.660Z] (282160ms) POLL_RAW {"success":true,"status":"OK","command":"POLL","info":{}}
#508 [2026-09-13T12:55:56.819Z] (282319ms) POLL_RAW {"success":true,"status":"OK","command":"POLL","info":{}}
#509 [2026-09-13T12:55:56.978Z] (282478ms) POLL_RAW {"success":true,"status":"OK","command":"POLL","info":{}}
#510 [2026-09-13T12:55:57.140Z] (282640ms) POLL_RAW {"success":true,"status":"OK","command":"POLL","info":{}}
#511 [2026-09-13T12:55:57.299Z] (282799ms) POLL_RAW {"success":true,"status":"OK","command":"POLL","info":{}}
#512 [2026-09-13T12:55:57.460Z] (282960ms) POLL_RAW {"success":true,"status":"OK","command":"POLL","info":{}}
#513 [2026-09-13T12:55:57.619Z] (283119ms) POLL_RAW {"success":true,"status":"OK","command":"POLL","info":{}}
#514 [2026-09-13T12:55:57.779Z] (283279ms) POLL_RAW {"success":true,"status":"OK","command":"POLL","info":{}}
#515 [2026-09-13T12:55:57.939Z] (283439ms) POLL_RAW {"success":true,"status":"OK","command":"POLL","info":{}}
#516 [2026-09-13T12:55:58.098Z] (283598ms) POLL_RAW {"success":true,"status":"OK","command":"POLL","info":{}}
#517 [2026-09-13T12:55:58.258Z] (283758ms) POLL_RAW {"success":true,"status":"OK","command":"POLL","info":{}}
#518 [2026-09-13T12:55:58.418Z] (283918ms) POLL_RAW {"success":true,"status":"OK","command":"POLL","info":{}}
#519 [2026-09-13T12:55:58.578Z] (284078ms) POLL_RAW {"success":true,"status":"OK","command":"POLL","info":{}}
#520 [2026-09-13T12:55:58.738Z] (284238ms) POLL_RAW {"success":true,"status":"OK","command":"POLL","info":{}}
#521 [2026-09-13T12:55:58.898Z] (284398ms) POLL_RAW {"success":true,"status":"OK","command":"POLL","info":{}}
#522 [2026-09-13T12:55:59.058Z] (284558ms) POLL_RAW {"success":true,"status":"OK","command":"POLL","info":{}}
#523 [2026-09-13T12:55:59.218Z] (284718ms) POLL_RAW {"success":true,"status":"OK","command":"POLL","info":{}}
#524 [2026-09-13T12:55:59.378Z] (284878ms) POLL_RAW {"success":true,"status":"OK","command":"POLL","info":{}}
#525 [2026-09-13T12:55:59.538Z] (285038ms) POLL_RAW {"success":true,"status":"OK","command":"POLL","info":{}}
#526 [2026-09-13T12:55:59.698Z] (285198ms) POLL_RAW {"success":true,"status":"OK","command":"POLL","info":{}}
#527 [2026-09-13T12:55:59.858Z] (285359ms) POLL_RAW {"success":true,"status":"OK","command":"POLL","info":{}}
#528 [2026-09-13T12:56:00.018Z] (285518ms) POLL_RAW {"success":true,"status":"OK","command":"POLL","info":{}}
#529 [2026-09-13T12:56:00.178Z] (285678ms) POLL_RAW {"success":true,"status":"OK","command":"POLL","info":{}}
#530 [2026-09-13T12:56:00.338Z] (285838ms) POLL_RAW {"success":true,"status":"OK","command":"POLL","info":{}}
#531 [2026-09-13T12:56:00.498Z] (285998ms) POLL_RAW {"success":true,"status":"OK","command":"POLL","info":{}}
#532 [2026-09-13T12:56:00.658Z] (286158ms) POLL_RAW {"success":true,"status":"OK","command":"POLL","info":{}}
#533 [2026-09-13T12:56:00.820Z] (286320ms) POLL_RAW {"success":true,"status":"OK","command":"POLL","info":{}}
#534 [2026-09-13T12:56:00.978Z] (286478ms) POLL_RAW {"success":true,"status":"OK","command":"POLL","info":{}}
#535 [2026-09-13T12:56:01.137Z] (286637ms) POLL_RAW {"success":true,"status":"OK","command":"POLL","info":{}}
#536 [2026-09-13T12:56:01.297Z] (286797ms) POLL_RAW {"success":true,"status":"OK","command":"POLL","info":{}}
#537 [2026-09-13T12:56:01.457Z] (286957ms) POLL_RAW {"success":true,"status":"OK","command":"POLL","info":{}}
#538 [2026-09-13T12:56:01.617Z] (287117ms) POLL_RAW {"success":true,"status":"OK","command":"POLL","info":{}}
#539 [2026-09-13T12:56:01.777Z] (287277ms) POLL_RAW {"success":true,"status":"OK","command":"POLL","info":{}}
#540 [2026-09-13T12:56:01.937Z] (287437ms) POLL_RAW {"success":true,"status":"OK","command":"POLL","info":{}}
#541 [2026-09-13T12:56:02.097Z] (287597ms) POLL_RAW {"success":true,"status":"OK","command":"POLL","info":{}}
#542 [2026-09-13T12:56:02.258Z] (287758ms) POLL_RAW {"success":true,"status":"OK","command":"POLL","info":{}}
#543 [2026-09-13T12:56:02.417Z] (287917ms) POLL_RAW {"success":true,"status":"OK","command":"POLL","info":{}}
#544 [2026-09-13T12:56:02.577Z] (288077ms) POLL_RAW {"success":true,"status":"OK","command":"POLL","info":{}}
#545 [2026-09-13T12:56:02.737Z] (288237ms) POLL_RAW {"success":true,"status":"OK","command":"POLL","info":{}}
#546 [2026-09-13T12:56:02.897Z] (288397ms) POLL_RAW {"success":true,"status":"OK","command":"POLL","info":{}}
#547 [2026-09-13T12:56:03.057Z] (288557ms) POLL_RAW {"success":true,"status":"OK","command":"POLL","info":{}}
#548 [2026-09-13T12:56:03.217Z] (288717ms) POLL_RAW {"success":true,"status":"OK","command":"POLL","info":{}}
#549 [2026-09-13T12:56:03.377Z] (288877ms) POLL_RAW {"success":true,"status":"OK","command":"POLL","info":{}}
#550 [2026-09-13T12:56:03.537Z] (289037ms) POLL_RAW {"success":true,"status":"OK","command":"POLL","info":{}}
#551 [2026-09-13T12:56:03.697Z] (289197ms) POLL_RAW {"success":true,"status":"OK","command":"POLL","info":{}}
#552 [2026-09-13T12:56:03.857Z] (289357ms) POLL_RAW {"success":true,"status":"OK","command":"POLL","info":{}}
#553 [2026-09-13T12:56:04.017Z] (289517ms) POLL_RAW {"success":true,"status":"OK","command":"POLL","info":{}}
#554 [2026-09-13T12:56:04.176Z] (289676ms) POLL_RAW {"success":true,"status":"OK","command":"POLL","info":{}}
#555 [2026-09-13T12:56:04.336Z] (289836ms) POLL_RAW {"success":true,"status":"OK","command":"POLL","info":{}}
#556 [2026-09-13T12:56:04.496Z] (289996ms) POLL_RAW {"success":true,"status":"OK","command":"POLL","info":{}}
#557 [2026-09-13T12:56:04.656Z] (290156ms) POLL_RAW {"success":true,"status":"OK","command":"POLL","info":{}}
#558 [2026-09-13T12:56:04.816Z] (290316ms) POLL_RAW {"success":true,"status":"OK","command":"POLL","info":{}}
#559 [2026-09-13T12:56:04.976Z] (290476ms) POLL_RAW {"success":true,"status":"OK","command":"POLL","info":{}}
#560 [2026-09-13T12:56:05.136Z] (290636ms) POLL_RAW {"success":true,"status":"OK","command":"POLL","info":{}}
#561 [2026-09-13T12:56:05.296Z] (290796ms) POLL_RAW {"success":true,"status":"OK","command":"POLL","info":{}}
#562 [2026-09-13T12:56:05.456Z] (290956ms) POLL_RAW {"success":true,"status":"OK","command":"POLL","info":{}}
#563 [2026-09-13T12:56:05.616Z] (291116ms) POLL_RAW {"success":true,"status":"OK","command":"POLL","info":{}}
#564 [2026-09-13T12:56:05.776Z] (291276ms) POLL_RAW {"success":true,"status":"OK","command":"POLL","info":{}}
#565 [2026-09-13T12:56:05.936Z] (291436ms) POLL_RAW {"success":true,"status":"OK","command":"POLL","info":{}}
#566 [2026-09-13T12:56:06.096Z] (291596ms) POLL_RAW {"success":true,"status":"OK","command":"POLL","info":{}}
#567 [2026-09-13T12:56:06.256Z] (291756ms) POLL_RAW {"success":true,"status":"OK","command":"POLL","info":{}}
#568 [2026-09-13T12:56:06.416Z] (291916ms) POLL_RAW {"success":true,"status":"OK","command":"POLL","info":{}}
#569 [2026-09-13T12:56:06.576Z] (292076ms) POLL_RAW {"success":true,"status":"OK","command":"POLL","info":{}}
#570 [2026-09-13T12:56:06.736Z] (292236ms) POLL_RAW {"success":true,"status":"OK","command":"POLL","info":{}}
#571 [2026-09-13T12:56:06.896Z] (292396ms) POLL_RAW {"success":true,"status":"OK","command":"POLL","info":{}}
#572 [2026-09-13T12:56:07.056Z] (292556ms) POLL_RAW {"success":true,"status":"OK","command":"POLL","info":{}}
#573 [2026-09-13T12:56:07.216Z] (292716ms) POLL_RAW {"success":true,"status":"OK","command":"POLL","info":{}}
#574 [2026-09-13T12:56:07.375Z] (292875ms) POLL_RAW {"success":true,"status":"OK","command":"POLL","info":{}}
#575 [2026-09-13T12:56:07.535Z] (293035ms) POLL_RAW {"success":true,"status":"OK","command":"POLL","info":{}}
#576 [2026-09-13T12:56:07.695Z] (293195ms) POLL_RAW {"success":true,"status":"OK","command":"POLL","info":{}}
#577 [2026-09-13T12:56:07.855Z] (293355ms) POLL_RAW {"success":true,"status":"OK","command":"POLL","info":{}}
#578 [2026-09-13T12:56:08.015Z] (293515ms) POLL_RAW {"success":true,"status":"OK","command":"POLL","info":{}}
#579 [2026-09-13T12:56:08.175Z] (293675ms) POLL_RAW {"success":true,"status":"OK","command":"POLL","info":{}}
#580 [2026-09-13T12:56:08.335Z] (293835ms) POLL_RAW {"success":true,"status":"OK","command":"POLL","info":{}}
#581 [2026-09-13T12:56:08.495Z] (293995ms) POLL_RAW {"success":true,"status":"OK","command":"POLL","info":{}}
#582 [2026-09-13T12:56:08.655Z] (294155ms) POLL_RAW {"success":true,"status":"OK","command":"POLL","info":{}}
#583 [2026-09-13T12:56:08.815Z] (294315ms) POLL_RAW {"success":true,"status":"OK","command":"POLL","info":{}}
#584 [2026-09-13T12:56:08.975Z] (294475ms) POLL_RAW {"success":true,"status":"OK","command":"POLL","info":{}}
#585 [2026-09-13T12:56:09.135Z] (294635ms) POLL_RAW {"success":true,"status":"OK","command":"POLL","info":{}}
#586 [2026-09-13T12:56:09.295Z] (294795ms) POLL_RAW {"success":true,"status":"OK","command":"POLL","info":{}}
#587 [2026-09-13T12:56:09.455Z] (294955ms) POLL_RAW {"success":true,"status":"OK","command":"POLL","info":{}}
#588 [2026-09-13T12:56:09.615Z] (295115ms) POLL_RAW {"success":true,"status":"OK","command":"POLL","info":{}}
#589 [2026-09-13T12:56:09.775Z] (295275ms) POLL_RAW {"success":true,"status":"OK","command":"POLL","info":{}}
#590 [2026-09-13T12:56:09.935Z] (295435ms) POLL_RAW {"success":true,"status":"OK","command":"POLL","info":{}}
#591 [2026-09-13T12:56:10.095Z] (295595ms) POLL_RAW {"success":true,"status":"OK","command":"POLL","info":{}}
#592 [2026-09-13T12:56:10.254Z] (295754ms) POLL_RAW {"success":true,"status":"OK","command":"POLL","info":{}}
#593 [2026-09-13T12:56:10.414Z] (295914ms) POLL_RAW {"success":true,"status":"OK","command":"POLL","info":{}}
#594 [2026-09-13T12:56:10.574Z] (296074ms) POLL_RAW {"success":true,"status":"OK","command":"POLL","info":{}}
#595 [2026-09-13T12:56:10.734Z] (296234ms) POLL_RAW {"success":true,"status":"OK","command":"POLL","info":{}}
#596 [2026-09-13T12:56:10.894Z] (296394ms) POLL_RAW {"success":true,"status":"OK","command":"POLL","info":{}}
#597 [2026-09-13T12:56:11.054Z] (296554ms) POLL_RAW {"success":true,"status":"OK","command":"POLL","info":{}}
#598 [2026-09-13T12:56:11.214Z] (296714ms) POLL_RAW {"success":true,"status":"OK","command":"POLL","info":{}}
#599 [2026-09-13T12:56:11.374Z] (296874ms) POLL_RAW {"success":true,"status":"OK","command":"POLL","info":{}}
#600 [2026-09-13T12:56:11.534Z] (297034ms) POLL_RAW {"success":true,"status":"OK","command":"POLL","info":{}}
#601 [2026-09-13T12:56:11.694Z] (297194ms) POLL_RAW {"success":true,"status":"OK","command":"POLL","info":{}}
#602 [2026-09-13T12:56:11.854Z] (297354ms) POLL_RAW {"success":true,"status":"OK","command":"POLL","info":{}}
#603 [2026-09-13T12:56:12.014Z] (297514ms) POLL_RAW {"success":true,"status":"OK","command":"POLL","info":{}}
#604 [2026-09-13T12:56:12.174Z] (297674ms) POLL_RAW {"success":true,"status":"OK","command":"POLL","info":{}}
#605 [2026-09-13T12:56:12.334Z] (297834ms) POLL_RAW {"success":true,"status":"OK","command":"POLL","info":{}}
#606 [2026-09-13T12:56:12.494Z] (297994ms) POLL_RAW {"success":true,"status":"OK","command":"POLL","info":{}}
#607 [2026-09-13T12:56:12.654Z] (298155ms) POLL_RAW {"success":true,"status":"OK","command":"POLL","info":{}}
#608 [2026-09-13T12:56:12.814Z] (298314ms) POLL_RAW {"success":true,"status":"OK","command":"POLL","info":{}}
#609 [2026-09-13T12:56:12.974Z] (298474ms) POLL_RAW {"success":true,"status":"OK","command":"POLL","info":{}}
#610 [2026-09-13T12:56:13.134Z] (298635ms) POLL_RAW {"success":true,"status":"OK","command":"POLL","info":{}}
#611 [2026-09-13T12:56:13.294Z] (298795ms) POLL_RAW {"success":true,"status":"OK","command":"POLL","info":{}}
#612 [2026-09-13T12:56:13.454Z] (298954ms) POLL_RAW {"success":true,"status":"OK","command":"POLL","info":{}}
#613 [2026-09-13T12:56:13.614Z] (299115ms) POLL_RAW {"success":true,"status":"OK","command":"POLL","info":{}}
#614 [2026-09-13T12:56:13.773Z] (299273ms) POLL_RAW {"success":true,"status":"OK","command":"POLL","info":{}}
#615 [2026-09-13T12:56:13.933Z] (299433ms) POLL_RAW {"success":true,"status":"OK","command":"POLL","info":{}}
#616 [2026-09-13T12:56:14.093Z] (299594ms) POLL_RAW {"success":true,"status":"OK","command":"POLL","info":{}}
#617 [2026-09-13T12:56:14.253Z] (299753ms) POLL_RAW {"success":true,"status":"OK","command":"POLL","info":{}}
#618 [2026-09-13T12:56:14.413Z] (299914ms) POLL_RAW {"success":true,"status":"OK","command":"POLL","info":{}}
#619 [2026-09-13T12:56:14.573Z] (300074ms) POLL_RAW {"success":true,"status":"OK","command":"POLL","info":{}}
#620 [2026-09-13T12:56:14.733Z] (300234ms) POLL_RAW {"success":true,"status":"OK","command":"POLL","info":{}}
#621 [2026-09-13T12:56:14.893Z] (300394ms) POLL_RAW {"success":true,"status":"OK","command":"POLL","info":{}}
#622 [2026-09-13T12:56:15.053Z] (300554ms) POLL_RAW {"success":true,"status":"OK","command":"POLL","info":{}}
#623 [2026-09-13T12:56:15.216Z] (300717ms) POLL_RAW {"success":true,"status":"OK","command":"POLL","info":{}}
#624 [2026-09-13T12:56:15.373Z] (300874ms) POLL_RAW {"success":true,"status":"OK","command":"POLL","info":{}}
#625 [2026-09-13T12:56:15.533Z] (301034ms) POLL_RAW {"success":true,"status":"OK","command":"POLL","info":{}}
#626 [2026-09-13T12:56:15.693Z] (301194ms) POLL_RAW {"success":true,"status":"OK","command":"POLL","info":{}}
#627 [2026-09-13T12:56:15.853Z] (301354ms) POLL_RAW {"success":true,"status":"OK","command":"POLL","info":{}}
#628 [2026-09-13T12:56:16.013Z] (301514ms) POLL_RAW {"success":true,"status":"OK","command":"POLL","info":{}}
#629 [2026-09-13T12:56:16.177Z] (301677ms) POLL_RAW {"success":true,"status":"OK","command":"POLL","info":{}}
#630 [2026-09-13T12:56:16.334Z] (301835ms) POLL_RAW {"success":true,"status":"OK","command":"POLL","info":{}}
#631 [2026-09-13T12:56:16.494Z] (301994ms) POLL_RAW {"success":true,"status":"OK","command":"POLL","info":{}}
#632 [2026-09-13T12:56:16.653Z] (302154ms) POLL_RAW {"success":true,"status":"OK","command":"POLL","info":{}}
#633 [2026-09-13T12:56:16.813Z] (302314ms) POLL_RAW {"success":true,"status":"OK","command":"POLL","info":{}}
#634 [2026-09-13T12:56:16.973Z] (302474ms) POLL_RAW {"success":true,"status":"OK","command":"POLL","info":{}}
#635 [2026-09-13T12:56:17.133Z] (302633ms) POLL_RAW {"success":true,"status":"OK","command":"POLL","info":{}}
#636 [2026-09-13T12:56:17.294Z] (302794ms) POLL_RAW {"success":true,"status":"OK","command":"POLL","info":{}}
#637 [2026-09-13T12:56:17.454Z] (302954ms) POLL_RAW {"success":true,"status":"OK","command":"POLL","info":{}}
#638 [2026-09-13T12:56:17.614Z] (303114ms) POLL_RAW {"success":true,"status":"OK","command":"POLL","info":{}}
#639 [2026-09-13T12:56:17.774Z] (303274ms) POLL_RAW {"success":true,"status":"OK","command":"POLL","info":{}}
#640 [2026-09-13T12:56:17.934Z] (303434ms) POLL_RAW {"success":true,"status":"OK","command":"POLL","info":{}}
#641 [2026-09-13T12:56:18.093Z] (303594ms) POLL_RAW {"success":true,"status":"OK","command":"POLL","info":{}}
#642 [2026-09-13T12:56:18.253Z] (303753ms) POLL_RAW {"success":true,"status":"OK","command":"POLL","info":{}}
#643 [2026-09-13T12:56:18.413Z] (303913ms) POLL_RAW {"success":true,"status":"OK","command":"POLL","info":{}}
#644 [2026-09-13T12:56:18.573Z] (304073ms) POLL_RAW {"success":true,"status":"OK","command":"POLL","info":{}}
#645 [2026-09-13T12:56:18.733Z] (304233ms) POLL_RAW {"success":true,"status":"OK","command":"POLL","info":{}}
#646 [2026-09-13T12:56:18.893Z] (304393ms) POLL_RAW {"success":true,"status":"OK","command":"POLL","info":{}}
#647 [2026-09-13T12:56:19.053Z] (304553ms) POLL_RAW {"success":true,"status":"OK","command":"POLL","info":{}}
#648 [2026-09-13T12:56:19.213Z] (304713ms) POLL_RAW {"success":true,"status":"OK","command":"POLL","info":{}}
#649 [2026-09-13T12:56:19.373Z] (304873ms) POLL_RAW {"success":true,"status":"OK","command":"POLL","info":{}}
#650 [2026-09-13T12:56:19.533Z] (305033ms) POLL_RAW {"success":true,"status":"OK","command":"POLL","info":{}}
#651 [2026-09-13T12:56:19.692Z] (305192ms) POLL_RAW {"success":true,"status":"OK","command":"POLL","info":{}}
#652 [2026-09-13T12:56:19.852Z] (305352ms) POLL_RAW {"success":true,"status":"OK","command":"POLL","info":{}}
#653 [2026-09-13T12:56:20.012Z] (305512ms) POLL_RAW {"success":true,"status":"OK","command":"POLL","info":{}}
#654 [2026-09-13T12:56:20.172Z] (305672ms) POLL_RAW {"success":true,"status":"OK","command":"POLL","info":{}}
#655 [2026-09-13T12:56:20.332Z] (305832ms) POLL_RAW {"success":true,"status":"OK","command":"POLL","info":{}}
#656 [2026-09-13T12:56:20.492Z] (305992ms) POLL_RAW {"success":true,"status":"OK","command":"POLL","info":{}}
#657 [2026-09-13T12:56:20.652Z] (306152ms) POLL_RAW {"success":true,"status":"OK","command":"POLL","info":{}}
#658 [2026-09-13T12:56:20.812Z] (306312ms) POLL_RAW {"success":true,"status":"OK","command":"POLL","info":{}}
#659 [2026-09-13T12:56:20.972Z] (306472ms) POLL_RAW {"success":true,"status":"OK","command":"POLL","info":{}}
#660 [2026-09-13T12:56:21.132Z] (306632ms) POLL_RAW {"success":true,"status":"OK","command":"POLL","info":{}}
#661 [2026-09-13T12:56:21.292Z] (306792ms) POLL_RAW {"success":true,"status":"OK","command":"POLL","info":{}}
#662 [2026-09-13T12:56:21.452Z] (306952ms) POLL_RAW {"success":true,"status":"OK","command":"POLL","info":{}}
#663 [2026-09-13T12:56:21.612Z] (307112ms) POLL_RAW {"success":true,"status":"OK","command":"POLL","info":{}}
#664 [2026-09-13T12:56:21.772Z] (307272ms) POLL_RAW {"success":true,"status":"OK","command":"POLL","info":{}}
#665 [2026-09-13T12:56:21.932Z] (307432ms) POLL_RAW {"success":true,"status":"OK","command":"POLL","info":{}}
#666 [2026-09-13T12:56:22.092Z] (307592ms) POLL_RAW {"success":true,"status":"OK","command":"POLL","info":{}}
#667 [2026-09-13T12:56:22.252Z] (307752ms) POLL_RAW {"success":true,"status":"OK","command":"POLL","info":{}}
#668 [2026-09-13T12:56:22.412Z] (307912ms) POLL_RAW {"success":true,"status":"OK","command":"POLL","info":{}}
#669 [2026-09-13T12:56:22.572Z] (308072ms) POLL_RAW {"success":true,"status":"OK","command":"POLL","info":{}}
#670 [2026-09-13T12:56:22.731Z] (308231ms) POLL_RAW {"success":true,"status":"OK","command":"POLL","info":{}}
#671 [2026-09-13T12:56:22.891Z] (308391ms) POLL_RAW {"success":true,"status":"OK","command":"POLL","info":{}}
#672 [2026-09-13T12:56:23.051Z] (308551ms) POLL_RAW {"success":true,"status":"OK","command":"POLL","info":{}}
#673 [2026-09-13T12:56:23.211Z] (308711ms) POLL_RAW {"success":true,"status":"OK","command":"POLL","info":{}}
#674 [2026-09-13T12:56:23.371Z] (308871ms) POLL_RAW {"success":true,"status":"OK","command":"POLL","info":{}}
#675 [2026-09-13T12:56:23.531Z] (309031ms) POLL_RAW {"success":true,"status":"OK","command":"POLL","info":{}}
#676 [2026-09-13T12:56:23.691Z] (309191ms) POLL_RAW {"success":true,"status":"OK","command":"POLL","info":{}}
#677 [2026-09-13T12:56:23.851Z] (309351ms) POLL_RAW {"success":true,"status":"OK","command":"POLL","info":{}}
#678 [2026-09-13T12:56:24.011Z] (309511ms) POLL_RAW {"success":true,"status":"OK","command":"POLL","info":{}}
#679 [2026-09-13T12:56:24.171Z] (309671ms) POLL_RAW {"success":true,"status":"OK","command":"POLL","info":{}}
#680 [2026-09-13T12:56:24.331Z] (309831ms) POLL_RAW {"success":true,"status":"OK","command":"POLL","info":{}}
#681 [2026-09-13T12:56:24.491Z] (309991ms) POLL_RAW {"success":true,"status":"OK","command":"POLL","info":{}}
#682 [2026-09-13T12:56:24.651Z] (310151ms) POLL_RAW {"success":true,"status":"OK","command":"POLL","info":{}}
#683 [2026-09-13T12:56:24.811Z] (310311ms) POLL_RAW {"success":true,"status":"OK","command":"POLL","info":{}}
#684 [2026-09-13T12:56:24.971Z] (310471ms) POLL_RAW {"success":true,"status":"OK","command":"POLL","info":{}}
#685 [2026-09-13T12:56:25.131Z] (310631ms) POLL_RAW {"success":true,"status":"OK","command":"POLL","info":{}}
#686 [2026-09-13T12:56:25.291Z] (310791ms) POLL_RAW {"success":true,"status":"OK","command":"POLL","info":{}}
#687 [2026-09-13T12:56:25.451Z] (310951ms) POLL_RAW {"success":true,"status":"OK","command":"POLL","info":{}}
#688 [2026-09-13T12:56:25.611Z] (311112ms) POLL_RAW {"success":true,"status":"OK","command":"POLL","info":{}}
#689 [2026-09-13T12:56:25.771Z] (311271ms) POLL_RAW {"success":true,"status":"OK","command":"POLL","info":{}}
#690 [2026-09-13T12:56:25.930Z] (311430ms) POLL_RAW {"success":true,"status":"OK","command":"POLL","info":{}}
#691 [2026-09-13T12:56:26.090Z] (311590ms) POLL_RAW {"success":true,"status":"OK","command":"POLL","info":{}}
#692 [2026-09-13T12:56:26.250Z] (311750ms) POLL_RAW {"success":true,"status":"OK","command":"POLL","info":{}}
#693 [2026-09-13T12:56:26.410Z] (311910ms) POLL_RAW {"success":true,"status":"OK","command":"POLL","info":{}}
#694 [2026-09-13T12:56:26.570Z] (312070ms) POLL_RAW {"success":true,"status":"OK","command":"POLL","info":{}}
#695 [2026-09-13T12:56:26.730Z] (312230ms) POLL_RAW {"success":true,"status":"OK","command":"POLL","info":{}}
#696 [2026-09-13T12:56:26.890Z] (312390ms) POLL_RAW {"success":true,"status":"OK","command":"POLL","info":{}}
#697 [2026-09-13T12:56:27.050Z] (312551ms) POLL_RAW {"success":true,"status":"OK","command":"POLL","info":{}}
#698 [2026-09-13T12:56:27.210Z] (312710ms) POLL_RAW {"success":true,"status":"OK","command":"POLL","info":{}}
#699 [2026-09-13T12:56:27.370Z] (312870ms) POLL_RAW {"success":true,"status":"OK","command":"POLL","info":{}}
#700 [2026-09-13T12:56:27.530Z] (313030ms) POLL_RAW {"success":true,"status":"OK","command":"POLL","info":{}}
#701 [2026-09-13T12:56:27.690Z] (313190ms) POLL_RAW {"success":true,"status":"OK","command":"POLL","info":{}}
#702 [2026-09-13T12:56:27.850Z] (313350ms) POLL_RAW {"success":true,"status":"OK","command":"POLL","info":{}}
#703 [2026-09-13T12:56:28.010Z] (313510ms) POLL_RAW {"success":true,"status":"OK","command":"POLL","info":{}}
#704 [2026-09-13T12:56:28.170Z] (313670ms) POLL_RAW {"success":true,"status":"OK","command":"POLL","info":{}}
#705 [2026-09-13T12:56:28.330Z] (313830ms) POLL_RAW {"success":true,"status":"OK","command":"POLL","info":{}}
#706 [2026-09-13T12:56:28.490Z] (313990ms) POLL_RAW {"success":true,"status":"OK","command":"POLL","info":{}}
#707 [2026-09-13T12:56:28.650Z] (314150ms) POLL_RAW {"success":true,"status":"OK","command":"POLL","info":{}}
#708 [2026-09-13T12:56:28.810Z] (314310ms) POLL_RAW {"success":true,"status":"OK","command":"POLL","info":{}}
#709 [2026-09-13T12:56:28.969Z] (314469ms) POLL_RAW {"success":true,"status":"OK","command":"POLL","info":{}}
#710 [2026-09-13T12:56:29.129Z] (314629ms) POLL_RAW {"success":true,"status":"OK","command":"POLL","info":{}}
#711 [2026-09-13T12:56:29.289Z] (314789ms) POLL_RAW {"success":true,"status":"OK","command":"POLL","info":{}}
#712 [2026-09-13T12:56:29.449Z] (314949ms) POLL_RAW {"success":true,"status":"OK","command":"POLL","info":{}}
#713 [2026-09-13T12:56:29.609Z] (315109ms) POLL_RAW {"success":true,"status":"OK","command":"POLL","info":{}}
#714 [2026-09-13T12:56:29.769Z] (315269ms) POLL_RAW {"success":true,"status":"OK","command":"POLL","info":{}}
#715 [2026-09-13T12:56:29.932Z] (315432ms) POLL_RAW {"success":true,"status":"OK","command":"POLL","info":{}}
#716 [2026-09-13T12:56:30.089Z] (315589ms) POLL_RAW {"success":true,"status":"OK","command":"POLL","info":{}}
#717 [2026-09-13T12:56:30.249Z] (315749ms) POLL_RAW {"success":true,"status":"OK","command":"POLL","info":{}}
#718 [2026-09-13T12:56:30.409Z] (315909ms) POLL_RAW {"success":true,"status":"OK","command":"POLL","info":{}}
#719 [2026-09-13T12:56:30.569Z] (316069ms) POLL_RAW {"success":true,"status":"OK","command":"POLL","info":{}}
#720 [2026-09-13T12:56:30.729Z] (316230ms) POLL_RAW {"success":true,"status":"OK","command":"POLL","info":{}}
#721 [2026-09-13T12:56:30.889Z] (316390ms) POLL_RAW {"success":true,"status":"OK","command":"POLL","info":{}}
#722 [2026-09-13T12:56:31.049Z] (316549ms) POLL_RAW {"success":true,"status":"OK","command":"POLL","info":{}}
#723 [2026-09-13T12:56:31.209Z] (316710ms) POLL_RAW {"success":true,"status":"OK","command":"POLL","info":{}}
#724 [2026-09-13T12:56:31.369Z] (316869ms) POLL_RAW {"success":true,"status":"OK","command":"POLL","info":{}}
#725 [2026-09-13T12:56:31.529Z] (317030ms) POLL_RAW {"success":true,"status":"OK","command":"POLL","info":{}}
#726 [2026-09-13T12:56:31.689Z] (317190ms) POLL_RAW {"success":true,"status":"OK","command":"POLL","info":{}}
#727 [2026-09-13T12:56:31.849Z] (317350ms) POLL_RAW {"success":true,"status":"OK","command":"POLL","info":{}}
#728 [2026-09-13T12:56:32.009Z] (317510ms) POLL_RAW {"success":true,"status":"OK","command":"POLL","info":{}}
#729 [2026-09-13T12:56:32.168Z] (317669ms) POLL_RAW {"success":true,"status":"OK","command":"POLL","info":{}}
#730 [2026-09-13T12:56:32.328Z] (317828ms) POLL_RAW {"success":true,"status":"OK","command":"POLL","info":{}}
#731 [2026-09-13T12:56:32.488Z] (317988ms) POLL_RAW {"success":true,"status":"OK","command":"POLL","info":{}}
#732 [2026-09-13T12:56:32.648Z] (318149ms) POLL_RAW {"success":true,"status":"OK","command":"POLL","info":{}}
#733 [2026-09-13T12:56:32.808Z] (318309ms) POLL_RAW {"success":true,"status":"OK","command":"POLL","info":{}}
#734 [2026-09-13T12:56:32.968Z] (318469ms) POLL_RAW {"success":true,"status":"OK","command":"POLL","info":{}}
#735 [2026-09-13T12:56:33.128Z] (318629ms) POLL_RAW {"success":true,"status":"OK","command":"POLL","info":{}}
#736 [2026-09-13T12:56:33.288Z] (318789ms) POLL_RAW {"success":true,"status":"OK","command":"POLL","info":{}}
#737 [2026-09-13T12:56:33.448Z] (318949ms) POLL_RAW {"success":true,"status":"OK","command":"POLL","info":{}}
#738 [2026-09-13T12:56:33.608Z] (319109ms) POLL_RAW {"success":true,"status":"OK","command":"POLL","info":{}}
#739 [2026-09-13T12:56:33.768Z] (319269ms) POLL_RAW {"success":true,"status":"OK","command":"POLL","info":{}}
#740 [2026-09-13T12:56:33.928Z] (319429ms) POLL_RAW {"success":true,"status":"OK","command":"POLL","info":{}}
#741 [2026-09-13T12:56:34.088Z] (319589ms) POLL_RAW {"success":true,"status":"OK","command":"POLL","info":{}}
#742 [2026-09-13T12:56:34.248Z] (319749ms) POLL_RAW {"success":true,"status":"OK","command":"POLL","info":{}}
#743 [2026-09-13T12:56:34.408Z] (319909ms) POLL_RAW {"success":true,"status":"OK","command":"POLL","info":{}}
#744 [2026-09-13T12:56:34.568Z] (320069ms) POLL_RAW {"success":true,"status":"OK","command":"POLL","info":{}}
#745 [2026-09-13T12:56:34.728Z] (320229ms) POLL_RAW {"success":true,"status":"OK","command":"POLL","info":{}}
#746 [2026-09-13T12:56:34.888Z] (320388ms) POLL_RAW {"success":true,"status":"OK","command":"POLL","info":{}}
#747 [2026-09-13T12:56:35.048Z] (320549ms) POLL_RAW {"success":true,"status":"OK","command":"POLL","info":{}}
#748 [2026-09-13T12:56:35.209Z] (320709ms) POLL_RAW {"success":true,"status":"OK","command":"POLL","info":{}}
#749 [2026-09-13T12:56:35.368Z] (320869ms) POLL_RAW {"success":true,"status":"OK","command":"POLL","info":{}}
#750 [2026-09-13T12:56:35.528Z] (321029ms) POLL_RAW {"success":true,"status":"OK","command":"POLL","info":{}}
#751 [2026-09-13T12:56:35.689Z] (321189ms) POLL_RAW {"success":true,"status":"OK","command":"POLL","info":{}}
#752 [2026-09-13T12:56:35.847Z] (321348ms) POLL_RAW {"success":true,"status":"OK","command":"POLL","info":{}}
#753 [2026-09-13T12:56:36.008Z] (321508ms) POLL_RAW {"success":true,"status":"OK","command":"POLL","info":{}}
#754 [2026-09-13T12:56:36.168Z] (321668ms) POLL_RAW {"success":true,"status":"OK","command":"POLL","info":{}}
#755 [2026-09-13T12:56:36.329Z] (321829ms) POLL_RAW {"success":true,"status":"OK","command":"POLL","info":{}}
#756 [2026-09-13T12:56:36.488Z] (321988ms) POLL_RAW {"success":true,"status":"OK","command":"POLL","info":{}}
#757 [2026-09-13T12:56:36.648Z] (322148ms) POLL_RAW {"success":true,"status":"OK","command":"POLL","info":{}}
#758 [2026-09-13T12:56:36.808Z] (322308ms) POLL_RAW {"success":true,"status":"OK","command":"POLL","info":{}}
#759 [2026-09-13T12:56:36.968Z] (322469ms) POLL_RAW {"success":true,"status":"OK","command":"POLL","info":{}}
#760 [2026-09-13T12:56:37.128Z] (322628ms) POLL_RAW {"success":true,"status":"OK","command":"POLL","info":{}}
#761 [2026-09-13T12:56:37.289Z] (322789ms) POLL_RAW {"success":true,"status":"OK","command":"POLL","info":{}}
#762 [2026-09-13T12:56:37.449Z] (322949ms) POLL_RAW {"success":true,"status":"OK","command":"POLL","info":{}}
#763 [2026-09-13T12:56:37.608Z] (323108ms) POLL_RAW {"success":true,"status":"OK","command":"POLL","info":{}}
#764 [2026-09-13T12:56:37.769Z] (323269ms) POLL_RAW {"success":true,"status":"OK","command":"POLL","info":{}}
#765 [2026-09-13T12:56:37.928Z] (323428ms) POLL_RAW {"success":true,"status":"OK","command":"POLL","info":{}}
#766 [2026-09-13T12:56:38.089Z] (323589ms) POLL_RAW {"success":true,"status":"OK","command":"POLL","info":{}}
#767 [2026-09-13T12:56:38.247Z] (323747ms) POLL_RAW {"success":true,"status":"OK","command":"POLL","info":{}}
#768 [2026-09-13T12:56:38.407Z] (323907ms) POLL_RAW {"success":true,"status":"OK","command":"POLL","info":{}}
#769 [2026-09-13T12:56:38.567Z] (324067ms) POLL_RAW {"success":true,"status":"OK","command":"POLL","info":{}}
#770 [2026-09-13T12:56:38.727Z] (324227ms) POLL_RAW {"success":true,"status":"OK","command":"POLL","info":{}}
#771 [2026-09-13T12:56:38.887Z] (324387ms) POLL_RAW {"success":true,"status":"OK","command":"POLL","info":{}}
#772 [2026-09-13T12:56:39.047Z] (324547ms) POLL_RAW {"success":true,"status":"OK","command":"POLL","info":{}}
#773 [2026-09-13T12:56:39.207Z] (324707ms) POLL_RAW {"success":true,"status":"OK","command":"POLL","info":{}}
#774 [2026-09-13T12:56:39.367Z] (324867ms) POLL_RAW {"success":true,"status":"OK","command":"POLL","info":{}}
#775 [2026-09-13T12:56:39.527Z] (325027ms) POLL_RAW {"success":true,"status":"OK","command":"POLL","info":{}}
#776 [2026-09-13T12:56:39.687Z] (325187ms) POLL_RAW {"success":true,"status":"OK","command":"POLL","info":{}}
#777 [2026-09-13T12:56:39.847Z] (325347ms) POLL_RAW {"success":true,"status":"OK","command":"POLL","info":{}}
#778 [2026-09-13T12:56:40.007Z] (325507ms) POLL_RAW {"success":true,"status":"OK","command":"POLL","info":{}}
#779 [2026-09-13T12:56:40.167Z] (325668ms) POLL_RAW {"success":true,"status":"OK","command":"POLL","info":{}}
#780 [2026-09-13T12:56:40.327Z] (325827ms) POLL_RAW {"success":true,"status":"OK","command":"POLL","info":{}}
#781 [2026-09-13T12:56:40.487Z] (325987ms) POLL_RAW {"success":true,"status":"OK","command":"POLL","info":{}}
#782 [2026-09-13T12:56:40.647Z] (326147ms) POLL_RAW {"success":true,"status":"OK","command":"POLL","info":{}}
#783 [2026-09-13T12:56:40.807Z] (326307ms) POLL_RAW {"success":true,"status":"OK","command":"POLL","info":{}}
#784 [2026-09-13T12:56:40.967Z] (326467ms) POLL_RAW {"success":true,"status":"OK","command":"POLL","info":{}}
#785 [2026-09-13T12:56:41.127Z] (326627ms) POLL_RAW {"success":true,"status":"OK","command":"POLL","info":{}}
#786 [2026-09-13T12:56:41.286Z] (326786ms) POLL_RAW {"success":true,"status":"OK","command":"POLL","info":{}}
#787 [2026-09-13T12:56:41.446Z] (326946ms) POLL_RAW {"success":true,"status":"OK","command":"POLL","info":{}}
#788 [2026-09-13T12:56:41.606Z] (327106ms) POLL_RAW {"success":true,"status":"OK","command":"POLL","info":{}}
#789 [2026-09-13T12:56:41.766Z] (327266ms) POLL_RAW {"success":true,"status":"OK","command":"POLL","info":{}}
#790 [2026-09-13T12:56:41.926Z] (327426ms) POLL_RAW {"success":true,"status":"OK","command":"POLL","info":{}}
#791 [2026-09-13T12:56:42.086Z] (327586ms) POLL_RAW {"success":true,"status":"OK","command":"POLL","info":{}}
#792 [2026-09-13T12:56:42.246Z] (327746ms) POLL_RAW {"success":true,"status":"OK","command":"POLL","info":{}}
#793 [2026-09-13T12:56:42.406Z] (327906ms) POLL_RAW {"success":true,"status":"OK","command":"POLL","info":{}}
#794 [2026-09-13T12:56:42.566Z] (328066ms) POLL_RAW {"success":true,"status":"OK","command":"POLL","info":{}}
#795 [2026-09-13T12:56:42.729Z] (328229ms) POLL_RAW {"success":true,"status":"OK","command":"POLL","info":{}}
#796 [2026-09-13T12:56:42.886Z] (328386ms) POLL_RAW {"success":true,"status":"OK","command":"POLL","info":{}}
#797 [2026-09-13T12:56:43.046Z] (328546ms) POLL_RAW {"success":true,"status":"OK","command":"POLL","info":{}}
#798 [2026-09-13T12:56:43.206Z] (328706ms) POLL_RAW {"success":true,"status":"OK","command":"POLL","info":{}}
#799 [2026-09-13T12:56:43.366Z] (328866ms) POLL_RAW {"success":true,"status":"OK","command":"POLL","info":{}}
#800 [2026-09-13T12:56:43.526Z] (329026ms) POLL_RAW {"success":true,"status":"OK","command":"POLL","info":{}}
#801 [2026-09-13T12:56:43.686Z] (329186ms) POLL_RAW {"success":true,"status":"OK","command":"POLL","info":{}}
#802 [2026-09-13T12:56:43.846Z] (329346ms) POLL_RAW {"success":true,"status":"OK","command":"POLL","info":{}}
#803 [2026-09-13T12:56:44.006Z] (329506ms) POLL_RAW {"success":true,"status":"OK","command":"POLL","info":{}}
#804 [2026-09-13T12:56:44.166Z] (329666ms) POLL_RAW {"success":true,"status":"OK","command":"POLL","info":{}}
#805 [2026-09-13T12:56:44.325Z] (329826ms) POLL_RAW {"success":true,"status":"OK","command":"POLL","info":{}}
#806 [2026-09-13T12:56:44.485Z] (329985ms) POLL_RAW {"success":true,"status":"OK","command":"POLL","info":{}}
#807 [2026-09-13T12:56:44.645Z] (330145ms) POLL_RAW {"success":true,"status":"OK","command":"POLL","info":{}}
#808 [2026-09-13T12:56:44.805Z] (330305ms) POLL_RAW {"success":true,"status":"OK","command":"POLL","info":{}}
#809 [2026-09-13T12:56:44.965Z] (330465ms) POLL_RAW {"success":true,"status":"OK","command":"POLL","info":{}}
#810 [2026-09-13T12:56:45.125Z] (330625ms) POLL_RAW {"success":true,"status":"OK","command":"POLL","info":{}}
#811 [2026-09-13T12:56:45.285Z] (330785ms) POLL_RAW {"success":true,"status":"OK","command":"POLL","info":{}}
#812 [2026-09-13T12:56:45.445Z] (330945ms) POLL_RAW {"success":true,"status":"OK","command":"POLL","info":{}}
#813 [2026-09-13T12:56:45.605Z] (331105ms) POLL_RAW {"success":true,"status":"OK","command":"POLL","info":{}}
#814 [2026-09-13T12:56:45.765Z] (331265ms) POLL_RAW {"success":true,"status":"OK","command":"POLL","info":{}}
#815 [2026-09-13T12:56:45.925Z] (331425ms) POLL_RAW {"success":true,"status":"OK","command":"POLL","info":{}}
#816 [2026-09-13T12:56:46.085Z] (331585ms) POLL_RAW {"success":true,"status":"OK","command":"POLL","info":{}}
#817 [2026-09-13T12:56:46.245Z] (331745ms) POLL_RAW {"success":true,"status":"OK","command":"POLL","info":{}}
#818 [2026-09-13T12:56:46.405Z] (331905ms) POLL_RAW {"success":true,"status":"OK","command":"POLL","info":{}}
#819 [2026-09-13T12:56:46.565Z] (332065ms) POLL_RAW {"success":true,"status":"OK","command":"POLL","info":{}}
#820 [2026-09-13T12:56:46.725Z] (332225ms) POLL_RAW {"success":true,"status":"OK","command":"POLL","info":{}}
#821 [2026-09-13T12:56:46.886Z] (332386ms) POLL_RAW {"success":true,"status":"OK","command":"POLL","info":{}}
#822 [2026-09-13T12:56:47.045Z] (332545ms) POLL_RAW {"success":true,"status":"OK","command":"POLL","info":{}}
#823 [2026-09-13T12:56:47.205Z] (332705ms) POLL_RAW {"success":true,"status":"OK","command":"POLL","info":{}}
#824 [2026-09-13T12:56:47.365Z] (332865ms) POLL_RAW {"success":true,"status":"OK","command":"POLL","info":{}}
#825 [2026-09-13T12:56:47.524Z] (333024ms) POLL_RAW {"success":true,"status":"OK","command":"POLL","info":{}}
#826 [2026-09-13T12:56:47.684Z] (333184ms) POLL_RAW {"success":true,"status":"OK","command":"POLL","info":{}}
#827 [2026-09-13T12:56:47.844Z] (333344ms) POLL_RAW {"success":true,"status":"OK","command":"POLL","info":{}}
#828 [2026-09-13T12:56:48.004Z] (333504ms) POLL_RAW {"success":true,"status":"OK","command":"POLL","info":{}}
#829 [2026-09-13T12:56:48.164Z] (333664ms) POLL_RAW {"success":true,"status":"OK","command":"POLL","info":{}}
#830 [2026-09-13T12:56:48.324Z] (333824ms) POLL_RAW {"success":true,"status":"OK","command":"POLL","info":{}}
#831 [2026-09-13T12:56:48.484Z] (333984ms) POLL_RAW {"success":true,"status":"OK","command":"POLL","info":{}}
#832 [2026-09-13T12:56:48.644Z] (334144ms) POLL_RAW {"success":true,"status":"OK","command":"POLL","info":{}}
#833 [2026-09-13T12:56:48.804Z] (334304ms) POLL_RAW {"success":true,"status":"OK","command":"POLL","info":{}}
#834 [2026-09-13T12:56:48.964Z] (334464ms) POLL_RAW {"success":true,"status":"OK","command":"POLL","info":{}}
#835 [2026-09-13T12:56:49.124Z] (334624ms) POLL_RAW {"success":true,"status":"OK","command":"POLL","info":{}}
#836 [2026-09-13T12:56:49.284Z] (334784ms) POLL_RAW {"success":true,"status":"OK","command":"POLL","info":{}}
#837 [2026-09-13T12:56:49.444Z] (334944ms) POLL_RAW {"success":true,"status":"OK","command":"POLL","info":{}}
#838 [2026-09-13T12:56:49.604Z] (335104ms) POLL_RAW {"success":true,"status":"OK","command":"POLL","info":{}}
#839 [2026-09-13T12:56:49.764Z] (335264ms) POLL_RAW {"success":true,"status":"OK","command":"POLL","info":{}}
#840 [2026-09-13T12:56:49.924Z] (335424ms) POLL_RAW {"success":true,"status":"OK","command":"POLL","info":{}}
#841 [2026-09-13T12:56:50.084Z] (335584ms) POLL_RAW {"success":true,"status":"OK","command":"POLL","info":{}}
#842 [2026-09-13T12:56:50.244Z] (335744ms) POLL_RAW {"success":true,"status":"OK","command":"POLL","info":{}}
#843 [2026-09-13T12:56:50.404Z] (335904ms) POLL_RAW {"success":true,"status":"OK","command":"POLL","info":{}}
#844 [2026-09-13T12:56:50.563Z] (336063ms) POLL_RAW {"success":true,"status":"OK","command":"POLL","info":{}}
#845 [2026-09-13T12:56:50.723Z] (336223ms) POLL_RAW {"success":true,"status":"OK","command":"POLL","info":{}}
#846 [2026-09-13T12:56:50.883Z] (336383ms) POLL_RAW {"success":true,"status":"OK","command":"POLL","info":{}}
#847 [2026-09-13T12:56:51.043Z] (336543ms) POLL_RAW {"success":true,"status":"OK","command":"POLL","info":{}}
#848 [2026-09-13T12:56:51.203Z] (336703ms) POLL_RAW {"success":true,"status":"OK","command":"POLL","info":{}}
#849 [2026-09-13T12:56:51.363Z] (336863ms) POLL_RAW {"success":true,"status":"OK","command":"POLL","info":{}}
#850 [2026-09-13T12:56:51.523Z] (337023ms) POLL_RAW {"success":true,"status":"OK","command":"POLL","info":{}}
#851 [2026-09-13T12:56:51.683Z] (337183ms) POLL_RAW {"success":true,"status":"OK","command":"POLL","info":{}}
#852 [2026-09-13T12:56:51.843Z] (337344ms) POLL_RAW {"success":true,"status":"OK","command":"POLL","info":{}}
#853 [2026-09-13T12:56:52.003Z] (337503ms) POLL_RAW {"success":true,"status":"OK","command":"POLL","info":{}}
#854 [2026-09-13T12:56:52.163Z] (337663ms) POLL_RAW {"success":true,"status":"OK","command":"POLL","info":{}}
#855 [2026-09-13T12:56:52.323Z] (337823ms) POLL_RAW {"success":true,"status":"OK","command":"POLL","info":{}}
#856 [2026-09-13T12:56:52.483Z] (337984ms) POLL_RAW {"success":true,"status":"OK","command":"POLL","info":{}}
#857 [2026-09-13T12:56:52.643Z] (338144ms) POLL_RAW {"success":true,"status":"OK","command":"POLL","info":{}}
#858 [2026-09-13T12:56:52.803Z] (338304ms) POLL_RAW {"success":true,"status":"OK","command":"POLL","info":{}}
#859 [2026-09-13T12:56:52.963Z] (338463ms) POLL_RAW {"success":true,"status":"OK","command":"POLL","info":{}}
#860 [2026-09-13T12:56:53.123Z] (338624ms) POLL_RAW {"success":true,"status":"OK","command":"POLL","info":{}}
#861 [2026-09-13T12:56:53.284Z] (338785ms) POLL_RAW {"success":true,"status":"OK","command":"POLL","info":{}}
#862 [2026-09-13T12:56:53.444Z] (338945ms) POLL_RAW {"success":true,"status":"OK","command":"POLL","info":{}}
#863 [2026-09-13T12:56:53.604Z] (339105ms) POLL_RAW {"success":true,"status":"OK","command":"POLL","info":{}}
#864 [2026-09-13T12:56:53.764Z] (339264ms) POLL_RAW {"success":true,"status":"OK","command":"POLL","info":{}}
#865 [2026-09-13T12:56:53.923Z] (339423ms) POLL_RAW {"success":true,"status":"OK","command":"POLL","info":{}}
#866 [2026-09-13T12:56:54.084Z] (339584ms) POLL_RAW {"success":true,"status":"OK","command":"POLL","info":{}}
#867 [2026-09-13T12:56:54.244Z] (339744ms) POLL_RAW {"success":true,"status":"OK","command":"POLL","info":{}}
#868 [2026-09-13T12:56:54.403Z] (339904ms) POLL_RAW {"success":true,"status":"OK","command":"POLL","info":{}}
#869 [2026-09-13T12:56:54.564Z] (340064ms) POLL_RAW {"success":true,"status":"OK","command":"POLL","info":{}}
#870 [2026-09-13T12:56:54.724Z] (340224ms) POLL_RAW {"success":true,"status":"OK","command":"POLL","info":{}}
#871 [2026-09-13T12:56:54.883Z] (340384ms) POLL_RAW {"success":true,"status":"OK","command":"POLL","info":{}}
#872 [2026-09-13T12:56:55.044Z] (340544ms) POLL_RAW {"success":true,"status":"OK","command":"POLL","info":{}}
#873 [2026-09-13T12:56:55.204Z] (340704ms) POLL_RAW {"success":true,"status":"OK","command":"POLL","info":{}}
#874 [2026-09-13T12:56:55.364Z] (340864ms) POLL_RAW {"success":true,"status":"OK","command":"POLL","info":{}}
#875 [2026-09-13T12:56:55.524Z] (341024ms) POLL_RAW {"success":true,"status":"OK","command":"POLL","info":{}}
#876 [2026-09-13T12:56:55.683Z] (341183ms) POLL_RAW {"success":true,"status":"OK","command":"POLL","info":{}}
#877 [2026-09-13T12:56:55.844Z] (341344ms) POLL_RAW {"success":true,"status":"OK","command":"POLL","info":{}}
#878 [2026-09-13T12:56:56.004Z] (341504ms) POLL_RAW {"success":true,"status":"OK","command":"POLL","info":{}}
#879 [2026-09-13T12:56:56.164Z] (341664ms) POLL_RAW {"success":true,"status":"OK","command":"POLL","info":{}}
#880 [2026-09-13T12:56:56.323Z] (341823ms) POLL_RAW {"success":true,"status":"OK","command":"POLL","info":{}}
#881 [2026-09-13T12:56:56.483Z] (341983ms) POLL_RAW {"success":true,"status":"OK","command":"POLL","info":{}}
#882 [2026-09-13T12:56:56.643Z] (342143ms) POLL_RAW {"success":true,"status":"OK","command":"POLL","info":{}}
#883 [2026-09-13T12:56:56.802Z] (342302ms) POLL_RAW {"success":true,"status":"OK","command":"POLL","info":{}}
#884 [2026-09-13T12:56:56.962Z] (342462ms) POLL_RAW {"success":true,"status":"OK","command":"POLL","info":{}}
#885 [2026-09-13T12:56:57.122Z] (342622ms) POLL_RAW {"success":true,"status":"OK","command":"POLL","info":{}}
#886 [2026-09-13T12:56:57.282Z] (342782ms) POLL_RAW {"success":true,"status":"OK","command":"POLL","info":{}}
#887 [2026-09-13T12:56:57.442Z] (342942ms) POLL_RAW {"success":true,"status":"OK","command":"POLL","info":{}}
#888 [2026-09-13T12:56:57.602Z] (343102ms) POLL_RAW {"success":true,"status":"OK","command":"POLL","info":{}}
#889 [2026-09-13T12:56:57.762Z] (343262ms) POLL_RAW {"success":true,"status":"OK","command":"POLL","info":{}}
#890 [2026-09-13T12:56:57.922Z] (343422ms) POLL_RAW {"success":true,"status":"OK","command":"POLL","info":{}}
#891 [2026-09-13T12:56:58.082Z] (343582ms) POLL_RAW {"success":true,"status":"OK","command":"POLL","info":{}}
#892 [2026-09-13T12:56:58.242Z] (343742ms) POLL_RAW {"success":true,"status":"OK","command":"POLL","info":{}}
#893 [2026-09-13T12:56:58.402Z] (343902ms) POLL_RAW {"success":true,"status":"OK","command":"POLL","info":{}}
#894 [2026-09-13T12:56:58.562Z] (344062ms) POLL_RAW {"success":true,"status":"OK","command":"POLL","info":{}}
#895 [2026-09-13T12:56:58.722Z] (344222ms) POLL_RAW {"success":true,"status":"OK","command":"POLL","info":{}}
#896 [2026-09-13T12:56:58.882Z] (344382ms) POLL_RAW {"success":true,"status":"OK","command":"POLL","info":{}}
#897 [2026-09-13T12:56:59.042Z] (344542ms) POLL_RAW {"success":true,"status":"OK","command":"POLL","info":{}}
#898 [2026-09-13T12:56:59.202Z] (344702ms) POLL_RAW {"success":true,"status":"OK","command":"POLL","info":{}}
#899 [2026-09-13T12:56:59.362Z] (344862ms) POLL_RAW {"success":true,"status":"OK","command":"POLL","info":{}}
#900 [2026-09-13T12:56:59.522Z] (345022ms) POLL_RAW {"success":true,"status":"OK","command":"POLL","info":{}}
#901 [2026-09-13T12:56:59.682Z] (345182ms) POLL_RAW {"success":true,"status":"OK","command":"POLL","info":{}}
#902 [2026-09-13T12:56:59.842Z] (345342ms) POLL_RAW {"success":true,"status":"OK","command":"POLL","info":{}}
#903 [2026-09-13T12:57:00.001Z] (345501ms) POLL_RAW {"success":true,"status":"OK","command":"POLL","info":{}}
#904 [2026-09-13T12:57:00.161Z] (345661ms) POLL_RAW {"success":true,"status":"OK","command":"POLL","info":{}}
#905 [2026-09-13T12:57:00.321Z] (345821ms) POLL_RAW {"success":true,"status":"OK","command":"POLL","info":{}}
#906 [2026-09-13T12:57:00.481Z] (345981ms) POLL_RAW {"success":true,"status":"OK","command":"POLL","info":{}}
#907 [2026-09-13T12:57:00.641Z] (346141ms) POLL_RAW {"success":true,"status":"OK","command":"POLL","info":{}}
#908 [2026-09-13T12:57:00.801Z] (346301ms) POLL_RAW {"success":true,"status":"OK","command":"POLL","info":{}}
#909 [2026-09-13T12:57:00.961Z] (346461ms) POLL_RAW {"success":true,"status":"OK","command":"POLL","info":{}}
#910 [2026-09-13T12:57:01.121Z] (346621ms) POLL_RAW {"success":true,"status":"OK","command":"POLL","info":{}}
#911 [2026-09-13T12:57:01.281Z] (346781ms) POLL_RAW {"success":true,"status":"OK","command":"POLL","info":{}}
#912 [2026-09-13T12:57:01.441Z] (346941ms) POLL_RAW {"success":true,"status":"OK","command":"POLL","info":{}}
#913 [2026-09-13T12:57:01.601Z] (347101ms) POLL_RAW {"success":true,"status":"OK","command":"POLL","info":{}}
#914 [2026-09-13T12:57:01.761Z] (347261ms) POLL_RAW {"success":true,"status":"OK","command":"POLL","info":{}}
#915 [2026-09-13T12:57:01.921Z] (347421ms) POLL_RAW {"success":true,"status":"OK","command":"POLL","info":{}}
#916 [2026-09-13T12:57:02.081Z] (347581ms) POLL_RAW {"success":true,"status":"OK","command":"POLL","info":{}}
#917 [2026-09-13T12:57:02.241Z] (347741ms) POLL_RAW {"success":true,"status":"OK","command":"POLL","info":{}}
#918 [2026-09-13T12:57:02.401Z] (347901ms) POLL_RAW {"success":true,"status":"OK","command":"POLL","info":{}}
#919 [2026-09-13T12:57:02.561Z] (348061ms) POLL_RAW {"success":true,"status":"OK","command":"POLL","info":{}}
#920 [2026-09-13T12:57:02.721Z] (348221ms) POLL_RAW {"success":true,"status":"OK","command":"POLL","info":{}}
#921 [2026-09-13T12:57:02.881Z] (348381ms) POLL_RAW {"success":true,"status":"OK","command":"POLL","info":{}}
#922 [2026-09-13T12:57:03.041Z] (348541ms) POLL_RAW {"success":true,"status":"OK","command":"POLL","info":{}}
#923 [2026-09-13T12:57:03.201Z] (348701ms) POLL_RAW {"success":true,"status":"OK","command":"POLL","info":{}}
#924 [2026-09-13T12:57:03.360Z] (348860ms) POLL_RAW {"success":true,"status":"OK","command":"POLL","info":{}}
#925 [2026-09-13T12:57:03.520Z] (349020ms) POLL_RAW {"success":true,"status":"OK","command":"POLL","info":{}}
#926 [2026-09-13T12:57:03.680Z] (349180ms) POLL_RAW {"success":true,"status":"OK","command":"POLL","info":{}}
#927 [2026-09-13T12:57:03.840Z] (349340ms) POLL_RAW {"success":true,"status":"OK","command":"POLL","info":{}}
#928 [2026-09-13T12:57:04.000Z] (349500ms) POLL_RAW {"success":true,"status":"OK","command":"POLL","info":{}}
#929 [2026-09-13T12:57:04.160Z] (349660ms) POLL_RAW {"success":true,"status":"OK","command":"POLL","info":{}}
#930 [2026-09-13T12:57:04.320Z] (349820ms) POLL_RAW {"success":true,"status":"OK","command":"POLL","info":{}}
#931 [2026-09-13T12:57:04.480Z] (349980ms) POLL_RAW {"success":true,"status":"OK","command":"POLL","info":{}}
#932 [2026-09-13T12:57:04.640Z] (350140ms) POLL_RAW {"success":true,"status":"OK","command":"POLL","info":{}}
#933 [2026-09-13T12:57:04.800Z] (350300ms) POLL_RAW {"success":true,"status":"OK","command":"POLL","info":{}}
#934 [2026-09-13T12:57:04.960Z] (350460ms) POLL_RAW {"success":true,"status":"OK","command":"POLL","info":{}}
#935 [2026-09-13T12:57:05.120Z] (350620ms) POLL_RAW {"success":true,"status":"OK","command":"POLL","info":{}}
#936 [2026-09-13T12:57:05.280Z] (350780ms) POLL_RAW {"success":true,"status":"OK","command":"POLL","info":{}}
#937 [2026-09-13T12:57:05.440Z] (350940ms) POLL_RAW {"success":true,"status":"OK","command":"POLL","info":{}}
#938 [2026-09-13T12:57:05.600Z] (351100ms) POLL_RAW {"success":true,"status":"OK","command":"POLL","info":{}}
#939 [2026-09-13T12:57:05.760Z] (351260ms) POLL_RAW {"success":true,"status":"OK","command":"POLL","info":{}}
#940 [2026-09-13T12:57:05.920Z] (351420ms) POLL_RAW {"success":true,"status":"OK","command":"POLL","info":{}}
#941 [2026-09-13T12:57:06.080Z] (351580ms) POLL_RAW {"success":true,"status":"OK","command":"POLL","info":{}}
#942 [2026-09-13T12:57:06.239Z] (351739ms) POLL_RAW {"success":true,"status":"OK","command":"POLL","info":{}}
#943 [2026-09-13T12:57:06.399Z] (351899ms) POLL_RAW {"success":true,"status":"OK","command":"POLL","info":{}}
#944 [2026-09-13T12:57:06.559Z] (352059ms) POLL_RAW {"success":true,"status":"OK","command":"POLL","info":{}}
#945 [2026-09-13T12:57:06.719Z] (352219ms) POLL_RAW {"success":true,"status":"OK","command":"POLL","info":{}}
#946 [2026-09-13T12:57:06.879Z] (352379ms) POLL_RAW {"success":true,"status":"OK","command":"POLL","info":{}}
#947 [2026-09-13T12:57:07.039Z] (352539ms) POLL_RAW {"success":true,"status":"OK","command":"POLL","info":{}}
#948 [2026-09-13T12:57:07.199Z] (352699ms) POLL_RAW {"success":true,"status":"OK","command":"POLL","info":{}}
#949 [2026-09-13T12:57:07.359Z] (352859ms) POLL_RAW {"success":true,"status":"OK","command":"POLL","info":{}}
#950 [2026-09-13T12:57:07.519Z] (353019ms) POLL_RAW {"success":true,"status":"OK","command":"POLL","info":{}}
#951 [2026-09-13T12:57:07.679Z] (353179ms) POLL_RAW {"success":true,"status":"OK","command":"POLL","info":{}}
#952 [2026-09-13T12:57:07.839Z] (353339ms) POLL_RAW {"success":true,"status":"OK","command":"POLL","info":{}}
#953 [2026-09-13T12:57:07.999Z] (353499ms) POLL_RAW {"success":true,"status":"OK","command":"POLL","info":{}}
#954 [2026-09-13T12:57:08.159Z] (353659ms) POLL_RAW {"success":true,"status":"OK","command":"POLL","info":{}}
#955 [2026-09-13T12:57:08.319Z] (353819ms) POLL_RAW {"success":true,"status":"OK","command":"POLL","info":{}}
#956 [2026-09-13T12:57:08.479Z] (353979ms) POLL_RAW {"success":true,"status":"OK","command":"POLL","info":{}}
#957 [2026-09-13T12:57:08.639Z] (354139ms) POLL_RAW {"success":true,"status":"OK","command":"POLL","info":{}}
#958 [2026-09-13T12:57:08.799Z] (354299ms) POLL_RAW {"success":true,"status":"OK","command":"POLL","info":{}}
#959 [2026-09-13T12:57:08.959Z] (354459ms) POLL_RAW {"success":true,"status":"OK","command":"POLL","info":{}}
#960 [2026-09-13T12:57:09.119Z] (354619ms) POLL_RAW {"success":true,"status":"OK","command":"POLL","info":{}}
#961 [2026-09-13T12:57:09.279Z] (354779ms) POLL_RAW {"success":true,"status":"OK","command":"POLL","info":{}}
#962 [2026-09-13T12:57:09.438Z] (354938ms) POLL_RAW {"success":true,"status":"OK","command":"POLL","info":{}}
#963 [2026-09-13T12:57:09.598Z] (355098ms) POLL_RAW {"success":true,"status":"OK","command":"POLL","info":{}}
#964 [2026-09-13T12:57:09.758Z] (355258ms) POLL_RAW {"success":true,"status":"OK","command":"POLL","info":{}}
#965 [2026-09-13T12:57:09.918Z] (355418ms) POLL_RAW {"success":true,"status":"OK","command":"POLL","info":{}}
#966 [2026-09-13T12:57:10.078Z] (355578ms) POLL_RAW {"success":true,"status":"OK","command":"POLL","info":{}}
#967 [2026-09-13T12:57:10.238Z] (355739ms) POLL_RAW {"success":true,"status":"OK","command":"POLL","info":{}}
#968 [2026-09-13T12:57:10.398Z] (355899ms) POLL_RAW {"success":true,"status":"OK","command":"POLL","info":{}}
#969 [2026-09-13T12:57:10.558Z] (356059ms) POLL_RAW {"success":true,"status":"OK","command":"POLL","info":{}}
#970 [2026-09-13T12:57:10.718Z] (356218ms) POLL_RAW {"success":true,"status":"OK","command":"POLL","info":{}}
#971 [2026-09-13T12:57:10.878Z] (356379ms) POLL_RAW {"success":true,"status":"OK","command":"POLL","info":{}}
#972 [2026-09-13T12:57:11.038Z] (356538ms) POLL_RAW {"success":true,"status":"OK","command":"POLL","info":{}}
#973 [2026-09-13T12:57:11.198Z] (356698ms) POLL_RAW {"success":true,"status":"OK","command":"POLL","info":{}}
#974 [2026-09-13T12:57:11.360Z] (356860ms) POLL_RAW {"success":true,"status":"OK","command":"POLL","info":{}}
#975 [2026-09-13T12:57:11.519Z] (357020ms) POLL_RAW {"success":true,"status":"OK","command":"POLL","info":{}}
#976 [2026-09-13T12:57:11.678Z] (357179ms) POLL_RAW {"success":true,"status":"OK","command":"POLL","info":{}}
#977 [2026-09-13T12:57:11.838Z] (357339ms) POLL_RAW {"success":true,"status":"OK","command":"POLL","info":{}}
#978 [2026-09-13T12:57:11.998Z] (357499ms) POLL_RAW {"success":true,"status":"OK","command":"POLL","info":{}}
#979 [2026-09-13T12:57:12.158Z] (357659ms) POLL_RAW {"success":true,"status":"OK","command":"POLL","info":{}}
#980 [2026-09-13T12:57:12.319Z] (357819ms) POLL_RAW {"success":true,"status":"OK","command":"POLL","info":{}}
#981 [2026-09-13T12:57:12.478Z] (357979ms) POLL_RAW {"success":true,"status":"OK","command":"POLL","info":{}}
#982 [2026-09-13T12:57:12.639Z] (358139ms) POLL_RAW {"success":true,"status":"OK","command":"POLL","info":{}}
#983 [2026-09-13T12:57:12.798Z] (358299ms) POLL_RAW {"success":true,"status":"OK","command":"POLL","info":{}}
#984 [2026-09-13T12:57:12.959Z] (358459ms) POLL_RAW {"success":true,"status":"OK","command":"POLL","info":{}}
#985 [2026-09-13T12:57:13.117Z] (358618ms) POLL_RAW {"success":true,"status":"OK","command":"POLL","info":{}}
#986 [2026-09-13T12:57:13.277Z] (358777ms) POLL_RAW {"success":true,"status":"OK","command":"POLL","info":{}}
#987 [2026-09-13T12:57:13.438Z] (358938ms) POLL_RAW {"success":true,"status":"OK","command":"POLL","info":{}}
#988 [2026-09-13T12:57:13.597Z] (359097ms) POLL_RAW {"success":true,"status":"OK","command":"POLL","info":{}}
#989 [2026-09-13T12:57:13.758Z] (359258ms) POLL_RAW {"success":true,"status":"OK","command":"POLL","info":{}}
#990 [2026-09-13T12:57:13.918Z] (359418ms) POLL_RAW {"success":true,"status":"OK","command":"POLL","info":{}}
#991 [2026-09-13T12:57:14.077Z] (359577ms) POLL_RAW {"success":true,"status":"OK","command":"POLL","info":{}}
#992 [2026-09-13T12:57:14.238Z] (359738ms) POLL_RAW {"success":true,"status":"OK","command":"POLL","info":{}}
#993 [2026-09-13T12:57:14.398Z] (359898ms) POLL_RAW {"success":true,"status":"OK","command":"POLL","info":{}}
#994 [2026-09-13T12:57:14.558Z] (360058ms) POLL_RAW {"success":true,"status":"OK","command":"POLL","info":{}}
#995 [2026-09-13T12:57:14.718Z] (360219ms) POLL_RAW {"success":true,"status":"OK","command":"POLL","info":{}}
#996 [2026-09-13T12:57:14.878Z] (360378ms) POLL_RAW {"success":true,"status":"OK","command":"POLL","info":{}}
#997 [2026-09-13T12:57:15.038Z] (360538ms) POLL_RAW {"success":true,"status":"OK","command":"POLL","info":{}}
#998 [2026-09-13T12:57:15.198Z] (360698ms) POLL_RAW {"success":true,"status":"OK","command":"POLL","info":{}}
#999 [2026-09-13T12:57:15.358Z] (360858ms) POLL_RAW {"success":true,"status":"OK","command":"POLL","info":{}}
#1000 [2026-09-13T12:57:15.518Z] (361018ms) POLL_RAW {"success":true,"status":"OK","command":"POLL","info":{}}
#1001 [2026-09-13T12:57:15.677Z] (361177ms) POLL_RAW {"success":true,"status":"OK","command":"POLL","info":{}}
#1002 [2026-09-13T12:57:15.837Z] (361337ms) POLL_RAW {"success":true,"status":"OK","command":"POLL","info":{}}
#1003 [2026-09-13T12:57:15.997Z] (361497ms) POLL_RAW {"success":true,"status":"OK","command":"POLL","info":{}}
#1004 [2026-09-13T12:57:16.157Z] (361657ms) POLL_RAW {"success":true,"status":"OK","command":"POLL","info":{}}
#1005 [2026-09-13T12:57:16.317Z] (361817ms) POLL_RAW {"success":true,"status":"OK","command":"POLL","info":{}}
#1006 [2026-09-13T12:57:16.477Z] (361978ms) POLL_RAW {"success":true,"status":"OK","command":"POLL","info":{}}
#1007 [2026-09-13T12:57:16.637Z] (362137ms) POLL_RAW {"success":true,"status":"OK","command":"POLL","info":{}}
#1008 [2026-09-13T12:57:16.797Z] (362297ms) POLL_RAW {"success":true,"status":"OK","command":"POLL","info":{}}
#1009 [2026-09-13T12:57:16.957Z] (362457ms) POLL_RAW {"success":true,"status":"OK","command":"POLL","info":{}}
#1010 [2026-09-13T12:57:17.117Z] (362617ms) POLL_RAW {"success":true,"status":"OK","command":"POLL","info":{}}
#1011 [2026-09-13T12:57:17.277Z] (362777ms) POLL_RAW {"success":true,"status":"OK","command":"POLL","info":{}}
#1012 [2026-09-13T12:57:17.437Z] (362937ms) POLL_RAW {"success":true,"status":"OK","command":"POLL","info":{}}
#1013 [2026-09-13T12:57:17.597Z] (363097ms) POLL_RAW {"success":true,"status":"OK","command":"POLL","info":{}}
#1014 [2026-09-13T12:57:17.757Z] (363257ms) POLL_RAW {"success":true,"status":"OK","command":"POLL","info":{}}
#1015 [2026-09-13T12:57:17.917Z] (363417ms) POLL_RAW {"success":true,"status":"OK","command":"POLL","info":{}}
#1016 [2026-09-13T12:57:18.077Z] (363577ms) POLL_RAW {"success":true,"status":"OK","command":"POLL","info":{}}
#1017 [2026-09-13T12:57:18.237Z] (363737ms) POLL_RAW {"success":true,"status":"OK","command":"POLL","info":{}}
#1018 [2026-09-13T12:57:18.397Z] (363897ms) POLL_RAW {"success":true,"status":"OK","command":"POLL","info":{}}
#1019 [2026-09-13T12:57:18.556Z] (364056ms) POLL_RAW {"success":true,"status":"OK","command":"POLL","info":{}}
#1020 [2026-09-13T12:57:18.716Z] (364216ms) POLL_RAW {"success":true,"status":"OK","command":"POLL","info":{}}
#1021 [2026-09-13T12:57:18.876Z] (364376ms) POLL_RAW {"success":true,"status":"OK","command":"POLL","info":{}}
#1022 [2026-09-13T12:57:19.036Z] (364536ms) POLL_RAW {"success":true,"status":"OK","command":"POLL","info":{}}
#1023 [2026-09-13T12:57:19.196Z] (364696ms) POLL_RAW {"success":true,"status":"OK","command":"POLL","info":{}}
#1024 [2026-09-13T12:57:19.356Z] (364856ms) POLL_RAW {"success":true,"status":"OK","command":"POLL","info":{}}
#1025 [2026-09-13T12:57:19.516Z] (365016ms) POLL_RAW {"success":true,"status":"OK","command":"POLL","info":{}}
#1026 [2026-09-13T12:57:19.676Z] (365176ms) POLL_RAW {"success":true,"status":"OK","command":"POLL","info":{}}
#1027 [2026-09-13T12:57:19.836Z] (365336ms) POLL_RAW {"success":true,"status":"OK","command":"POLL","info":{}}
#1028 [2026-09-13T12:57:19.996Z] (365496ms) POLL_RAW {"success":true,"status":"OK","command":"POLL","info":{}}
#1029 [2026-09-13T12:57:20.156Z] (365656ms) POLL_RAW {"success":true,"status":"OK","command":"POLL","info":{}}
#1030 [2026-09-13T12:57:20.316Z] (365816ms) POLL_RAW {"success":true,"status":"OK","command":"POLL","info":{}}
#1031 [2026-09-13T12:57:20.476Z] (365976ms) POLL_RAW {"success":true,"status":"OK","command":"POLL","info":{}}
#1032 [2026-09-13T12:57:20.636Z] (366136ms) POLL_RAW {"success":true,"status":"OK","command":"POLL","info":{}}
#1033 [2026-09-13T12:57:20.796Z] (366296ms) POLL_RAW {"success":true,"status":"OK","command":"POLL","info":{}}
#1034 [2026-09-13T12:57:20.956Z] (366456ms) POLL_RAW {"success":true,"status":"OK","command":"POLL","info":{}}
#1035 [2026-09-13T12:57:21.116Z] (366616ms) POLL_RAW {"success":true,"status":"OK","command":"POLL","info":{}}
#1036 [2026-09-13T12:57:21.276Z] (366776ms) POLL_RAW {"success":true,"status":"OK","command":"POLL","info":{}}
#1037 [2026-09-13T12:57:21.436Z] (366936ms) POLL_RAW {"success":true,"status":"OK","command":"POLL","info":{}}
#1038 [2026-09-13T12:57:21.596Z] (367096ms) POLL_RAW {"success":true,"status":"OK","command":"POLL","info":{}}
#1039 [2026-09-13T12:57:21.755Z] (367255ms) POLL_RAW {"success":true,"status":"OK","command":"POLL","info":{}}
#1040 [2026-09-13T12:57:21.915Z] (367415ms) POLL_RAW {"success":true,"status":"OK","command":"POLL","info":{}}
#1041 [2026-09-13T12:57:22.075Z] (367575ms) POLL_RAW {"success":true,"status":"OK","command":"POLL","info":{}}
#1042 [2026-09-13T12:57:22.235Z] (367735ms) POLL_RAW {"success":true,"status":"OK","command":"POLL","info":{}}
#1043 [2026-09-13T12:57:22.395Z] (367895ms) POLL_RAW {"success":true,"status":"OK","command":"POLL","info":{}}
#1044 [2026-09-13T12:57:22.555Z] (368055ms) POLL_RAW {"success":true,"status":"OK","command":"POLL","info":{}}
#1045 [2026-09-13T12:57:22.715Z] (368215ms) POLL_RAW {"success":true,"status":"OK","command":"POLL","info":{}}
#1046 [2026-09-13T12:57:22.875Z] (368375ms) POLL_RAW {"success":true,"status":"OK","command":"POLL","info":{}}
#1047 [2026-09-13T12:57:23.035Z] (368535ms) POLL_RAW {"success":true,"status":"OK","command":"POLL","info":{}}
#1048 [2026-09-13T12:57:23.195Z] (368695ms) POLL_RAW {"success":true,"status":"OK","command":"POLL","info":{}}
#1049 [2026-09-13T12:57:23.355Z] (368855ms) POLL_RAW {"success":true,"status":"OK","command":"POLL","info":{}}
#1050 [2026-09-13T12:57:23.515Z] (369015ms) POLL_RAW {"success":true,"status":"OK","command":"POLL","info":{}}
#1051 [2026-09-13T12:57:23.675Z] (369175ms) POLL_RAW {"success":true,"status":"OK","command":"POLL","info":{}}
#1052 [2026-09-13T12:57:23.835Z] (369335ms) POLL_RAW {"success":true,"status":"OK","command":"POLL","info":{}}
#1053 [2026-09-13T12:57:23.995Z] (369495ms) POLL_RAW {"success":true,"status":"OK","command":"POLL","info":{}}
#1054 [2026-09-13T12:57:24.155Z] (369656ms) POLL_RAW {"success":true,"status":"OK","command":"POLL","info":{}}
#1055 [2026-09-13T12:57:24.315Z] (369815ms) POLL_RAW {"success":true,"status":"OK","command":"POLL","info":{}}
#1056 [2026-09-13T12:57:24.475Z] (369975ms) POLL_RAW {"success":true,"status":"OK","command":"POLL","info":{}}
#1057 [2026-09-13T12:57:24.635Z] (370135ms) POLL_RAW {"success":true,"status":"OK","command":"POLL","info":{}}
#1058 [2026-09-13T12:57:24.795Z] (370295ms) POLL_RAW {"success":true,"status":"OK","command":"POLL","info":{}}
#1059 [2026-09-13T12:57:24.955Z] (370455ms) POLL_RAW {"success":true,"status":"OK","command":"POLL","info":{}}
#1060 [2026-09-13T12:57:25.114Z] (370614ms) POLL_RAW {"success":true,"status":"OK","command":"POLL","info":{}}
#1061 [2026-09-13T12:57:25.274Z] (370774ms) POLL_RAW {"success":true,"status":"OK","command":"POLL","info":{}}
#1062 [2026-09-13T12:57:25.434Z] (370934ms) POLL_RAW {"success":true,"status":"OK","command":"POLL","info":{}}
#1063 [2026-09-13T12:57:25.594Z] (371095ms) POLL_RAW {"success":true,"status":"OK","command":"POLL","info":{}}
#1064 [2026-09-13T12:57:25.754Z] (371254ms) POLL_RAW {"success":true,"status":"OK","command":"POLL","info":{}}
#1065 [2026-09-13T12:57:25.914Z] (371414ms) POLL_RAW {"success":true,"status":"OK","command":"POLL","info":{}}
#1066 [2026-09-13T12:57:26.075Z] (371575ms) POLL_RAW {"success":true,"status":"OK","command":"POLL","info":{}}
#1067 [2026-09-13T12:57:26.234Z] (371735ms) POLL_RAW {"success":true,"status":"OK","command":"POLL","info":{}}
#1068 [2026-09-13T12:57:26.394Z] (371895ms) POLL_RAW {"success":true,"status":"OK","command":"POLL","info":{}}
#1069 [2026-09-13T12:57:26.554Z] (372054ms) POLL_RAW {"success":true,"status":"OK","command":"POLL","info":{}}
#1070 [2026-09-13T12:57:26.714Z] (372214ms) POLL_RAW {"success":true,"status":"OK","command":"POLL","info":{}}
#1071 [2026-09-13T12:57:26.874Z] (372375ms) POLL_RAW {"success":true,"status":"OK","command":"POLL","info":{}}
#1072 [2026-09-13T12:57:27.035Z] (372535ms) POLL_RAW {"success":true,"status":"OK","command":"POLL","info":{}}
#1073 [2026-09-13T12:57:27.194Z] (372695ms) POLL_RAW {"success":true,"status":"OK","command":"POLL","info":{}}
#1074 [2026-09-13T12:57:27.354Z] (372855ms) POLL_RAW {"success":true,"status":"OK","command":"POLL","info":{}}
#1075 [2026-09-13T12:57:27.514Z] (373014ms) POLL_RAW {"success":true,"status":"OK","command":"POLL","info":{}}
#1076 [2026-09-13T12:57:27.675Z] (373175ms) POLL_RAW {"success":true,"status":"OK","command":"POLL","info":{}}
#1077 [2026-09-13T12:57:27.836Z] (373337ms) POLL_RAW {"success":true,"status":"OK","command":"POLL","info":{}}
#1078 [2026-09-13T12:57:27.994Z] (373494ms) POLL_RAW {"success":true,"status":"OK","command":"POLL","info":{}}
#1079 [2026-09-13T12:57:28.154Z] (373655ms) POLL_RAW {"success":true,"status":"OK","command":"POLL","info":{}}
#1080 [2026-09-13T12:57:28.313Z] (373813ms) POLL_RAW {"success":true,"status":"OK","command":"POLL","info":{}}
#1081 [2026-09-13T12:57:28.473Z] (373974ms) POLL_RAW {"success":true,"status":"OK","command":"POLL","info":{}}
#1082 [2026-09-13T12:57:28.633Z] (374134ms) POLL_RAW {"success":true,"status":"OK","command":"POLL","info":{}}
#1083 [2026-09-13T12:57:28.793Z] (374294ms) POLL_RAW {"success":true,"status":"OK","command":"POLL","info":{}}
#1084 [2026-09-13T12:57:28.954Z] (374455ms) POLL_RAW {"success":true,"status":"OK","command":"POLL","info":{}}
#1085 [2026-09-13T12:57:29.114Z] (374615ms) POLL_RAW {"success":true,"status":"OK","command":"POLL","info":{}}
#1086 [2026-09-13T12:57:29.273Z] (374774ms) POLL_RAW {"success":true,"status":"OK","command":"POLL","info":{}}
#1087 [2026-09-13T12:57:29.435Z] (374935ms) POLL_RAW {"success":true,"status":"OK","command":"POLL","info":{}}
#1088 [2026-09-13T12:57:29.594Z] (375094ms) POLL_RAW {"success":true,"status":"OK","command":"POLL","info":{}}
#1089 [2026-09-13T12:57:29.754Z] (375254ms) POLL_RAW {"success":true,"status":"OK","command":"POLL","info":{}}
#1090 [2026-09-13T12:57:29.913Z] (375414ms) POLL_RAW {"success":true,"status":"OK","command":"POLL","info":{}}
#1091 [2026-09-13T12:57:30.074Z] (375575ms) POLL_RAW {"success":true,"status":"OK","command":"POLL","info":{}}
#1092 [2026-09-13T12:57:30.233Z] (375734ms) POLL_RAW {"success":true,"status":"OK","command":"POLL","info":{}}
#1093 [2026-09-13T12:57:30.395Z] (375895ms) POLL_RAW {"success":true,"status":"OK","command":"POLL","info":{}}
#1094 [2026-09-13T12:57:30.554Z] (376054ms) POLL_RAW {"success":true,"status":"OK","command":"POLL","info":{}}
#1095 [2026-09-13T12:57:30.714Z] (376215ms) POLL_RAW {"success":true,"status":"OK","command":"POLL","info":{}}
#1096 [2026-09-13T12:57:30.874Z] (376374ms) POLL_RAW {"success":true,"status":"OK","command":"POLL","info":{}}
#1097 [2026-09-13T12:57:31.033Z] (376534ms) POLL_RAW {"success":true,"status":"OK","command":"POLL","info":{}}
#1098 [2026-09-13T12:57:31.194Z] (376694ms) POLL_RAW {"success":true,"status":"OK","command":"POLL","info":{}}
#1099 [2026-09-13T12:57:31.354Z] (376854ms) POLL_RAW {"success":true,"status":"OK","command":"POLL","info":{}}
#1100 [2026-09-13T12:57:31.514Z] (377014ms) POLL_RAW {"success":true,"status":"OK","command":"POLL","info":{}}
#1101 [2026-09-13T12:57:31.674Z] (377174ms) POLL_RAW {"success":true,"status":"OK","command":"POLL","info":{}}
#1102 [2026-09-13T12:57:31.834Z] (377334ms) POLL_RAW {"success":true,"status":"OK","command":"POLL","info":{}}
#1103 [2026-09-13T12:57:31.993Z] (377493ms) POLL_RAW {"success":true,"status":"OK","command":"POLL","info":{}}
#1104 [2026-09-13T12:57:32.153Z] (377653ms) POLL_RAW {"success":true,"status":"OK","command":"POLL","info":{}}
#1105 [2026-09-13T12:57:32.313Z] (377813ms) POLL_RAW {"success":true,"status":"OK","command":"POLL","info":{}}
#1106 [2026-09-13T12:57:32.473Z] (377973ms) POLL_RAW {"success":true,"status":"OK","command":"POLL","info":{}}
#1107 [2026-09-13T12:57:32.633Z] (378133ms) POLL_RAW {"success":true,"status":"OK","command":"POLL","info":{}}
#1108 [2026-09-13T12:57:32.793Z] (378293ms) POLL_RAW {"success":true,"status":"OK","command":"POLL","info":{}}
#1109 [2026-09-13T12:57:32.953Z] (378453ms) POLL_RAW {"success":true,"status":"OK","command":"POLL","info":{}}
#1110 [2026-09-13T12:57:33.113Z] (378613ms) POLL_RAW {"success":true,"status":"OK","command":"POLL","info":{}}
#1111 [2026-09-13T12:57:33.273Z] (378773ms) POLL_RAW {"success":true,"status":"OK","command":"POLL","info":{}}
#1112 [2026-09-13T12:57:33.433Z] (378933ms) POLL_RAW {"success":true,"status":"OK","command":"POLL","info":{}}
#1113 [2026-09-13T12:57:33.593Z] (379093ms) POLL_RAW {"success":true,"status":"OK","command":"POLL","info":{}}
#1114 [2026-09-13T12:57:33.753Z] (379253ms) POLL_RAW {"success":true,"status":"OK","command":"POLL","info":{}}
#1115 [2026-09-13T12:57:33.913Z] (379413ms) POLL_RAW {"success":true,"status":"OK","command":"POLL","info":{}}
#1116 [2026-09-13T12:57:34.073Z] (379573ms) POLL_RAW {"success":true,"status":"OK","command":"POLL","info":{}}
#1117 [2026-09-13T12:57:34.233Z] (379733ms) POLL_RAW {"success":true,"status":"OK","command":"POLL","info":{}}
#1118 [2026-09-13T12:57:34.393Z] (379893ms) POLL_RAW {"success":true,"status":"OK","command":"POLL","info":{}}
#1119 [2026-09-13T12:57:34.552Z] (380052ms) POLL_RAW {"success":true,"status":"OK","command":"POLL","info":{}}
#1120 [2026-09-13T12:57:34.712Z] (380212ms) POLL_RAW {"success":true,"status":"OK","command":"POLL","info":{}}
#1121 [2026-09-13T12:57:34.872Z] (380372ms) POLL_RAW {"success":true,"status":"OK","command":"POLL","info":{}}
#1122 [2026-09-13T12:57:35.032Z] (380533ms) POLL_RAW {"success":true,"status":"OK","command":"POLL","info":{}}
#1123 [2026-09-13T12:57:35.192Z] (380692ms) POLL_RAW {"success":true,"status":"OK","command":"POLL","info":{}}
#1124 [2026-09-13T12:57:35.352Z] (380852ms) POLL_RAW {"success":true,"status":"OK","command":"POLL","info":{}}
#1125 [2026-09-13T12:57:35.512Z] (381012ms) POLL_RAW {"success":true,"status":"OK","command":"POLL","info":{}}
#1126 [2026-09-13T12:57:35.672Z] (381172ms) POLL_RAW {"success":true,"status":"OK","command":"POLL","info":{}}
#1127 [2026-09-13T12:57:35.832Z] (381332ms) POLL_RAW {"success":true,"status":"OK","command":"POLL","info":{}}
#1128 [2026-09-13T12:57:35.992Z] (381492ms) POLL_RAW {"success":true,"status":"OK","command":"POLL","info":{}}
#1129 [2026-09-13T12:57:36.152Z] (381652ms) POLL_RAW {"success":true,"status":"OK","command":"POLL","info":{}}
#1130 [2026-09-13T12:57:36.312Z] (381812ms) POLL_RAW {"success":true,"status":"OK","command":"POLL","info":{}}
#1131 [2026-09-13T12:57:36.472Z] (381972ms) POLL_RAW {"success":true,"status":"OK","command":"POLL","info":{}}
#1132 [2026-09-13T12:57:36.633Z] (382133ms) POLL_RAW {"success":true,"status":"OK","command":"POLL","info":{}}
#1133 [2026-09-13T12:57:36.792Z] (382292ms) POLL_RAW {"success":true,"status":"OK","command":"POLL","info":{}}
#1134 [2026-09-13T12:57:36.952Z] (382452ms) POLL_RAW {"success":true,"status":"OK","command":"POLL","info":{}}
#1135 [2026-09-13T12:57:37.112Z] (382612ms) POLL_RAW {"success":true,"status":"OK","command":"POLL","info":{}}
#1136 [2026-09-13T12:57:37.272Z] (382772ms) POLL_RAW {"success":true,"status":"OK","command":"POLL","info":{}}
#1137 [2026-09-13T12:57:37.432Z] (382933ms) POLL_RAW {"success":true,"status":"OK","command":"POLL","info":{}}
#1138 [2026-09-13T12:57:37.592Z] (383092ms) POLL_RAW {"success":true,"status":"OK","command":"POLL","info":{}}
#1139 [2026-09-13T12:57:37.752Z] (383252ms) POLL_RAW {"success":true,"status":"OK","command":"POLL","info":{}}
#1140 [2026-09-13T12:57:37.911Z] (383411ms) POLL_RAW {"success":true,"status":"OK","command":"POLL","info":{}}
#1141 [2026-09-13T12:57:38.071Z] (383571ms) POLL_RAW {"success":true,"status":"OK","command":"POLL","info":{}}
#1142 [2026-09-13T12:57:38.232Z] (383733ms) POLL_RAW {"success":true,"status":"OK","command":"POLL","info":{}}
#1143 [2026-09-13T12:57:38.391Z] (383891ms) POLL_RAW {"success":true,"status":"OK","command":"POLL","info":{}}
#1144 [2026-09-13T12:57:38.551Z] (384051ms) POLL_RAW {"success":true,"status":"OK","command":"POLL","info":{}}
#1145 [2026-09-13T12:57:38.711Z] (384212ms) POLL_RAW {"success":true,"status":"OK","command":"POLL","info":{}}
#1146 [2026-09-13T12:57:38.871Z] (384372ms) POLL_RAW {"success":true,"status":"OK","command":"POLL","info":{}}
#1147 [2026-09-13T12:57:39.033Z] (384533ms) POLL_RAW {"success":true,"status":"OK","command":"POLL","info":{}}
#1148 [2026-09-13T12:57:39.192Z] (384693ms) POLL_RAW {"success":true,"status":"OK","command":"POLL","info":{}}
#1149 [2026-09-13T12:57:39.352Z] (384852ms) POLL_RAW {"success":true,"status":"OK","command":"POLL","info":{}}
#1150 [2026-09-13T12:57:39.513Z] (385013ms) POLL_RAW {"success":true,"status":"OK","command":"POLL","info":{}}
#1151 [2026-09-13T12:57:39.673Z] (385173ms) POLL_RAW {"success":true,"status":"OK","command":"POLL","info":{}}
#1152 [2026-09-13T12:57:39.833Z] (385333ms) POLL_RAW {"success":true,"status":"OK","command":"POLL","info":{}}
#1153 [2026-09-13T12:57:40.152Z] (385652ms) POLL_RAW {"success":true,"status":"OK","command":"POLL","info":[{"code":232,"name":"DISABLED","description":"The device is not active and unavailable for normal validation functions."}]}
#1154 [2026-09-13T12:57:40.312Z] (385812ms) POLL_RAW {"success":true,"status":"OK","command":"POLL","info":[{"code":232,"name":"DISABLED","description":"The device is not active and unavailable for normal validation functions."}]}
